fecha,indicativo,nombre,provincia,altitud,tmed,prec,tmin,horatmin,tmax,horatmax,dir,velmedia,racha,horaracha,sol,presMax,horaPresMax,presMin,horaPresMin,hrMedia,hrMax,horaHrMax,hrMin,horaHrMin
2021-01-01,C449C,STA.CRUZ DE TENERIFE,STA. CRUZ DE TENERIFE,36,"18,1",Ip,"16,2",23:40,"20,0",12:30,06,"2,2","7,5",12:40,"1,5","1019,1",10,"1016,2",18,59,76,23:20,47,11:20
2021-01-02,C449C,STA.CRUZ DE TENERIFE,STA. CRUZ DE TENERIFE,36,"17,8","0,0","15,8",07:00,"19,8",12:40,08,"3,1","7,2",15:30,"2,7","1016,9",11,"1013,0",19,65,76,00:50,50,13:20
2021-01-03,C449C,STA.CRUZ DE TENERIFE,STA. CRUZ DE TENERIFE,36,"18,2",Ip,"16,6",23:40,"19,8",14:50,10,"1,1","6,1",01:20,"0,3","1014,8",10,"1010,9",Varias,66,76,23:59,62,05:40
2021-01-04,C449C,STA.CRUZ DE TENERIFE,STA. CRUZ DE TENERIFE,36,"18,2",Ip,"16,6",00:00,"19,7",17:40,20,"2,2","11,7",15:50,"0,0","1011,4",01,"1006,2",18,80,86,23:59,72,Varias
2021-01-05,C449C,STA.CRUZ DE TENERIFE,STA. CRUZ DE TENERIFE,36,"20,9","0,0","18,1",01:20,"23,7",13:40,29,"2,5","10,8",05:10,"7,7","1008,0",10,"1004,6",17,68,88,00:50,59,13:40
2021-01-06,C449C,STA.CRUZ DE TENERIFE,STA. CRUZ DE TENERIFE,36,"21,2",Ip,"18,3",03:30,"24,1",14:00,,,,,,"1005,3",00,"1000,1",14,79,82,08:40,56,13:50
2021-01-07,C449C,STA.CRUZ DE TENERIFE,STA. CRUZ DE TENERIFE,36,"21,8","5,6","18,1",04:00,"25,4",14:50,,,,,"5,8","1002,3",00,"998,4",24,71,86,04:50,56,14:40
2021-01-08,C449C,STA.CRUZ DE TENERIFE,STA. CRUZ DE TENERIFE,36,"17,6","43,9","14,4",20:00,"20,8",00:10,33,"5,0","15,0",05:50,"1,3","1012,7",Varias,"998,0",00,72,84,03:00,60,02:00
2021-01-09,C449C,STA.CRUZ DE TENERIFE,STA. CRUZ DE TENERIFE,36,"15,8","8,9","13,2",04:20,"18,3",14:10,34,"6,1","15,8",17:10,"6,1","1018,9",23,"1012,4",01,58,82,04:10,50,16:00
2021-01-10,C449C,STA.CRUZ DE TENERIFE,STA. CRUZ DE TENERIFE,36,"17,4","4,7","14,5",02:30,"20,4",14:40,32,"4,2","13,9",13:00,"7,4","1020,7",11,"1017,6",06,63,77,06:20,44,14:00
2021-01-11,C449C,STA.CRUZ DE TENERIFE,STA. CRUZ DE TENERIFE,36,"16,6","2,8","14,3",23:59,"19,0",12:40,36,"3,3","10,6",11:40,"4,3","1021,4",24,"1018,5",15,57,83,22:10,42,12:30
2021-01-12,C449C,STA.CRUZ DE TENERIFE,STA. CRUZ DE TENERIFE,36,"17,2","4,2","14,0",00:40,"20,3",13:40,34,"2,5","8,6",04:00,"5,0","1022,6",24,"1019,4",05,65,84,00:30,49,13:00
2021-01-13,C449C,STA.CRUZ DE TENERIFE,STA. CRUZ DE TENERIFE,36,"17,2",Ip,"14,2",05:20,"20,2",14:50,04,"2,5","8,6",17:10,"5,0","1025,1",23,"1021,8",05,64,92,05:30,49,15:50
2021-01-14,C449C,STA.CRUZ DE TENERIFE,STA. CRUZ DE TENERIFE,36,"17,2","0,0","14,6",01:10,"19,9",16:40,08,"2,5","8,1",15:00,"1,5","1025,8",12,"1022,8",16,64,72,06:40,51,16:10
2021-01-15,C449C,STA.CRUZ DE TENERIFE,STA. CRUZ DE TENERIFE,36,"17,9","0,0","16,4",00:00,"19,4",15:20,06,"2,2","10,3",00:20,"0,2","1024,9",11,"1021,5",16,58,69,00:20,47,15:10
2021-01-16,C449C,STA.CRUZ DE TENERIFE,STA. CRUZ DE TENERIFE,36,"19,0","0,0","16,8",03:40,"21,2",13:40,09,"3,1","10,3",14:10,"6,2","1023,1",11,"1020,1",16,59,65,06:50,51,16:00
2021-01-17,C449C,STA.CRUZ DE TENERIFE,STA. CRUZ DE TENERIFE,36,"18,0","0,0","15,3",Varias,"20,6",14:10,06,"2,5","7,5",09:50,"6,2","1023,0",11,"1020,6",05,58,73,23:59,52,12:30
2021-01-18,C449C,STA.CRUZ DE TENERIFE,STA. CRUZ DE TENERIFE,36,"17,2","0,0","14,0",07:10,"20,5",15:50,10,"3,1","6,4",11:40,"9,1","1022,8",23,"1020,4",16,66,75,Varias,57,13:40
2021-01-19,C449C,STA.CRUZ DE TENERIFE,STA. CRUZ DE TENERIFE,36,"17,4","0,0","14,1",04:50,"20,8",14:00,27,"2,5","5,3",Varias,"8,3","1022,4",00,"1019,2",18,69,78,Varias,56,14:00
2021-01-20,C449C,STA.CRUZ DE TENERIFE,STA. CRUZ DE TENERIFE,36,"17,9","0,0","14,4",06:40,"21,4",15:20,27,"2,2","7,2",13:00,"7,5","1020,2",12,"1018,3",Varias,67,81,23:50,56,13:10
2021-01-21,C449C,STA.CRUZ DE TENERIFE,STA. CRUZ DE TENERIFE,36,"19,2","0,0","15,3",08:00,"23,0",15:00,34,"1,9","7,8",23:00,"10,0","1022,1",23,"1019,2",Varias,72,85,05:10,61,13:00
2021-01-22,C449C,STA.CRUZ DE TENERIFE,STA. CRUZ DE TENERIFE,36,"20,2",Ip,"16,6",07:50,"23,7",12:40,06,"2,8","8,6",14:00,"9,8","1022,7",Varias,"1020,4",15,71,91,23:50,57,12:50
2021-01-23,C449C,STA.CRUZ DE TENERIFE,STA. CRUZ DE TENERIFE,36,"19,6","0,0","17,2",23:59,"21,9",14:50,08,"2,8","8,3",16:00,"8,3","1022,5",00,"1018,6",16,76,95,02:00,66,14:40
2021-01-24,C449C,STA.CRUZ DE TENERIFE,STA. CRUZ DE TENERIFE,36,"19,0","0,0","16,2",04:30,"21,8",15:10,06,"1,9","5,0",14:00,"8,8","1020,0",00,"1016,7",18,72,88,20:30,53,07:40
2021-01-25,C449C,STA.CRUZ DE TENERIFE,STA. CRUZ DE TENERIFE,36,"19,0","0,0","16,0",05:40,"22,0",14:30,10,"3,6","8,6",13:50,"9,9","1021,0",23,"1017,2",05,69,75,Varias,60,09:20
2021-01-26,C449C,STA.CRUZ DE TENERIFE,STA. CRUZ DE TENERIFE,36,"18,7","0,0","15,4",04:40,"22,0",15:30,10,"3,9","9,4",14:20,"6,2","1021,9",11,"1018,7",15,71,80,04:10,61,15:00
2021-01-27,C449C,STA.CRUZ DE TENERIFE,STA. CRUZ DE TENERIFE,36,"18,8","0,0","15,9",06:30,"21,8",15:00,26,"2,8","5,6",08:40,"8,3","1019,7",00,"1016,2",16,79,91,21:20,71,13:00
2021-01-28,C449C,STA.CRUZ DE TENERIFE,STA. CRUZ DE TENERIFE,36,"20,0","0,0","15,2",06:50,"24,8",13:50,28,"2,5","4,7",05:50,"10,2","1018,8",11,"1016,4",06,64,91,21:50,40,13:40
2021-01-29,C449C,STA.CRUZ DE TENERIFE,STA. CRUZ DE TENERIFE,36,"19,2","0,0","15,4",05:10,"23,1",12:20,20,"1,4","5,0",10:50,"10,2","1021,1",11,"1017,8",Varias,76,94,03:20,56,11:50
2021-01-30,C449C,STA.CRUZ DE TENERIFE,STA. CRUZ DE TENERIFE,36,"19,1","0,0","15,8",07:30,"22,4",13:10,31,"2,5","10,6",01:30,"10,2","1022,0",Varias,"1019,5",17,68,86,Varias,54,17:30
2021-01-31,C449C,STA.CRUZ DE TENERIFE,STA. CRUZ DE TENERIFE,36,"21,3","0,0","17,0",08:10,"25,6",16:50,05,"1,9","7,5",11:50,"10,0","1022,0",00,"1017,2",18,55,88,Varias,35,17:10
2021-02-01,C449C,STA.CRUZ DE TENERIFE,STA. CRUZ DE TENERIFE,36,"19,8","0,0","17,0",06:30,"22,5",16:30,09,"1,9","6,7",10:40,"10,0","1019,3",00,"1015,7",17,63,75,Varias,55,00:00
2021-02-02,C449C,STA.CRUZ DE TENERIFE,STA. CRUZ DE TENERIFE,36,"18,4","0,0","15,6",08:00,"21,2",14:00,09,"2,8","5,8",11:20,"8,0","1017,6",00,"1014,2",16,75,85,22:10,62,00:00
2021-02-03,C449C,STA.CRUZ DE TENERIFE,STA. CRUZ DE TENERIFE,36,"18,4",Ip,"14,8",07:30,"22,0",15:50,32,"3,1","9,7",20:50,"8,6","1015,9",00,"1011,7",24,69,81,Varias,54,15:50
2021-02-04,C449C,STA.CRUZ DE TENERIFE,STA. CRUZ DE TENERIFE,36,"16,4","10,1","14,0",23:10,"18,9",12:00,30,"3,3","15,6",15:10,"5,0","1011,7",00,"1005,3",Varias,71,84,03:30,53,15:50
2021-02-05,C449C,STA.CRUZ DE TENERIFE,STA. CRUZ DE TENERIFE,36,"14,5","30,8","11,8",05:10,"17,2",14:40,30,"3,1","16,7",00:10,"2,4","1013,1",24,"1004,9",06,79,86,09:50,59,00:00
2021-02-06,C449C,STA.CRUZ DE TENERIFE,STA. CRUZ DE TENERIFE,36,"16,6","1,5","13,4",03:20,"19,8",14:00,29,"3,9","12,5",13:40,"3,4","1017,6",23,"1012,5",05,65,75,06:40,53,13:30
2021-02-07,C449C,STA.CRUZ DE TENERIFE,STA. CRUZ DE TENERIFE,36,"18,4","0,0","14,9",04:50,"22,0",15:20,27,"2,2","8,3",14:20,"8,8","1019,4",11,"1016,7",17,63,74,08:20,50,13:50
2021-02-08,C449C,STA.CRUZ DE TENERIFE,STA. CRUZ DE TENERIFE,36,"18,0","0,0","14,6",05:30,"21,5",14:30,28,"2,2","7,8",23:30,"9,6","1019,2",10,"1015,8",16,68,79,05:40,59,13:00
2021-02-09,C449C,STA.CRUZ DE TENERIFE,STA. CRUZ DE TENERIFE,36,"19,0","0,0","15,6",Varias,"22,3",14:40,27,"2,8","8,1",07:00,"8,4","1018,3",11,"1015,7",16,61,78,23:40,53,13:30
2021-02-10,C449C,STA.CRUZ DE TENERIFE,STA. CRUZ DE TENERIFE,36,"18,7","0,0","14,8",07:30,"22,6",15:20,17,"2,2","5,3",14:40,"8,2","1018,3",11,"1015,9",17,69,78,00:00,59,14:20
2021-02-11,C449C,STA.CRUZ DE TENERIFE,STA. CRUZ DE TENERIFE,36,"19,6","0,0","15,8",07:30,"23,5",13:50,31,"2,8","7,8",13:10,"9,4","1019,3",23,"1016,5",05,58,76,07:50,47,Varias
2021-02-12,C449C,STA.CRUZ DE TENERIFE,STA. CRUZ DE TENERIFE,36,"20,4",Ip,"17,5",06:40,"23,2",14:00,01,"2,5","7,5",12:50,"7,8","1020,2",10,"1018,3",06,60,73,03:30,49,14:10
2021-02-13,C449C,STA.CRUZ DE TENERIFE,STA. CRUZ DE TENERIFE,36,"19,0","0,0","16,3",23:59,"21,7",13:00,10,"3,3","9,7",13:30,"10,0","1020,0",11,"1017,0",16,62,73,08:00,53,17:40
2021-02-14,C449C,STA.CRUZ DE TENERIFE,STA. CRUZ DE TENERIFE,36,"17,8","0,0","14,5",07:20,"21,0",15:10,10,"3,1","8,6",10:50,"10,3","1018,5",11,"1016,3",17,66,80,22:10,56,09:10
2021-02-15,C449C,STA.CRUZ DE TENERIFE,STA. CRUZ DE TENERIFE,36,"19,5","0,0","14,8",07:30,"24,2",14:40,11,"1,9","5,3",13:20,"10,3","1019,6",12,"1016,5",02,60,76,09:20,35,22:20
2021-02-16,C449C,STA.CRUZ DE TENERIFE,STA. CRUZ DE TENERIFE,36,"20,2","0,0","16,9",23:59,"23,4",12:50,10,"3,6","8,6",09:50,"9,6","1020,5",11,"1016,8",Varias,47,62,07:30,32,05:40
2021-02-17,C449C,STA.CRUZ DE TENERIFE,STA. CRUZ DE TENERIFE,36,"19,2","0,0","16,0",23:59,"22,5",14:00,05,"3,3","8,9",14:30,"9,6","1018,0",00,"1014,0",18,58,77,07:10,39,14:10
2021-02-18,C449C,STA.CRUZ DE TENERIFE,STA. CRUZ DE TENERIFE,36,"18,2","0,0","14,9",04:20,"21,4",13:00,08,"3,3","8,9",15:30,"9,5","1016,1",Varias,"1013,4",16,51,65,22:20,38,02:50
2021-02-19,C449C,STA.CRUZ DE TENERIFE,STA. CRUZ DE TENERIFE,36,"18,4","0,0","14,7",07:50,"22,2",16:00,27,"2,2","5,3",08:00,"10,4","1016,2",11,"1013,3",17,48,65,21:50,29,03:40
2021-02-20,C449C,STA.CRUZ DE TENERIFE,STA. CRUZ DE TENERIFE,36,"18,9","7,0","14,9",07:20,"22,9",16:40,32,"1,9","24,2",21:30,"5,6","1013,8",00,"1006,2",16,67,83,23:10,49,14:10
2021-02-21,C449C,STA.CRUZ DE TENERIFE,STA. CRUZ DE TENERIFE,36,"20,1","0,0","16,9",Varias,"23,3",14:50,34,"2,8","14,7",00:10,"9,2","1017,4",24,"1010,3",00,56,78,03:20,41,14:10
2021-02-22,C449C,STA.CRUZ DE TENERIFE,STA. CRUZ DE TENERIFE,36,"19,0","0,0","15,5",07:40,"22,4",16:30,29,"1,9","6,1",01:10,"7,8","1020,3",22,"1016,1",04,69,81,21:40,54,08:30
2021-02-23,C449C,STA.CRUZ DE TENERIFE,STA. CRUZ DE TENERIFE,36,"19,0","0,0","15,6",07:30,"22,4",14:00,06,"3,6","9,2",16:40,"9,7","1021,4",11,"1018,6",04,65,78,Varias,55,14:00
2021-02-24,C449C,STA.CRUZ DE TENERIFE,STA. CRUZ DE TENERIFE,36,"19,8",Ip,"16,1",01:50,"23,4",15:20,01,"2,8","9,2",11:30,"9,4","1022,4",23,"1018,5",05,58,75,02:10,47,Varias
2021-02-25,C449C,STA.CRUZ DE TENERIFE,STA. CRUZ DE TENERIFE,36,"18,4","2,2","16,4",23:59,"20,3",15:40,02,"3,1","9,7",17:50,"5,6","1024,8",22,"1021,5",03,72,86,12:00,56,23:30
2021-02-26,C449C,STA.CRUZ DE TENERIFE,STA. CRUZ DE TENERIFE,36,"18,6",Ip,"16,3",Varias,"21,0",14:30,34,"4,4","13,3",13:00,"9,1","1024,3",00,"1020,4",17,52,64,22:50,41,13:50
2021-02-27,C449C,STA.CRUZ DE TENERIFE,STA. CRUZ DE TENERIFE,36,"17,4","0,8","14,9",06:20,"19,8",15:00,36,"3,9","12,8",15:50,"7,5","1021,2",00,"1014,4",24,57,72,06:20,44,16:20
2021-02-28,C449C,STA.CRUZ DE TENERIFE,STA. CRUZ DE TENERIFE,36,"18,1","2,0","14,8",08:00,"21,4",14:10,30,"2,5","11,4",15:10,"8,8","1014,4",00,"1010,6",16,62,83,07:50,48,14:10
2021-03-01,C449C,STA.CRUZ DE TENERIFE,STA. CRUZ DE TENERIFE,36,"19,2","0,2","15,9",07:20,"22,4",14:30,32,"3,9","11,1",02:00,"10,5","1016,8",Varias,"1012,0",05,59,82,07:40,41,16:20
2021-03-02,C449C,STA.CRUZ DE TENERIFE,STA. CRUZ DE TENERIFE,36,"18,6","0,0","15,7",Varias,"21,5",Varias,88,,"9,4",15:24,"8,1","1019,1",Varias,"1015,9",05,,73,09:00,60,Varias
2021-03-03,C449C,STA.CRUZ DE TENERIFE,STA. CRUZ DE TENERIFE,36,"19,0","0,0","15,5",05:10,"22,5",14:10,04,"3,6","9,2",14:20,"10,1","1019,4",10,"1016,3",17,61,72,Varias,47,16:10
2021-03-04,C449C,STA.CRUZ DE TENERIFE,STA. CRUZ DE TENERIFE,36,"19,8","0,0","15,4",04:20,"24,1",14:10,30,"2,8","12,2",17:40,"11,0","1018,1",00,"1015,4",Varias,56,70,02:40,34,14:10
2021-03-05,C449C,STA.CRUZ DE TENERIFE,STA. CRUZ DE TENERIFE,36,"20,4","2,4","17,5",23:59,"23,2",13:20,30,"3,3","15,3",09:20,"8,0","1016,5",00,"1013,2",16,64,80,09:50,53,15:00
2021-03-06,C449C,STA.CRUZ DE TENERIFE,STA. CRUZ DE TENERIFE,36,"18,1","1,2","15,1",04:50,"21,1",12:30,36,"4,2","12,2",12:10,"3,1","1019,8",24,"1014,9",03,60,89,04:30,52,12:30
2021-03-07,C449C,STA.CRUZ DE TENERIFE,STA. CRUZ DE TENERIFE,36,"19,5","0,8","17,2",02:50,"21,8",13:30,32,"5,3","13,9",15:50,"8,3","1021,1",10,"1017,7",16,55,73,02:50,47,12:20
2021-03-08,C449C,STA.CRUZ DE TENERIFE,STA. CRUZ DE TENERIFE,36,"19,3","4,6","16,4",23:50,"22,2",16:20,34,"3,6","11,7",05:00,"9,4","1018,1",00,"1014,0",16,72,87,23:40,59,16:10
2021-03-09,C449C,STA.CRUZ DE TENERIFE,STA. CRUZ DE TENERIFE,36,"18,4",Ip,"15,7",03:10,"21,1",13:10,32,"5,3","15,3",18:40,"9,3","1018,8",22,"1015,3",06,54,81,02:00,45,15:50
2021-03-10,C449C,STA.CRUZ DE TENERIFE,STA. CRUZ DE TENERIFE,36,"18,8","0,0","16,6",06:40,"21,1",15:20,01,"2,8","10,3",15:00,"6,8","1020,5",23,"1016,9",06,,62,06:00,47,16:00
2021-03-11,C449C,STA.CRUZ DE TENERIFE,STA. CRUZ DE TENERIFE,36,"18,9","0,0","16,3",23:20,"21,5",14:30,10,"3,9","9,7",13:30,"7,9","1021,5",10,"1018,7",17,66,79,19:30,58,14:30
2021-03-12,C449C,STA.CRUZ DE TENERIFE,STA. CRUZ DE TENERIFE,36,"18,2","0,0","15,4",05:10,"21,0",13:50,99,"3,6","9,2",Varias,"9,4","1021,3",11,"1017,0",17,70,78,03:30,62,Varias
2021-03-13,C449C,STA.CRUZ DE TENERIFE,STA. CRUZ DE TENERIFE,36,"18,2","0,0","14,9",05:20,"21,5",15:00,09,"3,3","9,7",12:30,"4,9","1018,7",11,"1015,6",18,64,77,23:59,54,15:40
2021-03-14,C449C,STA.CRUZ DE TENERIFE,STA. CRUZ DE TENERIFE,36,"19,7","0,0","17,5",23:20,"21,9",13:10,08,"3,1","9,4",11:50,"7,9","1017,4",00,"1014,5",17,64,77,00:00,59,10:20
2021-03-15,C449C,STA.CRUZ DE TENERIFE,STA. CRUZ DE TENERIFE,36,"20,0","0,0","17,0",03:10,"23,1",15:20,34,"3,6","8,9",10:40,"9,8","1015,6",11,"1013,1",16,60,70,04:50,48,11:30
2021-03-16,C449C,STA.CRUZ DE TENERIFE,STA. CRUZ DE TENERIFE,36,"19,2","0,0","15,5",06:30,"22,9",12:10,,"2,8",,,"10,5","1014,6",00,"1011,4",17,57,74,07:00,45,11:50
2021-03-17,C449C,STA.CRUZ DE TENERIFE,STA. CRUZ DE TENERIFE,36,"19,8","0,0","15,2",06:20,"24,5",16:10,32,"3,9","13,3",16:50,"11,2","1013,2",Varias,"1010,2",16,57,73,06:50,37,15:10
2021-03-18,C449C,STA.CRUZ DE TENERIFE,STA. CRUZ DE TENERIFE,36,"20,2","0,0","17,3",04:00,"23,0",12:10,34,"3,3","11,1",11:30,"10,9","1013,5",Varias,"1011,3",04,53,65,Varias,44,13:00
2021-03-19,C449C,STA.CRUZ DE TENERIFE,STA. CRUZ DE TENERIFE,36,"20,3","0,0","17,2",23:30,"23,4",15:20,99,"4,7","11,7",Varias,"10,6","1014,9",22,"1012,0",Varias,52,68,03:40,36,15:00
2021-03-20,C449C,STA.CRUZ DE TENERIFE,STA. CRUZ DE TENERIFE,36,"19,1","0,0","16,1",05:50,"22,1",14:20,31,"5,0","12,2",05:30,"10,9","1015,2",22,"1013,1",05,52,61,Varias,42,14:30
2021-03-21,C449C,STA.CRUZ DE TENERIFE,STA. CRUZ DE TENERIFE,36,"18,8","0,0","16,1",05:30,"21,5",14:30,10,"2,8","11,9",15:40,"6,0","1016,0",11,"1013,4",04,56,77,04:40,42,14:30
2021-03-22,C449C,STA.CRUZ DE TENERIFE,STA. CRUZ DE TENERIFE,36,"18,4","0,0","16,2",23:30,"20,5",15:40,07,"3,1","8,9",16:30,"4,2","1015,5",11,"1012,4",17,50,58,Varias,45,10:10
2021-03-23,C449C,STA.CRUZ DE TENERIFE,STA. CRUZ DE TENERIFE,36,"19,0","0,0","14,2",06:00,"23,7",16:20,28,"3,3","8,6",19:20,"11,1","1016,7",11,"1013,7",Varias,55,65,23:50,42,16:10
2021-03-24,C449C,STA.CRUZ DE TENERIFE,STA. CRUZ DE TENERIFE,36,"20,9","0,0","16,8",Varias,"25,0",Varias,28,"2,2","9,2",05:20,"10,7","1016,9",10,"1014,0",04,55,,,,
2021-03-25,C449C,STA.CRUZ DE TENERIFE,STA. CRUZ DE TENERIFE,36,"24,2","0,0","18,9",00:40,"29,6",13:20,23,"3,9","11,1",13:10,"10,8","1015,1",00,"1007,4",24,21,69,00:30,10,Varias
2021-03-26,C449C,STA.CRUZ DE TENERIFE,STA. CRUZ DE TENERIFE,36,"21,4","0,0","18,5",23:59,"24,2",12:30,29,"3,1","12,5",16:10,"8,6","1010,1",22,"1004,8",04,62,80,22:00,23,00:20
2021-03-27,C449C,STA.CRUZ DE TENERIFE,STA. CRUZ DE TENERIFE,36,"20,1","0,4","17,4",Varias,"22,8",14:40,28,"3,1","13,3",17:40,"6,9","1010,7",24,"1007,6",17,68,76,00:20,52,Varias
2021-03-28,C449C,STA.CRUZ DE TENERIFE,STA. CRUZ DE TENERIFE,36,"20,2","4,2","17,1",07:40,"23,4",15:30,17,"1,7","8,3",14:50,"7,8","1010,9",10,"1007,2",18,71,90,08:00,60,18:50
2021-03-29,C449C,STA.CRUZ DE TENERIFE,STA. CRUZ DE TENERIFE,36,"20,4","0,2","17,5",02:50,"23,2",17:10,30,"4,2","11,9",14:40,"8,5","1012,7",22,"1007,5",04,62,79,02:50,50,16:50
2021-03-30,C449C,STA.CRUZ DE TENERIFE,STA. CRUZ DE TENERIFE,36,"19,5","0,0","16,0",06:40,"23,0",15:20,32,"2,2","9,4",00:40,"10,2","1012,4",00,"1007,6",19,68,82,23:50,55,09:20
2021-03-31,C449C,STA.CRUZ DE TENERIFE,STA. CRUZ DE TENERIFE,36,"20,7","0,0","16,7",07:20,"24,7",13:30,34,"3,3","13,3",19:40,"9,5","1010,3",24,"1004,8",06,54,82,00:00,42,18:10
2021-04-01,C449C,STA.CRUZ DE TENERIFE,STA. CRUZ DE TENERIFE,36,"20,7","0,0","17,4",06:00,"24,0",13:00,32,"2,8","8,6",10:30,"10,4","1016,2",23,"1010,2",03,58,68,07:50,49,15:40
2021-04-02,C449C,STA.CRUZ DE TENERIFE,STA. CRUZ DE TENERIFE,36,"19,5","0,0","16,7",03:30,"22,3",12:50,08,"3,9","10,3",13:50,"11,2","1016,0",11,"1013,6",18,65,72,05:10,52,18:50
2021-04-03,C449C,STA.CRUZ DE TENERIFE,STA. CRUZ DE TENERIFE,36,"20,1","0,0","16,9",07:00,"23,3",14:10,32,"3,3","10,0",13:50,"10,6","1015,1",00,"1011,8",16,56,71,00:30,46,Varias
2021-04-04,C449C,STA.CRUZ DE TENERIFE,STA. CRUZ DE TENERIFE,36,"19,4","0,0","16,9",04:40,"21,9",16:00,99,"3,3","10,0",Varias,"10,5","1014,2",00,"1011,6",16,56,65,06:10,49,Varias
2021-04-05,C449C,STA.CRUZ DE TENERIFE,STA. CRUZ DE TENERIFE,36,"19,8","0,0","16,9",07:10,"22,6",13:10,,"1,9",,,"5,7","1013,4",24,"1011,5",18,56,64,23:30,46,10:00
2021-04-06,C449C,STA.CRUZ DE TENERIFE,STA. CRUZ DE TENERIFE,36,"19,3","0,0","16,0",Varias,"22,6",14:20,13,"2,2","5,8",14:00,"10,1","1013,4",00,"1010,6",17,62,72,23:00,56,10:40
2021-04-07,C449C,STA.CRUZ DE TENERIFE,STA. CRUZ DE TENERIFE,36,"20,4","0,0","17,0",03:00,"23,7",15:20,,"1,9",,,"8,4","1014,4",24,"1011,1",05,69,85,23:59,61,Varias
2021-04-08,C449C,STA.CRUZ DE TENERIFE,STA. CRUZ DE TENERIFE,36,"20,9","0,0","17,7",06:50,"24,1",13:40,20,"1,4","5,3",15:00,"10,8","1015,2",11,"1012,6",18,71,86,00:50,60,11:00
2021-04-09,C449C,STA.CRUZ DE TENERIFE,STA. CRUZ DE TENERIFE,36,"22,0","0,0","19,2",05:50,"24,7",12:50,99,"2,5","7,5",Varias,"10,5","1013,9",00,"1011,3",16,65,71,06:50,55,17:40
2021-04-10,C449C,STA.CRUZ DE TENERIFE,STA. CRUZ DE TENERIFE,36,"20,0","0,0","17,5",06:40,"22,4",12:30,10,"3,1","7,2",11:40,"10,9","1013,9",23,"1010,8",05,65,72,20:00,57,08:30
2021-04-11,C449C,STA.CRUZ DE TENERIFE,STA. CRUZ DE TENERIFE,36,"19,8","0,0","16,5",06:40,"23,0",13:20,11,"2,8","5,3",10:20,"11,3","1015,8",23,"1011,8",04,66,76,19:30,49,02:50
2021-04-12,C449C,STA.CRUZ DE TENERIFE,STA. CRUZ DE TENERIFE,36,"20,8","0,0","17,9",07:00,"23,8",14:30,08,"2,2","7,8",13:30,"11,8","1017,1",23,"1013,9",05,69,86,23:30,52,09:20
2021-04-13,C449C,STA.CRUZ DE TENERIFE,STA. CRUZ DE TENERIFE,36,"21,3","0,0","18,4",06:50,"24,2",16:30,35,"1,9","6,4",17:50,"10,7","1016,9",00,"1013,1",16,74,86,Varias,62,22:10
2021-04-14,C449C,STA.CRUZ DE TENERIFE,STA. CRUZ DE TENERIFE,36,"22,8",Ip,"19,8",Varias,"25,8",11:40,34,"3,1","8,9",09:10,"9,1","1015,2",00,"1011,6",17,64,73,04:30,53,11:20
2021-04-15,C449C,STA.CRUZ DE TENERIFE,STA. CRUZ DE TENERIFE,36,"22,2","1,2","19,6",07:00,"24,7",14:30,31,"3,6","12,8",17:00,"8,1","1013,7",22,"1011,2",05,60,73,07:00,45,13:50
2021-04-16,C449C,STA.CRUZ DE TENERIFE,STA. CRUZ DE TENERIFE,36,"21,2",Ip,"18,5",04:30,"23,9",14:50,36,"3,9","10,3",13:30,"5,8","1015,1",23,"1012,1",05,60,78,04:00,51,Varias
2021-04-17,C449C,STA.CRUZ DE TENERIFE,STA. CRUZ DE TENERIFE,36,"21,4","0,0","19,6",23:40,"23,3",15:50,02,"3,6","9,2",10:20,"5,6","1016,3",23,"1013,8",04,56,66,04:00,52,15:40
2021-04-18,C449C,STA.CRUZ DE TENERIFE,STA. CRUZ DE TENERIFE,36,"21,8","0,0","18,0",07:00,"25,7",15:50,02,"1,7","8,6",10:30,"11,5","1016,6",09,"1013,9",16,48,63,Varias,36,15:50
2021-04-19,C449C,STA.CRUZ DE TENERIFE,STA. CRUZ DE TENERIFE,36,"21,4","0,0","17,2",06:40,"25,5",15:10,09,"2,8","10,3",13:30,"12,0","1016,0",10,"1013,4",17,53,69,06:20,39,15:30
2021-04-20,C449C,STA.CRUZ DE TENERIFE,STA. CRUZ DE TENERIFE,36,"22,4","0,0","18,6",06:40,"26,1",15:50,34,"3,9","12,5",17:50,"11,9","1015,1",00,"1012,2",Varias,53,66,Varias,38,13:50
2021-04-21,C449C,STA.CRUZ DE TENERIFE,STA. CRUZ DE TENERIFE,36,"22,4","0,0","18,3",05:00,"26,5",Varias,01,"3,6","10,8",10:40,"11,9","1014,0",00,"1010,7",16,53,71,01:30,37,16:10
2021-04-22,C449C,STA.CRUZ DE TENERIFE,STA. CRUZ DE TENERIFE,36,"20,6","0,0","17,5",06:40,"23,8",16:50,35,"3,3","7,8",21:30,"12,2","1013,1",00,"1011,0",17,63,74,23:10,56,15:30
2021-04-23,C449C,STA.CRUZ DE TENERIFE,STA. CRUZ DE TENERIFE,36,"21,3",Ip,"18,6",04:00,"24,0",11:00,31,"2,2","10,3",23:59,"5,8","1011,8",11,"1009,5",04,72,81,17:40,60,10:30
2021-04-24,C449C,STA.CRUZ DE TENERIFE,STA. CRUZ DE TENERIFE,36,"21,6","2,4","18,5",23:30,"24,7",15:50,30,"3,6","11,9",11:00,"5,8","1010,4",00,"1007,3",19,61,77,23:40,37,10:10
2021-04-25,C449C,STA.CRUZ DE TENERIFE,STA. CRUZ DE TENERIFE,36,"20,8",Ip,"17,6",05:00,"24,1",17:10,30,"3,6","11,7",01:30,"8,4","1009,0",23,"1006,1",06,60,80,02:10,48,Varias
2021-04-26,C449C,STA.CRUZ DE TENERIFE,STA. CRUZ DE TENERIFE,36,"20,8","0,0","18,6",05:30,"22,9",12:30,32,"2,5","10,8",21:00,"7,2","1010,0",11,"1007,5",04,62,75,09:00,53,18:20
2021-04-27,C449C,STA.CRUZ DE TENERIFE,STA. CRUZ DE TENERIFE,36,"21,7","0,0","18,9",Varias,"24,5",12:20,31,"2,8","9,4",00:10,"5,7","1009,5",10,"1007,4",19,60,71,22:50,45,12:20
2021-04-28,C449C,STA.CRUZ DE TENERIFE,STA. CRUZ DE TENERIFE,36,"20,4","0,0","17,8",07:00,"23,1",12:30,10,"2,8","6,1",13:20,"8,7","1010,6",23,"1007,5",Varias,66,76,23:50,56,08:40
2021-04-29,C449C,STA.CRUZ DE TENERIFE,STA. CRUZ DE TENERIFE,36,"20,4","8,0","17,5",23:30,"23,4",11:40,18,"2,2","6,7",16:50,"4,9","1010,4",00,"1008,1",06,70,90,21:00,63,Varias
2021-04-30,C449C,STA.CRUZ DE TENERIFE,STA. CRUZ DE TENERIFE,36,"20,4",Ip,"17,6",00:20,"23,2",14:10,32,"4,2","13,3",12:50,"6,8","1013,8",23,"1008,4",Varias,58,85,00:20,45,16:50
2021-05-01,C449C,STA.CRUZ DE TENERIFE,STA. CRUZ DE TENERIFE,36,"21,0",Ip,"18,0",Varias,"23,9",15:10,01,"2,5","9,4",16:00,"7,0","1014,7",23,"1012,3",Varias,57,72,08:20,44,14:10
2021-05-02,C449C,STA.CRUZ DE TENERIFE,STA. CRUZ DE TENERIFE,36,"20,3","0,2","17,7",08:10,"22,9",16:30,34,"2,8","9,7",18:10,"6,7","1014,5",00,"1011,6",17,54,76,08:20,44,16:30
2021-05-03,C449C,STA.CRUZ DE TENERIFE,STA. CRUZ DE TENERIFE,36,"20,6","0,0","17,7",05:50,"23,6",14:40,06,"2,8","9,4",12:20,"8,4","1014,9",23,"1012,2",04,52,61,03:30,41,14:10
2021-05-04,C449C,STA.CRUZ DE TENERIFE,STA. CRUZ DE TENERIFE,36,"20,4","0,0","18,4",03:30,"22,5",14:30,34,"4,2","14,2",17:30,"7,4","1016,4",23,"1013,2",04,50,62,Varias,43,Varias
2021-05-05,C449C,STA.CRUZ DE TENERIFE,STA. CRUZ DE TENERIFE,36,"20,8","0,0","18,5",04:30,"23,1",13:00,99,"3,1","9,7",Varias,"6,2","1016,4",23,"1014,4",04,54,62,20:50,44,09:30
2021-05-06,C449C,STA.CRUZ DE TENERIFE,STA. CRUZ DE TENERIFE,36,"20,8","0,0","16,8",06:10,"24,8",13:20,12,"2,8","10,3",12:10,"12,2","1016,1",23,"1013,5",17,54,69,23:20,43,13:20
2021-05-07,C449C,STA.CRUZ DE TENERIFE,STA. CRUZ DE TENERIFE,36,"21,5","0,0","17,5",06:20,"25,5",16:10,06,"3,6","10,3",11:20,"12,2","1016,0",00,"1012,8",18,61,73,Varias,44,16:40
2021-05-08,C449C,STA.CRUZ DE TENERIFE,STA. CRUZ DE TENERIFE,36,"21,9","0,0","18,9",04:20,"24,9",13:40,36,"3,9","12,2",13:40,"11,5","1014,8",22,"1012,7",18,50,65,Varias,36,12:50
2021-05-09,C449C,STA.CRUZ DE TENERIFE,STA. CRUZ DE TENERIFE,36,"21,6",Ip,"18,6",06:30,"24,5",09:30,31,"2,8","10,8",19:50,"12,5","1014,6",00,"1012,1",18,63,74,21:10,47,09:30
2021-05-10,C449C,STA.CRUZ DE TENERIFE,STA. CRUZ DE TENERIFE,36,"22,5","0,0","20,1",Varias,"24,9",15:50,07,"3,3","12,2",14:40,"9,4","1018,2",24,"1012,8",04,65,78,06:50,47,15:50
2021-05-11,C449C,STA.CRUZ DE TENERIFE,STA. CRUZ DE TENERIFE,36,"21,6","0,0","18,8",23:59,"24,3",14:30,34,"3,3","11,4",16:30,"10,6","1020,1",23,"1017,3",04,54,64,06:30,44,12:50
2021-05-12,C449C,STA.CRUZ DE TENERIFE,STA. CRUZ DE TENERIFE,36,"21,2","0,0","17,6",06:00,"24,8",14:30,04,"3,9","11,7",08:50,"11,6","1019,7",00,"1017,2",18,50,65,06:00,40,18:00
2021-05-13,C449C,STA.CRUZ DE TENERIFE,STA. CRUZ DE TENERIFE,36,"22,0",Ip,"19,1",23:59,"24,9",14:10,36,"3,9","12,5",15:50,"7,3","1018,5",Varias,"1015,7",17,60,74,05:00,51,17:00
2021-05-14,C449C,STA.CRUZ DE TENERIFE,STA. CRUZ DE TENERIFE,36,"22,0","0,0","19,1",00:00,"24,9",14:00,33,"3,6","15,3",22:50,"10,3","1016,7",00,"1013,0",19,59,70,22:40,50,13:50
2021-05-15,C449C,STA.CRUZ DE TENERIFE,STA. CRUZ DE TENERIFE,36,"22,6","0,0","19,7",04:40,"25,6",14:10,28,"6,1","16,9",09:20,"12,1","1014,1",00,"1010,8",18,59,69,Varias,47,12:30
2021-05-16,C449C,STA.CRUZ DE TENERIFE,STA. CRUZ DE TENERIFE,36,"24,6","0,0","20,8",00:00,"28,3",16:00,32,"3,1","10,6",02:50,"12,2","1015,0",23,"1011,4",Varias,45,64,23:00,32,14:40
2021-05-17,C449C,STA.CRUZ DE TENERIFE,STA. CRUZ DE TENERIFE,36,"23,2","0,0","20,3",Varias,"26,2",13:30,08,"2,5","9,2",12:40,"8,8","1015,8",12,"1013,2",04,56,74,03:00,41,13:20
2021-05-18,C449C,STA.CRUZ DE TENERIFE,STA. CRUZ DE TENERIFE,36,"23,3","0,0","19,2",04:30,"27,4",15:30,35,"3,3","10,8",15:30,"7,6","1016,7",24,"1013,9",17,51,68,01:30,39,15:20
2021-05-19,C449C,STA.CRUZ DE TENERIFE,STA. CRUZ DE TENERIFE,36,"22,6","0,0","20,0",04:20,"25,3",12:20,32,"5,8","14,7",20:20,"12,2","1016,3",00,"1012,6",Varias,58,69,20:40,46,10:30
2021-05-20,C449C,STA.CRUZ DE TENERIFE,STA. CRUZ DE TENERIFE,36,"25,6","0,0","20,3",05:40,"30,9",16:20,27,"2,5","8,9",02:50,"12,6","1014,0",00,"1010,6",17,40,60,02:10,26,Varias
2021-05-21,C449C,STA.CRUZ DE TENERIFE,STA. CRUZ DE TENERIFE,36,"27,4","0,0","24,2",06:10,"30,6",14:40,04,"3,9","10,0",13:00,"12,4","1012,8",00,"1010,2",05,35,47,21:30,23,01:20
2021-05-22,C449C,STA.CRUZ DE TENERIFE,STA. CRUZ DE TENERIFE,36,"24,2","0,0","21,0",Varias,"27,3",16:40,28,"3,9","10,8",09:20,"12,1","1015,8",23,"1009,2",05,50,64,Varias,36,16:40
2021-05-23,C449C,STA.CRUZ DE TENERIFE,STA. CRUZ DE TENERIFE,36,"21,5","0,0","19,2",Varias,"23,8",13:50,01,"4,7","13,3",14:30,"8,6","1018,9",23,"1014,4",03,53,69,02:40,46,Varias
2021-05-24,C449C,STA.CRUZ DE TENERIFE,STA. CRUZ DE TENERIFE,36,"21,0",Ip,"18,9",05:00,"23,1",16:40,35,"4,2","12,2",13:40,"5,4","1018,8",23,"1016,7",Varias,56,65,00:00,50,13:20
2021-05-25,C449C,STA.CRUZ DE TENERIFE,STA. CRUZ DE TENERIFE,36,"21,4",Ip,"19,2",23:59,"23,7",14:10,36,"4,7","13,6",21:20,"5,3","1019,0",11,"1015,9",18,58,68,02:50,51,14:00
2021-05-26,C449C,STA.CRUZ DE TENERIFE,STA. CRUZ DE TENERIFE,36,"21,3",Ip,"18,8",Varias,"23,8",12:40,32,"4,7","13,3",15:40,"8,7","1018,6",00,"1013,1",17,57,63,Varias,47,12:10
2021-05-27,C449C,STA.CRUZ DE TENERIFE,STA. CRUZ DE TENERIFE,36,"21,8",Ip,"19,1",04:30,"24,6",14:20,33,"4,4","11,9",15:50,"11,6","1014,2",00,"1010,7",18,54,65,02:00,45,13:40
2021-05-28,C449C,STA.CRUZ DE TENERIFE,STA. CRUZ DE TENERIFE,36,"22,6","0,0","19,1",03:50,"26,0",14:10,34,"3,9","11,7",16:40,"11,3","1014,0",24,"1010,9",15,51,65,23:59,41,14:10
2021-05-29,C449C,STA.CRUZ DE TENERIFE,STA. CRUZ DE TENERIFE,36,"22,0","0,0","17,5",05:50,"26,6",16:00,32,"2,2","12,2",23:00,"12,9","1014,0",00,"1011,7",18,50,68,Varias,37,13:40
2021-05-30,C449C,STA.CRUZ DE TENERIFE,STA. CRUZ DE TENERIFE,36,"22,6","0,0","19,9",23:50,"25,3",16:00,35,"4,7","13,9",17:10,"10,3","1014,1",12,"1011,2",05,60,71,04:40,51,08:50
2021-05-31,C449C,STA.CRUZ DE TENERIFE,STA. CRUZ DE TENERIFE,36,"22,2","0,0","18,7",04:40,"25,6",16:30,10,"3,1","10,0",Varias,"10,4","1013,4",08,"1011,0",17,56,73,02:00,48,Varias
2021-06-01,C449C,STA.CRUZ DE TENERIFE,STA. CRUZ DE TENERIFE,36,"22,0","0,0","17,6",05:30,"26,4",16:00,10,"3,6","12,5",15:00,"11,5","1012,4",00,"1009,5",16,59,74,23:10,44,15:50
2021-06-02,C449C,STA.CRUZ DE TENERIFE,STA. CRUZ DE TENERIFE,36,"21,8","0,0","18,6",06:20,"24,9",17:20,07,"2,8","9,7",16:10,"10,0","1014,4",24,"1010,8",04,60,70,12:50,47,17:10
2021-06-03,C449C,STA.CRUZ DE TENERIFE,STA. CRUZ DE TENERIFE,36,"21,8","0,0","19,7",05:40,"24,0",13:00,08,"3,3","10,0",15:30,"7,2","1019,5",23,"1013,4",04,61,77,19:40,55,13:00
2021-06-04,C449C,STA.CRUZ DE TENERIFE,STA. CRUZ DE TENERIFE,36,"21,2","0,0","18,8",06:10,"23,7",15:20,35,"3,9","11,9",12:30,"6,9","1021,3",23,"1017,9",03,53,63,00:10,46,15:40
2021-06-05,C449C,STA.CRUZ DE TENERIFE,STA. CRUZ DE TENERIFE,36,"21,4","0,0","18,7",06:00,"24,2",14:00,03,"3,3","10,8",15:10,"11,8","1020,9",00,"1017,6",18,52,62,21:10,44,09:50
2021-06-06,C449C,STA.CRUZ DE TENERIFE,STA. CRUZ DE TENERIFE,36,"22,4","0,0","18,6",06:00,"26,1",16:40,03,"2,8","9,7",12:20,"12,7","1018,8",00,"1013,6",18,49,68,03:20,40,17:40
2021-06-07,C449C,STA.CRUZ DE TENERIFE,STA. CRUZ DE TENERIFE,36,"22,6",Ip,"19,0",06:30,"26,2",12:00,31,"3,1","12,5",19:40,"7,5","1015,0",22,"1011,3",19,65,77,Varias,46,11:50
2021-06-08,C449C,STA.CRUZ DE TENERIFE,STA. CRUZ DE TENERIFE,36,"23,6",Ip,"20,4",05:40,"26,8",12:50,19,"2,2","8,1",13:40,"9,0","1014,8",11,"1012,2",18,66,82,05:40,41,23:59
2021-06-09,C449C,STA.CRUZ DE TENERIFE,STA. CRUZ DE TENERIFE,36,"25,2",Ip,"23,7",08:20,"26,6",01:20,07,"2,2","11,4",06:40,"1,1","1016,1",11,"1010,6",Varias,41,66,18:40,28,07:00
2021-06-10,C449C,STA.CRUZ DE TENERIFE,STA. CRUZ DE TENERIFE,36,"26,3","0,0","21,9",04:50,"30,7",09:00,12,"1,4","8,1",10:50,"6,7","1012,5",00,"1010,1",06,51,69,Varias,30,Varias
2021-06-11,C449C,STA.CRUZ DE TENERIFE,STA. CRUZ DE TENERIFE,36,"25,8","0,0","22,5",03:50,"29,0",11:20,06,"3,6","11,1",14:10,"12,3","1014,1",24,"1010,8",04,43,67,03:50,30,00:00
2021-06-12,C449C,STA.CRUZ DE TENERIFE,STA. CRUZ DE TENERIFE,36,"24,2","0,0","20,8",23:50,"27,6",17:50,08,"3,1","11,7",14:30,"13,0","1016,0",23,"1013,0",04,43,66,11:10,36,02:30
2021-06-13,C449C,STA.CRUZ DE TENERIFE,STA. CRUZ DE TENERIFE,36,"23,0","0,0","19,3",04:30,"26,8",12:40,08,"3,3","10,3",16:20,"12,5","1017,9",23,"1015,1",03,55,69,06:40,45,12:20
2021-06-14,C449C,STA.CRUZ DE TENERIFE,STA. CRUZ DE TENERIFE,36,"24,0","0,0","19,7",04:50,"28,3",15:20,28,"2,5","10,0",16:10,"12,5","1017,5",00,"1014,4",24,51,72,Varias,36,16:30
2021-06-15,C449C,STA.CRUZ DE TENERIFE,STA. CRUZ DE TENERIFE,36,"24,0",Ip,"20,7",06:00,"27,4",15:10,99,"4,2","12,8",Varias,"12,6","1016,3",00,"1013,3",18,55,69,23:59,41,15:00
2021-06-16,C449C,STA.CRUZ DE TENERIFE,STA. CRUZ DE TENERIFE,36,"24,3","0,0","21,3",00:00,"27,3",15:40,34,"3,6","10,8",13:20,"8,9","1015,8",23,"1013,1",17,58,72,03:40,46,15:10
2021-06-17,C449C,STA.CRUZ DE TENERIFE,STA. CRUZ DE TENERIFE,36,"24,2",Ip,"21,5",05:00,"26,8",13:10,34,"3,9","11,9",18:20,"7,8","1016,3",23,"1014,0",05,58,74,22:30,50,Varias
2021-06-18,C449C,STA.CRUZ DE TENERIFE,STA. CRUZ DE TENERIFE,36,"22,7",Ip,"20,2",23:10,"25,2",15:00,35,"3,9","11,9",16:50,"9,4","1017,5",23,"1014,5",Varias,58,78,07:30,47,17:30
2021-06-19,C449C,STA.CRUZ DE TENERIFE,STA. CRUZ DE TENERIFE,36,"21,6",Ip,"19,7",02:50,"23,5",12:40,34,"4,4","11,7",16:00,"4,1","1018,3",23,"1015,9",04,52,61,03:10,47,17:40
2021-06-20,C449C,STA.CRUZ DE TENERIFE,STA. CRUZ DE TENERIFE,36,"22,4",Ip,"19,6",01:50,"25,2",14:30,34,"4,2","13,6",17:20,"10,5","1017,7",00,"1014,0",18,56,71,22:50,46,11:10
2021-06-21,C449C,STA.CRUZ DE TENERIFE,STA. CRUZ DE TENERIFE,36,"23,4","0,0","20,6",23:10,"26,2",13:50,09,"2,5","11,4",14:30,"6,2","1016,5",23,"1013,5",04,63,76,14:50,58,13:40
2021-06-22,C449C,STA.CRUZ DE TENERIFE,STA. CRUZ DE TENERIFE,36,"23,0",Ip,"20,6",03:10,"25,4",13:20,06,"2,8","10,6",16:30,"8,3","1017,3",22,"1014,8",03,54,67,01:10,45,12:00
2021-06-23,C449C,STA.CRUZ DE TENERIFE,STA. CRUZ DE TENERIFE,36,"22,8",Ip,"20,4",05:00,"25,2",13:20,36,"3,9","11,1",13:50,"6,9","1017,0",00,"1014,2",18,53,70,04:50,45,12:50
2021-06-24,C449C,STA.CRUZ DE TENERIFE,STA. CRUZ DE TENERIFE,36,"22,8","0,0","20,1",06:00,"25,6",14:40,35,"3,3","10,6",14:00,"9,5","1015,6",23,"1013,7",17,53,69,02:50,42,14:00
2021-06-25,C449C,STA.CRUZ DE TENERIFE,STA. CRUZ DE TENERIFE,36,"22,6","0,0","18,6",06:00,"26,7",16:00,09,"2,8","11,7",14:10,"12,8","1015,6",Varias,"1012,4",18,55,66,06:40,44,15:50
2021-06-26,C449C,STA.CRUZ DE TENERIFE,STA. CRUZ DE TENERIFE,36,"23,0","0,0","18,4",05:50,"27,6",16:50,08,"2,8","10,0",12:00,"13,0","1015,5",Varias,"1011,4",18,57,72,05:30,43,16:50
2021-06-27,C449C,STA.CRUZ DE TENERIFE,STA. CRUZ DE TENERIFE,36,"23,6","0,0","19,0",05:50,"28,3",15:50,08,"2,8","11,9",12:20,"12,8","1016,1",23,"1013,2",17,58,74,06:00,41,15:40
2021-06-28,C449C,STA.CRUZ DE TENERIFE,STA. CRUZ DE TENERIFE,36,"22,8","0,0","19,0",05:10,"26,7",14:40,36,"3,1","10,8",21:30,"12,6","1017,8",23,"1015,2",04,56,68,Varias,44,11:50
2021-06-29,C449C,STA.CRUZ DE TENERIFE,STA. CRUZ DE TENERIFE,36,"23,8","0,0","20,6",Varias,"26,9",16:00,,,,,"11,0","1017,8",01,"1014,7",Varias,61,72,04:00,46,15:30
2021-06-30,C449C,STA.CRUZ DE TENERIFE,STA. CRUZ DE TENERIFE,36,"23,8","0,0","20,9",Varias,"26,6",12:40,,"4,7",,,"11,8","1016,3",00,"1013,7",18,59,69,06:40,51,10:30
2021-07-01,C449C,STA.CRUZ DE TENERIFE,STA. CRUZ DE TENERIFE,36,"22,6","0,0","19,5",05:40,"25,8",13:10,08,"3,9","11,7",12:30,"13,0","1015,2",00,"1013,1",18,56,72,03:30,49,10:20
2021-07-02,C449C,STA.CRUZ DE TENERIFE,STA. CRUZ DE TENERIFE,36,"24,8","0,0","19,4",06:20,"30,2",16:20,28,"2,8","9,2",18:10,"12,6","1015,4",Varias,"1013,1",Varias,53,70,Varias,42,14:40
2021-07-03,C449C,STA.CRUZ DE TENERIFE,STA. CRUZ DE TENERIFE,36,"26,0","0,0","21,3",Varias,"30,6",14:00,30,"3,1","11,7",22:40,"12,6","1016,3",23,"1013,9",03,44,58,00:10,30,14:30
2021-07-04,C449C,STA.CRUZ DE TENERIFE,STA. CRUZ DE TENERIFE,36,"25,2","0,0","21,6",Varias,"28,8",17:30,28,"4,4","10,0",03:50,"13,0","1016,1",00,"1013,5",18,56,67,03:50,39,16:40
2021-07-05,C449C,STA.CRUZ DE TENERIFE,STA. CRUZ DE TENERIFE,36,"25,4","0,0","21,5",05:50,"29,3",16:30,10,"2,5","8,6",15:20,"12,8","1015,1",00,"1012,6",04,49,62,03:20,39,16:00
2021-07-06,C449C,STA.CRUZ DE TENERIFE,STA. CRUZ DE TENERIFE,36,"25,2","0,0","21,4",06:30,"29,1",16:50,10,"2,5","8,6",14:30,"12,6","1015,1",10,"1012,6",17,58,74,06:30,46,15:50
2021-07-07,C449C,STA.CRUZ DE TENERIFE,STA. CRUZ DE TENERIFE,36,"25,3",Ip,"21,5",06:10,"29,1",15:10,31,"3,3","11,7",23:10,"12,4","1017,3",23,"1013,8",05,60,73,06:00,44,14:30
2021-07-08,C449C,STA.CRUZ DE TENERIFE,STA. CRUZ DE TENERIFE,36,"23,6",Ip,"21,4",23:50,"25,9",14:50,34,"4,4","15,6",16:50,"8,5","1017,5",11,"1014,9",18,61,80,02:40,50,14:50
2021-07-09,C449C,STA.CRUZ DE TENERIFE,STA. CRUZ DE TENERIFE,36,"23,4",Ip,"20,8",Varias,"25,9",Varias,32,"5,3","15,3",17:08,"10,7","1015,9",00,"1010,1",18,55,66,23:59,48,15:00
2021-07-10,C449C,STA.CRUZ DE TENERIFE,STA. CRUZ DE TENERIFE,36,"24,2","0,0","21,0",02:10,"27,4",16:40,32,"5,6","13,1",04:50,"11,4","1011,4",00,"1007,3",16,63,76,Varias,54,Varias
2021-07-11,C449C,STA.CRUZ DE TENERIFE,STA. CRUZ DE TENERIFE,36,"24,2","0,0","20,8",05:30,"27,6",15:20,19,"2,5","8,1",15:30,"9,1","1011,8",11,"1008,1",06,73,81,03:00,58,14:40
2021-07-12,C449C,STA.CRUZ DE TENERIFE,STA. CRUZ DE TENERIFE,36,"27,1","0,0","23,4",Varias,"30,8",10:50,08,"2,8","7,8",18:50,"10,7","1016,2",23,"1010,4",06,67,79,00:10,49,10:50
2021-07-13,C449C,STA.CRUZ DE TENERIFE,STA. CRUZ DE TENERIFE,36,"26,2","0,0","23,8",03:10,"28,5",09:50,05,"3,3","8,9",15:40,"11,5","1016,0",00,"1012,4",18,56,71,02:00,38,09:50
2021-07-14,C449C,STA.CRUZ DE TENERIFE,STA. CRUZ DE TENERIFE,36,"27,4","0,0","23,5",Varias,"31,3",14:10,06,"3,9","10,3",15:20,"12,5","1013,7",00,"1009,8",18,39,57,23:50,25,Varias
2021-07-15,C449C,STA.CRUZ DE TENERIFE,STA. CRUZ DE TENERIFE,36,"25,7","0,0","21,3",06:10,"30,1",12:10,30,"3,1","8,1",00:10,"12,8","1011,0",23,"1008,8",20,57,74,22:20,38,12:00
2021-07-16,C449C,STA.CRUZ DE TENERIFE,STA. CRUZ DE TENERIFE,36,"24,4","0,0","20,5",06:40,"28,2",15:00,18,"2,2","6,7",13:50,"12,3","1011,6",23,"1008,8",04,64,83,23:40,53,Varias
2021-07-17,C449C,STA.CRUZ DE TENERIFE,STA. CRUZ DE TENERIFE,36,"24,8","0,0","20,7",06:00,"28,8",15:00,19,"2,5","8,6",14:30,"12,2","1013,1",23,"1010,2",05,66,88,03:30,48,18:50
2021-07-18,C449C,STA.CRUZ DE TENERIFE,STA. CRUZ DE TENERIFE,36,"27,2","0,0","22,0",04:30,"32,3",16:40,18,"1,7","6,1",17:40,"12,3","1013,1",10,"1010,7",18,46,82,03:50,34,16:30
2021-07-19,C449C,STA.CRUZ DE TENERIFE,STA. CRUZ DE TENERIFE,36,"27,4","0,0","22,9",23:59,"31,8",15:00,20,"3,6","8,9",18:00,"12,3","1012,6",23,"1009,6",17,49,81,23:59,28,08:20
2021-07-20,C449C,STA.CRUZ DE TENERIFE,STA. CRUZ DE TENERIFE,36,"25,0","0,0","21,5",06:20,"28,5",15:10,08,"3,1","8,6",14:20,"12,4","1014,2",23,"1010,6",04,60,84,01:40,48,16:30
2021-07-21,C449C,STA.CRUZ DE TENERIFE,STA. CRUZ DE TENERIFE,36,"24,4","0,0","20,3",04:40,"28,6",14:30,30,"5,3","16,1",17:50,"12,5","1015,1",23,"1012,5",Varias,56,71,05:10,40,14:20
2021-07-22,C449C,STA.CRUZ DE TENERIFE,STA. CRUZ DE TENERIFE,36,"24,8","0,0","21,0",02:20,"28,7",13:40,31,"6,7","17,2",06:30,"12,1","1014,7",00,"1010,7",18,52,69,02:30,39,12:40
2021-07-23,C449C,STA.CRUZ DE TENERIFE,STA. CRUZ DE TENERIFE,36,"25,9","0,0","22,7",04:30,"29,1",13:20,32,"4,7","14,7",06:30,"11,9","1012,3",00,"1009,1",Varias,57,68,20:40,47,Varias
2021-07-24,C449C,STA.CRUZ DE TENERIFE,STA. CRUZ DE TENERIFE,36,"25,7","0,0","22,6",05:40,"28,8",13:40,09,"3,6","9,4",14:20,"11,0","1012,8",22,"1009,1",06,53,68,05:40,42,13:50
2021-07-25,C449C,STA.CRUZ DE TENERIFE,STA. CRUZ DE TENERIFE,36,"25,6","0,0","21,6",06:30,"29,5",16:10,10,"2,8","8,6",15:10,"11,9","1013,6",23,"1011,0",04,54,70,06:30,39,19:00
2021-07-26,C449C,STA.CRUZ DE TENERIFE,STA. CRUZ DE TENERIFE,36,"26,6",Ip,"22,6",06:20,"30,5",12:50,32,"3,1","13,6",17:10,"11,9","1013,3",00,"1011,3",16,59,80,22:40,44,12:40
2021-07-27,C449C,STA.CRUZ DE TENERIFE,STA. CRUZ DE TENERIFE,36,"24,8",Ip,"22,4",04:30,"27,1",17:00,34,"3,6","11,1",10:30,"10,6","1012,9",00,"1009,8",18,58,71,00:30,52,Varias
2021-07-28,C449C,STA.CRUZ DE TENERIFE,STA. CRUZ DE TENERIFE,36,"25,0","0,0","21,9",06:20,"28,2",15:50,02,"2,5","8,3",16:40,"11,5","1011,3",01,"1009,2",Varias,58,72,23:40,49,15:10
2021-07-29,C449C,STA.CRUZ DE TENERIFE,STA. CRUZ DE TENERIFE,36,"25,1","0,0","21,1",05:30,"29,1",14:30,06,"3,3","8,9",11:20,"12,2","1012,3",24,"1009,0",05,60,75,05:20,46,16:20
2021-07-30,C449C,STA.CRUZ DE TENERIFE,STA. CRUZ DE TENERIFE,36,"25,4","0,0","21,0",05:50,"29,8",14:50,28,"2,5","8,9",18:10,"12,2","1014,0",23,"1011,2",04,55,75,05:50,42,17:00
2021-07-31,C449C,STA.CRUZ DE TENERIFE,STA. CRUZ DE TENERIFE,36,"25,8","0,0","22,4",03:50,"29,1",15:30,09,"3,1","9,7",11:20,"12,1","1015,4",23,"1012,5",Varias,50,66,23:50,41,14:20
2021-08-01,C449C,STA.CRUZ DE TENERIFE,STA. CRUZ DE TENERIFE,36,"24,6",Ip,"22,1",Varias,"27,0",13:50,02,"3,9","11,1",17:30,"11,8","1015,7",10,"1013,6",04,57,69,01:10,50,Varias
2021-08-02,C449C,STA.CRUZ DE TENERIFE,STA. CRUZ DE TENERIFE,36,"24,5","0,0","21,7",02:30,"27,3",17:30,34,"4,2","11,4",10:40,"10,4","1015,4",00,"1012,1",18,60,71,04:40,50,17:50
2021-08-03,C449C,STA.CRUZ DE TENERIFE,STA. CRUZ DE TENERIFE,36,"25,2","0,0","22,1",07:10,"28,2",13:40,35,"3,6","11,4",09:50,"11,2","1015,9",24,"1012,6",06,59,80,06:40,43,14:40
2021-08-04,C449C,STA.CRUZ DE TENERIFE,STA. CRUZ DE TENERIFE,36,"24,6","0,0","21,2",06:10,"27,9",16:20,06,"3,3","10,8",11:10,"11,7","1017,1",23,"1014,4",Varias,55,69,06:40,47,Varias
2021-08-05,C449C,STA.CRUZ DE TENERIFE,STA. CRUZ DE TENERIFE,36,"25,5","0,0","22,1",05:00,"28,9",17:10,26,"4,4","13,9",18:20,"10,4","1016,9",00,"1013,2",Varias,65,77,05:00,52,14:20
2021-08-06,C449C,STA.CRUZ DE TENERIFE,STA. CRUZ DE TENERIFE,36,"26,4","0,0","22,6",Varias,"30,1",15:10,99,"3,6","11,9",Varias,"12,3","1014,0",00,"1011,0",17,58,83,23:59,47,15:00
2021-08-07,C449C,STA.CRUZ DE TENERIFE,STA. CRUZ DE TENERIFE,36,"25,8","0,0","22,2",06:00,"29,3",16:10,34,"3,1","11,1",10:00,"11,7","1014,4",23,"1011,5",06,61,83,00:00,44,16:10
2021-08-08,C449C,STA.CRUZ DE TENERIFE,STA. CRUZ DE TENERIFE,36,"25,2",Ip,"22,8",Varias,"27,7",09:50,06,"3,9","10,3",12:50,"9,4","1014,9",23,"1012,4",04,67,77,02:50,46,16:50
2021-08-09,C449C,STA.CRUZ DE TENERIFE,STA. CRUZ DE TENERIFE,36,"24,6","0,0","21,9",06:10,"27,3",14:30,34,"3,9","10,8",15:00,"10,9","1015,5",22,"1013,3",04,53,68,02:50,42,Varias
2021-08-10,C449C,STA.CRUZ DE TENERIFE,STA. CRUZ DE TENERIFE,36,"25,4","0,0","21,7",06:20,"29,2",15:50,27,"3,6","11,1",16:40,"11,8","1015,3",00,"1012,6",17,50,68,23:00,42,12:30
2021-08-11,C449C,STA.CRUZ DE TENERIFE,STA. CRUZ DE TENERIFE,36,"24,8","0,0","22,2",23:59,"27,5",14:10,09,"3,6","9,7",16:10,"7,3","1015,1",23,"1013,3",18,58,80,09:20,49,Varias
2021-08-12,C449C,STA.CRUZ DE TENERIFE,STA. CRUZ DE TENERIFE,36,"24,9","0,0","20,8",04:00,"29,0",17:00,08,"3,6","11,1",13:30,"11,4","1015,0",01,"1012,2",16,60,69,Varias,45,16:50
2021-08-13,C449C,STA.CRUZ DE TENERIFE,STA. CRUZ DE TENERIFE,36,"24,8","0,0","21,2",06:40,"28,3",12:00,10,"2,8","9,4",13:10,"11,4","1014,1",00,"1011,4",18,61,74,23:40,49,11:50
2021-08-14,C449C,STA.CRUZ DE TENERIFE,STA. CRUZ DE TENERIFE,36,"27,2","0,0","21,7",06:40,"32,6",16:50,13,"1,7","7,2",15:30,"10,7","1012,0",00,"1008,9",18,63,81,Varias,47,16:40
2021-08-15,C449C,STA.CRUZ DE TENERIFE,STA. CRUZ DE TENERIFE,36,"27,0","0,0","22,9",06:50,"31,0",16:40,19,"1,7","7,2",12:40,"11,2","1010,7",05,"1008,1",19,67,86,07:20,51,16:30
2021-08-16,C449C,STA.CRUZ DE TENERIFE,STA. CRUZ DE TENERIFE,36,"31,0","0,0","25,7",02:20,"36,2",16:50,06,"2,5","7,5",17:00,"11,7","1012,9",24,"1009,2",05,37,66,00:00,28,Varias
2021-08-17,C449C,STA.CRUZ DE TENERIFE,STA. CRUZ DE TENERIFE,36,"30,9","0,0","26,6",04:50,"35,2",11:50,08,"2,5","8,3",13:20,"12,0","1014,3",23,"1011,8",05,34,44,06:50,19,11:50
2021-08-18,C449C,STA.CRUZ DE TENERIFE,STA. CRUZ DE TENERIFE,36,"28,8","0,0","25,4",04:40,"32,2",10:50,06,"1,7","7,8",14:40,"11,8","1014,5",01,"1011,6",18,32,50,00:40,22,18:30
2021-08-19,C449C,STA.CRUZ DE TENERIFE,STA. CRUZ DE TENERIFE,36,"28,0","0,0","24,6",23:20,"31,3",10:10,06,"3,1","10,0",12:00,"11,9","1012,7",00,"1009,3",18,35,54,21:30,20,04:40
2021-08-20,C449C,STA.CRUZ DE TENERIFE,STA. CRUZ DE TENERIFE,36,"25,0","0,0","22,8",06:20,"27,2",10:30,06,"2,5","6,4",10:00,"12,1","1013,6",Varias,"1009,9",04,56,80,23:30,42,06:30
2021-08-21,C449C,STA.CRUZ DE TENERIFE,STA. CRUZ DE TENERIFE,36,"24,0","0,0","21,9",Varias,"26,2",13:50,08,"3,3","8,9",13:00,"12,0","1016,6",23,"1012,6",04,75,85,06:00,67,13:40
2021-08-22,C449C,STA.CRUZ DE TENERIFE,STA. CRUZ DE TENERIFE,36,"25,3","0,0","20,6",07:00,"30,0",17:50,06,"2,8","10,8",12:40,"12,1","1016,1",00,"1012,7",18,61,83,03:30,38,17:40
2021-08-23,C449C,STA.CRUZ DE TENERIFE,STA. CRUZ DE TENERIFE,36,"25,8","0,0","21,4",06:10,"30,1",14:10,31,"2,8","10,0",18:30,"11,6","1014,0",00,"1012,1",Varias,58,70,06:10,42,14:20
2021-08-24,C449C,STA.CRUZ DE TENERIFE,STA. CRUZ DE TENERIFE,36,"26,0","0,0","23,1",05:40,"29,0",15:20,02,"2,8","10,6",02:20,"12,1","1013,4",00,"1010,5",18,54,69,01:30,46,17:20
2021-08-25,C449C,STA.CRUZ DE TENERIFE,STA. CRUZ DE TENERIFE,36,"26,2","0,0","22,3",07:20,"30,1",16:30,10,"2,8","11,9",14:20,"11,7","1012,0",00,"1008,7",16,56,69,05:40,41,15:50
2021-08-26,C449C,STA.CRUZ DE TENERIFE,STA. CRUZ DE TENERIFE,36,"24,7","0,0","21,9",06:10,"27,5",10:20,09,"3,1","10,3",14:40,"11,9","1012,0",Varias,"1008,9",05,65,72,07:20,54,18:20
2021-08-27,C449C,STA.CRUZ DE TENERIFE,STA. CRUZ DE TENERIFE,36,"25,8","0,0","21,8",06:20,"29,7",16:00,09,"3,3","10,0",12:10,"12,1","1014,7",23,"1010,4",03,60,75,23:59,46,16:00
2021-08-28,C449C,STA.CRUZ DE TENERIFE,STA. CRUZ DE TENERIFE,36,"25,0","0,0","21,9",Varias,"28,2",11:00,07,"2,2","9,2",15:10,"11,4","1015,1",12,"1013,1",17,64,79,01:30,54,10:50
2021-08-29,C449C,STA.CRUZ DE TENERIFE,STA. CRUZ DE TENERIFE,36,"25,6","0,0","22,5",06:30,"28,8",15:10,09,"2,2","8,9",11:50,"11,9","1014,7",00,"1011,4",18,62,79,07:20,48,17:20
2021-08-30,C449C,STA.CRUZ DE TENERIFE,STA. CRUZ DE TENERIFE,36,"25,0","0,0","22,3",07:10,"27,7",16:40,08,"2,5","9,4",12:20,"11,9","1012,8",Varias,"1010,3",17,62,70,19:40,58,18:00
2021-08-31,C449C,STA.CRUZ DE TENERIFE,STA. CRUZ DE TENERIFE,36,"26,9","0,0","22,6",03:40,"31,2",15:00,34,"2,2","9,2",17:00,"11,7","1014,1",22,"1011,4",Varias,55,73,02:30,42,15:40
2021-09-01,C449C,STA.CRUZ DE TENERIFE,STA. CRUZ DE TENERIFE,36,"27,1","0,0","23,9",Varias,"30,3",15:40,27,"2,5","10,0",18:10,"11,4","1014,5",11,"1012,3",04,63,74,Varias,51,15:30
2021-09-02,C449C,STA.CRUZ DE TENERIFE,STA. CRUZ DE TENERIFE,36,"25,6","0,0","23,5",23:59,"27,7",12:40,08,"2,5","9,4",17:00,,"1014,4",10,"1012,5",Varias,71,80,23:40,64,08:50
2021-09-03,C449C,STA.CRUZ DE TENERIFE,STA. CRUZ DE TENERIFE,36,"24,6","0,0","22,1",05:30,"27,0",12:50,08,"3,1","8,9",16:20,"11,5","1014,1",Varias,"1011,1",Varias,68,79,00:00,63,13:00
2021-09-04,C449C,STA.CRUZ DE TENERIFE,STA. CRUZ DE TENERIFE,36,"24,6","0,0","21,9",04:30,"27,3",16:30,18,"2,2","5,8",15:30,"10,4","1011,9",00,"1008,6",16,71,82,Varias,62,11:00
2021-09-05,C449C,STA.CRUZ DE TENERIFE,STA. CRUZ DE TENERIFE,36,"25,2","0,0","22,4",06:50,"27,9",14:20,99,"1,9","5,6",Varias,"11,6","1011,0",11,"1008,4",03,73,85,01:10,64,Varias
2021-09-06,C449C,STA.CRUZ DE TENERIFE,STA. CRUZ DE TENERIFE,36,"25,6","0,0","22,7",05:20,"28,4",12:30,14,"1,7","5,3",11:50,"11,4","1013,0",22,"1009,0",05,70,86,02:50,60,14:00
2021-09-07,C449C,STA.CRUZ DE TENERIFE,STA. CRUZ DE TENERIFE,36,"26,6","0,0","23,4",06:10,"29,7",16:40,07,"1,9","8,9",11:00,"11,4","1014,2",10,"1010,4",04,68,85,Varias,56,16:40
2021-09-08,C449C,STA.CRUZ DE TENERIFE,STA. CRUZ DE TENERIFE,36,"25,8","0,0","23,2",06:30,"28,5",15:20,06,"2,8","10,6",11:30,"10,8","1014,8",24,"1012,5",04,67,79,06:00,59,Varias
2021-09-09,C449C,STA.CRUZ DE TENERIFE,STA. CRUZ DE TENERIFE,36,"25,6","0,0","23,2",Varias,"28,1",11:50,08,"3,3","11,1",14:40,"11,3","1015,0",11,"1013,0",18,67,75,Varias,64,16:40
2021-09-10,C449C,STA.CRUZ DE TENERIFE,STA. CRUZ DE TENERIFE,36,"26,6","0,0","22,5",05:50,"30,6",17:50,07,"3,1","10,3",13:10,"11,1","1014,9",22,"1012,1",07,60,85,Varias,39,17:40
2021-09-11,C449C,STA.CRUZ DE TENERIFE,STA. CRUZ DE TENERIFE,36,"25,6","0,0","22,9",03:40,"28,4",16:40,10,"3,1","7,5",13:40,"10,9","1014,0",00,"1010,4",24,77,87,23:00,66,16:20
2021-09-12,C449C,STA.CRUZ DE TENERIFE,STA. CRUZ DE TENERIFE,36,"25,6","0,0","23,4",07:00,"27,7",14:20,23,"1,9","14,4",04:10,"9,4","1013,8",08,"1007,6",19,78,87,Varias,67,03:00
2021-09-13,C449C,STA.CRUZ DE TENERIFE,STA. CRUZ DE TENERIFE,36,"25,5","0,0","22,7",06:20,"28,3",16:50,34,"2,8","10,8",17:00,"9,5","1009,6",23,"1007,0",05,68,86,00:10,54,16:50
2021-09-14,C449C,STA.CRUZ DE TENERIFE,STA. CRUZ DE TENERIFE,36,"25,2","0,0","23,2",23:59,"27,1",09:40,28,"1,7","8,6",02:30,"4,2","1013,5",24,"1008,1",04,75,80,03:30,61,01:00
2021-09-15,C449C,STA.CRUZ DE TENERIFE,STA. CRUZ DE TENERIFE,36,"26,5",Ip,"23,0",03:00,"30,0",14:10,28,"3,9","10,6",13:10,"10,6","1015,8",22,"1012,1",04,55,71,03:00,43,Varias
2021-09-16,C449C,STA.CRUZ DE TENERIFE,STA. CRUZ DE TENERIFE,36,"26,4","0,4","23,8",Varias,"28,9",14:10,35,"3,6","9,7",12:40,"8,5","1016,5",22,"1013,8",04,58,71,23:59,48,13:40
2021-09-17,C449C,STA.CRUZ DE TENERIFE,STA. CRUZ DE TENERIFE,36,"25,4","0,2","22,7",03:50,"28,2",14:00,01,"2,8","9,4",13:50,"9,1","1016,2",00,"1012,5",17,60,76,00:40,50,13:50
2021-09-18,C449C,STA.CRUZ DE TENERIFE,STA. CRUZ DE TENERIFE,36,"25,2","0,0","22,8",03:00,"27,5",12:10,06,"3,9","11,1",13:30,"10,7","1015,1",21,"1012,3",17,66,76,22:50,54,09:20
2021-09-19,C449C,STA.CRUZ DE TENERIFE,STA. CRUZ DE TENERIFE,36,"24,9",Ip,"22,2",05:10,"27,6",10:30,06,"2,5","11,1",16:20,"8,3","1017,2",24,"1013,5",05,67,78,02:00,55,10:40
2021-09-20,C449C,STA.CRUZ DE TENERIFE,STA. CRUZ DE TENERIFE,36,"25,2","0,0","22,1",04:00,"28,4",15:10,04,"3,9","11,1",12:10,"8,6","1017,7",11,"1014,8",17,54,66,00:10,40,14:30
2021-09-21,C449C,STA.CRUZ DE TENERIFE,STA. CRUZ DE TENERIFE,36,"25,0","0,0","22,0",Varias,"27,9",Varias,35,"3,6","12,5",18:00,"9,4","1015,9",00,"1012,2",18,56,,,,
2021-09-22,C449C,STA.CRUZ DE TENERIFE,STA. CRUZ DE TENERIFE,36,"25,0","0,0","22,4",Varias,"27,7",11:20,31,"3,6","10,0",17:00,"8,2","1012,7",00,"1010,1",17,57,69,00:20,47,Varias
2021-09-23,C449C,STA.CRUZ DE TENERIFE,STA. CRUZ DE TENERIFE,36,"25,6","0,0","22,2",23:50,"29,1",13:40,29,"1,9","9,7",14:10,"9,2","1012,1",11,"1009,1",03,54,69,03:00,41,13:40
2021-09-24,C449C,STA.CRUZ DE TENERIFE,STA. CRUZ DE TENERIFE,36,"24,1","0,0","21,7",Varias,"26,5",14:00,08,"3,3","10,0",14:50,"9,7","1014,4",24,"1010,8",04,67,78,06:50,50,19:10
2021-09-25,C449C,STA.CRUZ DE TENERIFE,STA. CRUZ DE TENERIFE,36,"23,4","0,0","20,2",06:30,"26,5",13:30,09,"3,9","11,1",15:50,"10,6","1015,5",22,"1012,9",15,63,71,23:50,56,04:00
2021-09-26,C449C,STA.CRUZ DE TENERIFE,STA. CRUZ DE TENERIFE,36,"24,2","0,0","22,0",03:40,"26,5",14:40,10,"3,3","10,0",16:50,"10,4","1016,5",22,"1014,1",04,69,74,03:40,61,12:50
2021-09-27,C449C,STA.CRUZ DE TENERIFE,STA. CRUZ DE TENERIFE,36,"24,4","0,0","22,1",Varias,"26,7",10:30,07,"3,3","11,4",14:00,"6,9","1017,5",23,"1015,4",04,73,80,Varias,65,09:20
2021-09-28,C449C,STA.CRUZ DE TENERIFE,STA. CRUZ DE TENERIFE,36,"25,2","0,0","22,3",06:20,"28,0",15:30,06,"3,3","11,7",12:50,"10,3","1018,4",23,"1015,3",04,63,80,Varias,49,15:30
2021-09-29,C449C,STA.CRUZ DE TENERIFE,STA. CRUZ DE TENERIFE,36,"24,8",Ip,"23,0",21:00,"26,7",13:40,02,"4,2","11,4",13:00,"4,8","1018,3",11,"1015,8",17,61,71,08:50,54,13:20
2021-09-30,C449C,STA.CRUZ DE TENERIFE,STA. CRUZ DE TENERIFE,36,"25,7","0,0","22,0",06:40,"29,4",14:30,10,"2,5","7,8",13:00,"10,4","1016,1",00,"1011,8",17,59,75,Varias,48,12:50
2021-10-01,C449C,STA.CRUZ DE TENERIFE,STA. CRUZ DE TENERIFE,36,"25,8","0,0","21,9",05:20,"29,7",12:00,08,"1,9","6,4",14:30,"10,7","1014,3",10,"1012,0",04,65,84,23:30,55,12:00
2021-10-02,C449C,STA.CRUZ DE TENERIFE,STA. CRUZ DE TENERIFE,36,"25,8","0,0","22,2",06:00,"29,5",15:40,08,"2,2","8,1",13:20,"10,9","1013,9",12,"1011,8",16,62,84,00:00,43,03:40
2021-10-03,C449C,STA.CRUZ DE TENERIFE,STA. CRUZ DE TENERIFE,36,"23,9","0,0","21,2",06:30,"26,6",12:30,08,"3,6","12,8",14:10,"10,9","1017,4",23,"1012,0",04,70,83,01:50,60,09:10
2021-10-04,C449C,STA.CRUZ DE TENERIFE,STA. CRUZ DE TENERIFE,36,"24,6","0,4","21,6",21:50,"27,5",14:40,35,"3,1","10,3",14:10,"6,2","1017,3",11,"1015,0",17,68,79,08:30,56,14:30
2021-10-05,C449C,STA.CRUZ DE TENERIFE,STA. CRUZ DE TENERIFE,36,"23,6","0,0","21,0",23:50,"26,3",14:10,01,"3,1","10,6",03:50,"9,8","1016,9",10,"1013,5",17,55,68,05:30,46,Varias
2021-10-06,C449C,STA.CRUZ DE TENERIFE,STA. CRUZ DE TENERIFE,36,"23,5","0,0","19,7",07:00,"27,3",13:30,99,"2,8","10,0",Varias,"10,6","1015,0",00,"1012,3",16,60,71,06:50,51,Varias
2021-10-07,C449C,STA.CRUZ DE TENERIFE,STA. CRUZ DE TENERIFE,36,"23,6","0,0","20,4",05:40,"26,7",14:00,07,"3,9","10,0",14:20,"10,8","1014,6",00,"1012,1",17,65,74,19:40,57,10:50
2021-10-08,C449C,STA.CRUZ DE TENERIFE,STA. CRUZ DE TENERIFE,36,"24,4","0,0","20,7",06:20,"28,2",14:40,07,"2,5","7,2",12:20,"10,5","1014,8",23,"1012,5",15,58,76,03:40,42,15:00
2021-10-09,C449C,STA.CRUZ DE TENERIFE,STA. CRUZ DE TENERIFE,36,"24,6","0,0","21,0",04:10,"28,1",14:40,32,"3,1","12,2",20:10,"9,8","1015,6",10,"1012,5",16,60,71,06:10,45,15:20
2021-10-10,C449C,STA.CRUZ DE TENERIFE,STA. CRUZ DE TENERIFE,36,"24,9","0,0","21,6",04:50,"28,2",13:40,34,"3,3","12,2",17:10,"10,1","1013,1",00,"1010,1",16,58,70,05:00,46,13:30
2021-10-11,C449C,STA.CRUZ DE TENERIFE,STA. CRUZ DE TENERIFE,36,"24,5","0,0","21,4",05:40,"27,6",13:40,28,"3,1","10,0",16:40,"8,1","1013,0",24,"1010,0",04,55,67,Varias,44,Varias
2021-10-12,C449C,STA.CRUZ DE TENERIFE,STA. CRUZ DE TENERIFE,36,"24,2",Ip,"20,9",Varias,"27,4",14:40,10,"2,8","10,0",11:40,"10,4","1013,5",24,"1011,0",16,56,71,05:10,43,15:20
2021-10-13,C449C,STA.CRUZ DE TENERIFE,STA. CRUZ DE TENERIFE,36,"24,0","0,0","20,7",07:00,"27,3",13:30,99,"3,1","8,9",Varias,"10,2","1014,0",10,"1012,0",15,60,69,07:20,46,13:30
2021-10-14,C449C,STA.CRUZ DE TENERIFE,STA. CRUZ DE TENERIFE,36,"23,8","0,0","20,5",07:00,"27,0",16:50,09,"2,8","11,1",14:10,"10,7","1014,8",22,"1011,6",15,61,71,Varias,48,17:00
2021-10-15,C449C,STA.CRUZ DE TENERIFE,STA. CRUZ DE TENERIFE,36,"23,7","0,0","19,9",06:20,"27,5",14:40,09,"3,3","9,2",15:30,"10,4","1014,7",11,"1012,1",16,65,72,23:59,55,14:30
2021-10-16,C449C,STA.CRUZ DE TENERIFE,STA. CRUZ DE TENERIFE,36,"23,0","0,0","20,1",06:50,"26,0",13:50,10,"2,8","6,4",13:30,"10,4","1013,9",00,"1011,6",15,72,86,23:50,63,11:30
2021-10-17,C449C,STA.CRUZ DE TENERIFE,STA. CRUZ DE TENERIFE,36,"23,4","0,0","20,1",Varias,"26,8",14:00,10,"1,9","4,7",13:00,"10,6","1013,5",22,"1011,0",16,74,89,19:00,51,08:50
2021-10-18,C449C,STA.CRUZ DE TENERIFE,STA. CRUZ DE TENERIFE,36,"24,6","0,0","20,5",06:30,"28,6",16:00,07,"1,7","5,8",10:40,"10,3","1014,6",12,"1011,9",04,60,86,00:10,30,16:30
2021-10-19,C449C,STA.CRUZ DE TENERIFE,STA. CRUZ DE TENERIFE,36,"24,2","0,0","21,6",06:40,"26,8",16:20,07,"1,7","6,4",10:20,"8,1","1015,5",11,"1011,7",05,54,73,10:40,32,03:10
2021-10-20,C449C,STA.CRUZ DE TENERIFE,STA. CRUZ DE TENERIFE,36,"24,1","0,0","21,8",07:20,"26,4",09:30,08,"2,5","7,5",16:20,"9,9","1017,7",11,"1014,3",05,64,80,22:50,36,01:50
2021-10-21,C449C,STA.CRUZ DE TENERIFE,STA. CRUZ DE TENERIFE,36,"24,0","0,0","20,9",05:40,"27,2",13:50,06,"3,1","10,0",Varias,"10,4","1017,9",10,"1015,2",17,62,80,01:00,51,17:50
2021-10-22,C449C,STA.CRUZ DE TENERIFE,STA. CRUZ DE TENERIFE,36,"23,6","1,8","20,8",23:50,"26,3",12:20,04,"3,6","10,3",Varias,"9,8","1016,6",00,"1014,0",17,56,82,23:40,44,11:40
2021-10-23,C449C,STA.CRUZ DE TENERIFE,STA. CRUZ DE TENERIFE,36,"22,0",Ip,"19,7",03:30,"24,4",11:50,34,"2,2","8,6",10:20,"3,1","1015,9",22,"1013,4",04,69,89,03:20,55,11:50
2021-10-24,C449C,STA.CRUZ DE TENERIFE,STA. CRUZ DE TENERIFE,36,"23,0","0,2","21,1",Varias,"24,8",15:20,06,"4,2","9,2",16:50,"5,3","1016,8",10,"1014,2",04,62,68,Varias,56,09:50
2021-10-25,C449C,STA.CRUZ DE TENERIFE,STA. CRUZ DE TENERIFE,36,"23,0","0,4","20,3",04:00,"25,8",13:40,36,"3,1","9,4",05:10,"2,7","1016,8",10,"1014,1",05,62,75,06:50,52,14:40
2021-10-26,C449C,STA.CRUZ DE TENERIFE,STA. CRUZ DE TENERIFE,36,"23,6","0,2","21,2",Varias,"25,9",14:00,01,"2,8","9,2",14:40,"6,4","1016,9",Varias,"1014,0",17,58,73,10:10,49,13:30
2021-10-27,C449C,STA.CRUZ DE TENERIFE,STA. CRUZ DE TENERIFE,36,"22,8","0,6","20,5",23:59,"25,1",15:30,36,"2,5","9,2",18:00,"3,6","1015,9",00,"1012,9",16,65,75,12:40,47,15:30
2021-10-28,C449C,STA.CRUZ DE TENERIFE,STA. CRUZ DE TENERIFE,36,"23,0","0,0","20,5",Varias,"25,6",13:30,33,"3,3","10,3",15:50,"10,3","1015,8",23,"1012,8",05,54,69,02:40,37,13:30
2021-10-29,C449C,STA.CRUZ DE TENERIFE,STA. CRUZ DE TENERIFE,36,"21,8","0,0","18,6",07:00,"25,1",14:00,06,"3,1","9,2",15:40,"10,3","1015,9",10,"1012,9",Varias,60,67,Varias,48,11:00
2021-10-30,C449C,STA.CRUZ DE TENERIFE,STA. CRUZ DE TENERIFE,36,"21,4","0,0","18,2",Varias,"24,6",13:00,99,"3,3","6,4",Varias,"8,7","1017,9",23,"1014,1",04,64,72,22:10,55,11:30
2021-10-31,C449C,STA.CRUZ DE TENERIFE,STA. CRUZ DE TENERIFE,36,"21,1","0,0","17,7",06:10,"24,5",14:00,10,"2,8","7,5",16:00,"10,1","1019,2",11,"1016,5",05,66,75,21:10,60,Varias
2021-11-01,C449C,STA.CRUZ DE TENERIFE,STA. CRUZ DE TENERIFE,36,"21,6","0,0","18,3",06:00,"24,9",12:30,09,"4,4","10,8",14:40,"9,6","1018,5",00,"1014,8",17,64,71,22:20,59,Varias
2021-11-02,C449C,STA.CRUZ DE TENERIFE,STA. CRUZ DE TENERIFE,36,"22,0","0,0","18,8",04:00,"25,3",14:30,10,"2,5","7,5",10:20,"9,4","1016,8",11,"1014,1",16,71,73,Varias,62,Varias
2021-11-03,C449C,STA.CRUZ DE TENERIFE,STA. CRUZ DE TENERIFE,36,"23,0","0,0","19,4",05:00,"26,6",14:30,02,"2,5","8,9",13:10,"8,5","1015,5",11,"1012,1",16,59,73,01:10,44,14:30
2021-11-04,C449C,STA.CRUZ DE TENERIFE,STA. CRUZ DE TENERIFE,36,"23,6","0,2","20,3",21:10,"27,0",11:40,34,"2,5","9,4",10:10,"3,7","1015,2",24,"1011,5",06,70,86,16:10,50,11:30
2021-11-05,C449C,STA.CRUZ DE TENERIFE,STA. CRUZ DE TENERIFE,36,"21,6",Ip,"19,6",Varias,"23,5",13:50,06,"3,1","9,7",12:00,"3,8","1016,8",11,"1014,3",04,65,76,04:30,50,15:10
2021-11-06,C449C,STA.CRUZ DE TENERIFE,STA. CRUZ DE TENERIFE,36,"21,6","0,0","20,1",05:30,"23,1",15:00,06,"2,8","10,3",15:20,"1,0","1017,7",10,"1014,5",16,56,63,00:00,49,13:00
2021-11-07,C449C,STA.CRUZ DE TENERIFE,STA. CRUZ DE TENERIFE,36,"21,5","0,0","19,7",Varias,"23,3",12:30,08,"2,5","10,8",14:30,"4,1","1016,9",10,"1014,4",16,56,64,04:30,46,12:10
2021-11-08,C449C,STA.CRUZ DE TENERIFE,STA. CRUZ DE TENERIFE,36,"21,6","0,0","19,3",06:50,"23,8",15:10,08,"3,1","8,9",11:30,"9,1","1016,4",10,"1013,7",14,55,62,00:00,46,15:10
2021-11-09,C449C,STA.CRUZ DE TENERIFE,STA. CRUZ DE TENERIFE,36,"20,6","0,0","17,8",07:50,"23,5",13:20,06,"3,3","9,7",11:10,"8,5","1015,1",00,"1012,0",15,57,67,22:40,52,10:10
2021-11-10,C449C,STA.CRUZ DE TENERIFE,STA. CRUZ DE TENERIFE,36,"20,6","0,0","17,8",07:10,"23,4",15:10,06,"2,5","7,5",09:30,"7,4","1014,7",11,"1012,0",04,65,72,07:20,55,14:50
2021-11-11,C449C,STA.CRUZ DE TENERIFE,STA. CRUZ DE TENERIFE,36,"20,7","0,0","19,1",07:00,"22,3",12:00,08,"2,2","6,7",09:40,"0,0","1015,5",11,"1012,7",04,70,76,20:10,65,11:30
2021-11-12,C449C,STA.CRUZ DE TENERIFE,STA. CRUZ DE TENERIFE,36,"21,2","0,0","18,5",07:10,"23,9",13:00,08,"2,8","9,2",14:50,"5,4","1014,4",00,"1011,0",17,64,74,07:10,55,17:20
2021-11-13,C449C,STA.CRUZ DE TENERIFE,STA. CRUZ DE TENERIFE,36,"21,4","0,0","18,2",07:50,"24,6",13:20,35,"2,5","9,2",16:10,"8,1","1012,9",22,"1010,5",15,55,66,Varias,44,12:30
2021-11-14,C449C,STA.CRUZ DE TENERIFE,STA. CRUZ DE TENERIFE,36,"21,4","0,0","18,5",05:50,"24,4",12:00,11,"3,3","10,3",16:00,"8,3","1015,9",23,"1011,8",15,64,74,07:40,45,11:50
2021-11-15,C449C,STA.CRUZ DE TENERIFE,STA. CRUZ DE TENERIFE,36,"20,4","0,0","17,6",06:00,"23,3",12:20,10,"3,9","8,6",13:00,"9,2","1016,9",10,"1013,7",16,66,74,23:50,57,12:20
2021-11-16,C449C,STA.CRUZ DE TENERIFE,STA. CRUZ DE TENERIFE,36,"20,5","0,0","17,9",05:50,"23,1",12:50,08,"3,9","8,9",16:00,"7,7","1014,4",00,"1010,7",16,67,73,00:00,58,23:30
2021-11-17,C449C,STA.CRUZ DE TENERIFE,STA. CRUZ DE TENERIFE,36,"20,8","0,6","18,5",06:40,"23,0",11:40,02,"2,5","8,1",09:20,"4,2","1012,3",10,"1009,0",Varias,61,71,13:30,48,11:30
2021-11-18,C449C,STA.CRUZ DE TENERIFE,STA. CRUZ DE TENERIFE,36,"19,8","0,0","17,5",Varias,"22,2",13:10,99,"3,1","8,6",Varias,"4,0","1010,4",00,"1008,3",14,65,71,05:00,59,12:10
2021-11-19,C449C,STA.CRUZ DE TENERIFE,STA. CRUZ DE TENERIFE,36,"20,3","0,0","17,2",04:30,"23,4",12:20,31,"1,9","5,8",09:30,"6,0","1014,1",Varias,"1009,2",05,66,76,23:59,57,12:20
2021-11-20,C449C,STA.CRUZ DE TENERIFE,STA. CRUZ DE TENERIFE,36,"20,1","0,0","16,7",06:40,"23,5",14:00,26,"2,5","5,3",01:50,"8,7","1015,2",10,"1012,2",16,65,78,08:00,55,14:30
2021-11-21,C449C,STA.CRUZ DE TENERIFE,STA. CRUZ DE TENERIFE,36,"20,0","0,0","16,8",07:10,"23,3",12:30,18,"2,8","7,2",11:50,"5,2","1012,6",00,"1009,1",16,74,82,23:20,59,12:10
2021-11-22,C449C,STA.CRUZ DE TENERIFE,STA. CRUZ DE TENERIFE,36,"22,1","0,0","19,3",03:30,"24,9",12:00,14,"1,7","4,7",13:20,"5,6","1012,5",22,"1009,5",06,80,89,20:40,62,12:00
2021-11-23,C449C,STA.CRUZ DE TENERIFE,STA. CRUZ DE TENERIFE,36,"21,3","0,0","19,3",07:00,"23,3",15:10,12,"1,7","4,2",15:10,"4,2","1015,9",24,"1011,5",06,81,87,01:50,74,15:20
2021-11-24,C449C,STA.CRUZ DE TENERIFE,STA. CRUZ DE TENERIFE,36,"21,0","0,8","18,3",07:40,"23,6",15:10,99,"2,2","6,4",Varias,"7,8","1016,5",10,"1013,4",16,73,89,22:30,68,15:10
2021-11-25,C449C,STA.CRUZ DE TENERIFE,STA. CRUZ DE TENERIFE,36,"19,2","5,4","17,7",23:10,"20,7",00:00,03,"2,8","9,4",07:40,"0,0","1015,2",00,"1009,7",24,71,85,00:30,62,13:50
2021-11-26,C449C,STA.CRUZ DE TENERIFE,STA. CRUZ DE TENERIFE,36,"17,8","16,6","16,6",13:40,"18,9",08:40,36,"1,7","9,7",09:10,"0,1","1014,4",23,"1007,6",05,81,94,04:50,57,22:50
2021-11-27,C449C,STA.CRUZ DE TENERIFE,STA. CRUZ DE TENERIFE,36,"19,2","3,4","16,8",03:20,"21,6",12:40,33,"3,6","12,2",11:40,"6,2","1019,3",23,"1013,8",02,61,73,03:10,52,13:20
2021-11-28,C449C,STA.CRUZ DE TENERIFE,STA. CRUZ DE TENERIFE,36,"19,4","2,8","17,3",Varias,"21,6",11:40,35,"2,8","11,1",11:00,"3,8","1023,2",24,"1018,3",04,70,79,04:50,56,11:00
2021-11-29,C449C,STA.CRUZ DE TENERIFE,STA. CRUZ DE TENERIFE,36,"19,4",Ip,"17,1",06:40,"21,7",13:20,01,"2,5","10,6",19:10,"5,6","1023,9",10,"1020,1",17,61,73,06:00,46,14:00
2021-11-30,C449C,STA.CRUZ DE TENERIFE,STA. CRUZ DE TENERIFE,36,"19,6",Ip,"17,1",Varias,"22,1",15:30,07,"2,2","8,3",16:50,"6,6","1022,3",10,"1018,6",16,70,78,23:59,60,15:00
2021-12-01,C449C,STA.CRUZ DE TENERIFE,STA. CRUZ DE TENERIFE,36,"19,3","2,6","16,8",03:00,"21,8",12:50,06,"2,5","7,8",14:30,"4,1","1021,6",23,"1018,6",05,69,82,05:10,61,13:50
2021-12-02,C449C,STA.CRUZ DE TENERIFE,STA. CRUZ DE TENERIFE,36,"20,0","1,2","17,4",02:10,"22,5",13:30,02,"3,1","10,6",14:10,"5,8","1022,1",11,"1018,9",18,63,84,02:30,51,13:30
2021-12-03,C449C,STA.CRUZ DE TENERIFE,STA. CRUZ DE TENERIFE,36,"19,7",Ip,"18,0",03:10,"21,4",15:00,36,"2,8","10,8",12:00,"1,7","1019,4",Varias,"1016,7",15,63,78,09:40,51,12:50
2021-12-04,C449C,STA.CRUZ DE TENERIFE,STA. CRUZ DE TENERIFE,36,"20,2","0,0","18,5",01:40,"21,8",13:00,08,"4,4","10,6",09:00,"8,4","1021,9",23,"1018,0",05,61,73,04:10,49,17:20
2021-12-05,C449C,STA.CRUZ DE TENERIFE,STA. CRUZ DE TENERIFE,36,"19,8","0,0","17,8",08:30,"21,8",13:50,06,"3,9","11,1",00:10,"5,5","1023,0",11,"1020,2",Varias,60,69,00:50,54,15:40
2021-12-06,C449C,STA.CRUZ DE TENERIFE,STA. CRUZ DE TENERIFE,36,"19,9","0,0","18,7",08:30,"21,1",14:40,06,"3,6","9,7",10:10,"1,0","1022,1",00,"1018,5",15,63,70,20:30,56,14:40
2021-12-07,C449C,STA.CRUZ DE TENERIFE,STA. CRUZ DE TENERIFE,36,"19,0","0,8","17,9",22:40,"20,1",13:30,10,"1,9","8,6",15:20,"0,0","1021,7",11,"1018,2",16,75,83,19:30,68,00:30
2021-12-08,C449C,STA.CRUZ DE TENERIFE,STA. CRUZ DE TENERIFE,36,"19,4","1,4","16,5",Varias,"22,2",13:50,04,"2,2","8,3",12:30,"6,7","1023,0",23,"1019,6",03,66,81,01:30,56,Varias
2021-12-09,C449C,STA.CRUZ DE TENERIFE,STA. CRUZ DE TENERIFE,36,"19,0",Ip,"17,4",05:40,"20,5",13:30,01,"2,8","11,4",15:20,"0,6","1022,7",00,"1019,6",17,65,91,04:30,55,13:30
2021-12-10,C449C,STA.CRUZ DE TENERIFE,STA. CRUZ DE TENERIFE,36,"20,0","0,0","18,4",00:00,"21,6",14:50,06,"3,3","10,8",14:20,"5,5","1021,3",10,"1018,1",16,66,74,23:20,61,15:20
2021-12-11,C449C,STA.CRUZ DE TENERIFE,STA. CRUZ DE TENERIFE,36,"19,4","0,0","16,7",06:00,"22,0",15:50,07,"2,5","10,0",10:50,"6,9","1019,6",00,"1015,9",17,65,74,06:30,55,15:30
2021-12-12,C449C,STA.CRUZ DE TENERIFE,STA. CRUZ DE TENERIFE,36,"19,6","0,0","16,7",23:40,"22,6",14:00,36,"2,2","8,1",02:00,"2,6","1017,0",Varias,"1014,3",15,63,75,23:50,53,12:50
2021-12-13,C449C,STA.CRUZ DE TENERIFE,STA. CRUZ DE TENERIFE,36,"18,7","0,0","15,4",07:10,"22,0",16:10,10,"1,9","8,1",14:00,"9,4","1017,5",10,"1013,9",16,67,76,01:50,61,16:40
2021-12-14,C449C,STA.CRUZ DE TENERIFE,STA. CRUZ DE TENERIFE,36,"19,6","1,0","16,4",05:50,"22,7",14:50,29,"2,5","8,3",18:30,"9,0","1014,8",00,"1010,1",18,64,72,22:40,52,10:50
2021-12-15,C449C,STA.CRUZ DE TENERIFE,STA. CRUZ DE TENERIFE,36,"18,4","0,8","15,9",07:20,"20,9",15:20,31,"2,8","8,9",16:00,"3,4","1011,6",11,"1008,8",Varias,68,88,07:10,52,15:10
2021-12-16,C449C,STA.CRUZ DE TENERIFE,STA. CRUZ DE TENERIFE,36,"18,2","0,0","15,0",07:30,"21,5",14:30,08,"2,2","5,8",15:50,"9,6","1012,4",Varias,"1009,3",16,67,77,08:20,57,14:40
2021-12-17,C449C,STA.CRUZ DE TENERIFE,STA. CRUZ DE TENERIFE,36,"18,0","0,0","14,7",07:40,"21,4",15:00,10,"3,1","6,7",13:10,"9,4","1012,9",Varias,"1010,5",15,62,71,00:00,55,21:30
2021-12-18,C449C,STA.CRUZ DE TENERIFE,STA. CRUZ DE TENERIFE,36,"17,6","0,0","13,9",07:40,"21,3",15:00,26,"2,8","5,3",00:10,"9,4","1012,4",00,"1009,7",15,57,72,Varias,41,06:50
2021-12-19,C449C,STA.CRUZ DE TENERIFE,STA. CRUZ DE TENERIFE,36,"19,4","2,2","16,3",06:30,"22,5",13:20,17,"2,8","9,2",12:10,"2,7","1012,4",10,"1010,2",16,80,88,22:10,67,00:00
2021-12-20,C449C,STA.CRUZ DE TENERIFE,STA. CRUZ DE TENERIFE,36,"21,0","0,0","18,8",01:20,"23,1",15:20,20,"1,7","8,9",02:10,"5,8","1013,7",10,"1010,5",15,83,94,01:30,67,15:20
2021-12-21,C449C,STA.CRUZ DE TENERIFE,STA. CRUZ DE TENERIFE,36,"20,4","0,9","17,6",Varias,"23,1",15:10,03,"1,4","6,4",10:20,"3,8","1015,2",24,"1010,3",06,76,90,20:20,59,08:10
2021-12-22,C449C,STA.CRUZ DE TENERIFE,STA. CRUZ DE TENERIFE,36,"20,2","0,0","17,4",06:20,"22,9",13:10,18,"1,9","5,6",11:40,"5,3","1017,7",11,"1014,4",05,80,89,Varias,74,Varias
2021-12-23,C449C,STA.CRUZ DE TENERIFE,STA. CRUZ DE TENERIFE,36,"19,9","0,0","17,4",07:10,"22,4",12:50,10,"1,9","5,0",12:50,"8,0","1017,4",11,"1013,6",18,76,85,20:20,69,12:30
2021-12-24,C449C,STA.CRUZ DE TENERIFE,STA. CRUZ DE TENERIFE,36,"19,8","0,0","16,6",06:50,"22,9",14:10,18,"1,9","5,6",13:30,"8,0","1015,3",11,"1012,4",16,78,87,Varias,66,14:10
2021-12-25,C449C,STA.CRUZ DE TENERIFE,STA. CRUZ DE TENERIFE,36,"20,1","0,0","17,5",05:20,"22,7",13:20,28,"2,8","8,1",13:00,"8,6","1016,3",11,"1013,2",04,70,87,00:00,58,13:00
2021-12-26,C449C,STA.CRUZ DE TENERIFE,STA. CRUZ DE TENERIFE,36,"19,4","0,0","16,3",05:40,"22,6",15:00,19,"1,7","4,2",11:00,"9,5","1017,8",11,"1014,8",16,75,84,08:10,66,12:30
2021-12-27,C449C,STA.CRUZ DE TENERIFE,STA. CRUZ DE TENERIFE,36,"19,8","0,0","16,9",06:10,"22,7",14:10,08,"1,9","6,7",23:59,"7,8","1019,3",11,"1016,3",04,76,91,08:30,68,13:00
2021-12-28,C449C,STA.CRUZ DE TENERIFE,STA. CRUZ DE TENERIFE,36,"19,2","0,0","17,8",22:30,"20,5",14:10,99,"2,8","6,7",Varias,"0,6","1019,7",11,"1016,8",16,77,85,06:20,70,02:10
2021-12-29,C449C,STA.CRUZ DE TENERIFE,STA. CRUZ DE TENERIFE,36,"20,1","0,0","17,4",23:59,"22,8",14:00,14,"1,4","3,9",13:10,"9,2","1018,3",00,"1013,8",17,80,92,Varias,70,14:00
2021-12-30,C449C,STA.CRUZ DE TENERIFE,STA. CRUZ DE TENERIFE,36,"21,6","0,0","16,3",05:00,"27,0",14:20,21,"1,9","7,8",Varias,"9,6","1016,0",10,"1013,3",05,53,80,01:20,36,13:40
2021-12-31,C449C,STA.CRUZ DE TENERIFE,STA. CRUZ DE TENERIFE,36,"22,0","0,0","18,0",04:50,"26,0",16:00,21,"2,5","7,2",11:10,"9,7","1017,6",23,"1014,4",06,47,68,20:30,35,09:10
2022-01-01,C449C,STA.CRUZ DE TENERIFE,STA. CRUZ DE TENERIFE,36,"21,5","0,0","17,1",03:30,"25,9",Varias,29,"1,4","4,4",08:10,"9,8","1020,6",24,"1017,0",04,42,84,20:20,21,13:00
2022-01-02,C449C,STA.CRUZ DE TENERIFE,STA. CRUZ DE TENERIFE,36,"21,5","0,0","18,3",00:00,"24,7",13:50,28,"2,2","5,8",02:20,"9,8","1022,4",11,"1019,6",02,46,74,19:50,27,Varias
2022-01-03,C449C,STA.CRUZ DE TENERIFE,STA. CRUZ DE TENERIFE,36,"20,6","0,0","16,8",08:20,"24,3",14:20,28,"1,7","5,0",06:40,"9,5","1021,8",11,"1018,3",16,46,68,10:20,27,00:00
2022-01-04,C449C,STA.CRUZ DE TENERIFE,STA. CRUZ DE TENERIFE,36,"19,4","0,0","16,1",06:50,"22,7",16:10,04,"2,8","9,4",18:40,"9,8","1020,8",22,"1017,9",06,42,71,10:40,16,18:10
2022-01-05,C449C,STA.CRUZ DE TENERIFE,STA. CRUZ DE TENERIFE,36,"18,8","0,2","16,4",02:40,"21,1",13:10,06,"3,1","8,9",23:59,"2,3","1021,5",11,"1019,0",16,63,82,08:20,42,00:00
2022-01-06,C449C,STA.CRUZ DE TENERIFE,STA. CRUZ DE TENERIFE,36,"19,0",Ip,"17,4",04:20,"20,6",15:10,06,"2,2","9,2",11:20,"2,1","1020,7",11,"1018,6",16,65,73,13:50,56,12:10
2022-01-07,C449C,STA.CRUZ DE TENERIFE,STA. CRUZ DE TENERIFE,36,"19,1","0,2","17,7",08:00,"20,5",14:50,02,"2,8","10,8",14:10,"0,9","1020,5",11,"1017,2",17,71,81,07:30,62,15:20
2022-01-08,C449C,STA.CRUZ DE TENERIFE,STA. CRUZ DE TENERIFE,36,"19,8","0,0","18,0",Varias,"21,5",13:30,10,"3,1","9,4",15:40,"8,8","1019,7",11,"1016,6",15,67,81,23:30,61,15:10
2022-01-09,C449C,STA.CRUZ DE TENERIFE,STA. CRUZ DE TENERIFE,36,"20,2","0,0","17,3",04:10,"23,2",13:10,20,"2,8","10,6",10:00,"5,0","1019,7",11,"1017,0",18,44,83,02:10,31,09:00
2022-01-10,C449C,STA.CRUZ DE TENERIFE,STA. CRUZ DE TENERIFE,36,"18,6","0,0","16,0",23:59,"21,1",12:30,12,"2,5","9,7",06:30,"3,1","1017,8",00,"1013,2",16,55,72,04:10,39,10:50
2022-01-11,C449C,STA.CRUZ DE TENERIFE,STA. CRUZ DE TENERIFE,36,"18,4","0,0","15,2",05:30,"21,7",14:50,11,"2,8","7,2",16:10,"9,3","1015,7",Varias,"1013,3",05,64,74,23:40,41,00:50
2022-01-12,C449C,STA.CRUZ DE TENERIFE,STA. CRUZ DE TENERIFE,36,"18,7","0,0","16,6",23:59,"20,8",13:30,99,"2,5","5,8",Varias,"8,1","1016,9",11,"1014,0",17,71,78,06:50,60,13:20
2022-01-13,C449C,STA.CRUZ DE TENERIFE,STA. CRUZ DE TENERIFE,36,"18,2","0,0","15,3",07:20,"21,2",14:30,10,"2,5","5,6",15:40,"9,3","1016,9",11,"1014,2",Varias,73,82,06:30,46,21:40
2022-01-14,C449C,STA.CRUZ DE TENERIFE,STA. CRUZ DE TENERIFE,36,"19,8","0,0","15,7",03:00,"24,0",15:40,20,"2,8","10,8",14:50,"9,3","1016,9",Varias,"1014,2",06,41,62,23:50,32,15:30
2022-01-15,C449C,STA.CRUZ DE TENERIFE,STA. CRUZ DE TENERIFE,36,"20,3","0,0","17,6",02:40,"23,0",15:20,21,"4,7","11,9",12:30,"8,9","1017,9",24,"1013,6",17,35,63,02:30,19,Varias
2022-01-16,C449C,STA.CRUZ DE TENERIFE,STA. CRUZ DE TENERIFE,36,"20,1","3,0","18,3",08:00,"21,9",13:50,23,"4,4","13,6",15:10,"6,9","1017,9",00,"1012,1",00,46,53,10:50,23,19:50
2022-01-17,C449C,STA.CRUZ DE TENERIFE,STA. CRUZ DE TENERIFE,36,"18,4","29,2","16,3",06:40,"20,6",00:00,18,"3,3","12,2",01:30,"0,0","1018,9",12,"1015,3",07,85,93,07:50,40,00:30
2022-01-18,C449C,STA.CRUZ DE TENERIFE,STA. CRUZ DE TENERIFE,36,"18,6","0,0","16,4",00:00,"20,8",13:20,18,"3,1","10,0",10:10,"6,0","1018,0",00,"1015,1",16,74,93,00:20,47,23:50
2022-01-19,C449C,STA.CRUZ DE TENERIFE,STA. CRUZ DE TENERIFE,36,"19,7","0,0","16,8",00:00,"22,6",15:50,21,"3,6","11,9",11:20,"7,3","1017,4",11,"1013,8",19,44,65,22:10,37,19:30
2022-01-20,C449C,STA.CRUZ DE TENERIFE,STA. CRUZ DE TENERIFE,36,"20,4","0,0","17,6",23:59,"23,3",15:00,21,"3,9","12,2",03:40,"9,1","1014,3",00,"1008,9",18,53,72,23:59,30,04:20
2022-01-21,C449C,STA.CRUZ DE TENERIFE,STA. CRUZ DE TENERIFE,36,"18,8","1,2","16,3",Varias,"21,2",13:20,16,"2,2","5,0",13:00,"3,1","1010,1",Varias,"1007,5",16,71,88,20:50,52,08:10
2022-01-22,C449C,STA.CRUZ DE TENERIFE,STA. CRUZ DE TENERIFE,36,"19,2","0,2","15,8",05:30,"22,5",Varias,99,"2,8","5,8",Varias,"7,9","1014,4",Varias,"1009,1",04,75,86,21:30,63,14:00
2022-01-23,C449C,STA.CRUZ DE TENERIFE,STA. CRUZ DE TENERIFE,36,"19,1","0,0","15,8",Varias,"22,4",15:20,19,"1,9","6,4",14:40,"9,6","1018,3",23,"1014,0",02,74,87,21:00,62,09:40
2022-01-24,C449C,STA.CRUZ DE TENERIFE,STA. CRUZ DE TENERIFE,36,"19,4","3,0","16,9",05:50,"22,0",15:30,99,"1,9","4,7",Varias,"5,9","1020,3",23,"1016,4",06,74,92,21:20,65,09:40
2022-01-25,C449C,STA.CRUZ DE TENERIFE,STA. CRUZ DE TENERIFE,36,"19,0","11,0","16,9",01:20,"21,2",15:30,03,"3,3","11,7",12:40,"5,6","1020,3",11,"1017,9",16,61,89,00:20,50,Varias
2022-01-26,C449C,STA.CRUZ DE TENERIFE,STA. CRUZ DE TENERIFE,36,"18,6","8,2","15,8",04:50,"21,4",13:50,36,"3,9","12,2",04:10,"7,0","1018,5",00,"1014,6",Varias,64,81,04:40,52,13:50
2022-01-27,C449C,STA.CRUZ DE TENERIFE,STA. CRUZ DE TENERIFE,36,"17,5","0,4","14,2",07:10,"20,8",14:10,04,"1,9","6,9",17:30,"6,8","1015,6",00,"1011,8",16,61,83,03:00,43,15:30
2022-01-28,C449C,STA.CRUZ DE TENERIFE,STA. CRUZ DE TENERIFE,36,"17,4","6,6","14,3",08:00,"20,6",15:00,02,"2,5","9,2",11:00,"7,5","1014,7",Varias,"1012,1",05,61,83,11:40,52,16:30
2022-01-29,C449C,STA.CRUZ DE TENERIFE,STA. CRUZ DE TENERIFE,36,"18,7","0,0","15,4",06:00,"22,0",13:50,01,"2,5","10,3",12:30,"6,5","1015,8",23,"1013,1",16,60,73,04:30,46,16:20
2022-01-30,C449C,STA.CRUZ DE TENERIFE,STA. CRUZ DE TENERIFE,36,"18,6","0,0","15,3",06:00,"21,9",13:50,28,"2,2","4,7",04:40,"8,7","1016,1",23,"1012,4",17,61,73,23:50,53,10:50
2022-01-31,C449C,STA.CRUZ DE TENERIFE,STA. CRUZ DE TENERIFE,36,"18,8","0,0","14,9",06:10,"22,7",16:00,08,"3,9","8,3",16:50,"9,9","1018,1",11,"1014,6",17,59,74,00:30,27,16:10
2022-02-01,C449C,STA.CRUZ DE TENERIFE,STA. CRUZ DE TENERIFE,36,"19,4","2,0","16,3",00:30,"22,4",12:30,04,"1,7","5,8",12:20,"2,0","1016,7",24,"1013,7",15,53,76,Varias,37,04:00
2022-02-02,C449C,STA.CRUZ DE TENERIFE,STA. CRUZ DE TENERIFE,36,"20,9","4,4","17,6",04:00,"24,2",15:20,31,"3,6","14,7",20:50,"1,5","1017,8",08,"1013,0",17,56,76,08:20,48,10:40
2022-02-03,C449C,STA.CRUZ DE TENERIFE,STA. CRUZ DE TENERIFE,36,"21,8","0,0","17,4",06:20,"26,2",14:10,29,"1,4","9,2",02:10,"8,0","1017,5",01,"1012,6",16,57,86,06:10,42,17:10
2022-02-04,C449C,STA.CRUZ DE TENERIFE,STA. CRUZ DE TENERIFE,36,"21,6","0,0","17,9",23:50,"25,3",12:50,18,"2,5","7,2",13:10,"8,7","1014,8",12,"1012,2",16,41,67,02:40,33,12:00
2022-02-05,C449C,STA.CRUZ DE TENERIFE,STA. CRUZ DE TENERIFE,36,"20,4","0,0","16,8",06:40,"24,0",13:00,28,"1,9","5,8",07:30,"9,8","1014,5",24,"1011,4",16,45,60,18:50,31,10:40
2022-02-06,C449C,STA.CRUZ DE TENERIFE,STA. CRUZ DE TENERIFE,36,"19,2","0,0","16,2",05:10,"22,2",13:50,06,"3,6","10,3",16:30,"9,1","1015,6",23,"1012,8",05,66,77,23:59,41,00:30
2022-02-07,C449C,STA.CRUZ DE TENERIFE,STA. CRUZ DE TENERIFE,36,"18,9","0,0","16,6",06:30,"21,2",13:30,06,"3,1","9,4",15:00,"9,0","1015,6",Varias,"1011,7",17,75,82,18:50,54,23:59
2022-02-08,C449C,STA.CRUZ DE TENERIFE,STA. CRUZ DE TENERIFE,36,"21,2","0,0","17,1",06:00,"25,4",12:20,21,"3,1","9,7",14:30,"9,7","1012,7",00,"1010,0",16,50,78,22:40,31,12:10
2022-02-09,C449C,STA.CRUZ DE TENERIFE,STA. CRUZ DE TENERIFE,36,"21,8",Ip,"17,8",02:00,"25,9",12:40,25,"1,9","7,5",09:50,"2,2","1017,1",22,"1011,8",03,31,44,01:50,21,10:20
2022-02-10,C449C,STA.CRUZ DE TENERIFE,STA. CRUZ DE TENERIFE,36,"23,4","0,0","20,2",21:00,"26,6",13:10,16,"2,2","8,3",12:30,"8,3","1019,3",12,"1015,3",06,41,65,06:30,26,06:10
2022-02-11,C449C,STA.CRUZ DE TENERIFE,STA. CRUZ DE TENERIFE,36,"22,2","0,0","18,7",23:59,"25,7",14:00,32,"0,8","9,4",05:10,"9,1","1020,2",11,"1016,9",15,54,70,06:40,23,04:00
2022-02-12,C449C,STA.CRUZ DE TENERIFE,STA. CRUZ DE TENERIFE,36,"20,8","0,0","17,9",23:59,"23,7",14:30,32,"5,0","12,2",16:30,"10,2","1019,8",24,"1016,7",16,58,68,07:20,39,01:00
2022-02-13,C449C,STA.CRUZ DE TENERIFE,STA. CRUZ DE TENERIFE,36,"19,0","0,0","15,5",07:50,"22,6",16:50,28,"3,6","9,4",17:20,"10,4","1020,5",24,"1016,9",16,63,70,01:10,45,18:20
2022-02-14,C449C,STA.CRUZ DE TENERIFE,STA. CRUZ DE TENERIFE,36,"18,4","0,8","16,0",06:30,"20,8",12:20,06,"2,5","9,4",15:10,"3,7","1021,7",24,"1018,8",Varias,74,89,16:30,61,00:00
2022-02-15,C449C,STA.CRUZ DE TENERIFE,STA. CRUZ DE TENERIFE,36,"18,9","0,2","16,4",08:00,"21,4",16:40,33,"2,2","10,8",16:20,"4,5","1024,0",24,"1021,1",06,63,77,Varias,51,16:00
2022-02-16,C449C,STA.CRUZ DE TENERIFE,STA. CRUZ DE TENERIFE,36,"18,4","0,0","16,5",01:00,"20,4",Varias,09,"3,9","11,4",13:40,"9,5","1025,3",12,"1021,8",17,64,75,23:00,56,09:00
2022-02-17,C449C,STA.CRUZ DE TENERIFE,STA. CRUZ DE TENERIFE,36,"18,4","0,0","15,3",Varias,"21,4",14:20,09,"2,8","8,3",11:30,"10,4","1023,6",00,"1018,0",19,70,80,03:40,61,Varias
2022-02-18,C449C,STA.CRUZ DE TENERIFE,STA. CRUZ DE TENERIFE,36,"18,9","0,0","15,3",07:20,"22,5",13:40,34,"2,8","10,6",16:00,"10,4","1019,6",24,"1016,8",16,58,74,07:10,46,13:10
2022-02-19,C449C,STA.CRUZ DE TENERIFE,STA. CRUZ DE TENERIFE,36,"18,2","24,4","15,3",23:59,"21,2",13:20,35,"3,9","11,7",13:10,"4,2","1022,1",Varias,"1017,3",05,62,85,19:00,49,13:20
2022-02-20,C449C,STA.CRUZ DE TENERIFE,STA. CRUZ DE TENERIFE,36,"17,6","1,0","14,9",00:30,"20,4",Varias,32,"5,0","14,7",16:30,"7,5","1022,1",00,"1017,8",17,55,83,00:00,47,Varias
2022-02-21,C449C,STA.CRUZ DE TENERIFE,STA. CRUZ DE TENERIFE,36,"17,6","0,0","14,5",06:30,"20,7",13:50,99,"3,1","8,9",Varias,"9,4","1018,5",00,"1014,6",18,65,79,02:30,53,09:50
2022-02-22,C449C,STA.CRUZ DE TENERIFE,STA. CRUZ DE TENERIFE,36,"17,9","0,0","13,9",07:10,"21,9",15:50,26,"3,1","6,9",22:30,"10,4","1015,8",00,"1009,3",17,69,77,03:00,53,09:50
2022-02-23,C449C,STA.CRUZ DE TENERIFE,STA. CRUZ DE TENERIFE,36,"19,0","0,0","15,0",06:00,"22,9",16:50,27,"2,2","7,2",16:40,"10,6","1013,1",23,"1009,8",04,63,73,07:00,48,02:30
2022-02-24,C449C,STA.CRUZ DE TENERIFE,STA. CRUZ DE TENERIFE,36,"19,6","0,8","16,3",06:10,"22,8",12:20,32,"3,9","12,5",23:10,"7,1","1013,9",11,"1011,4",05,62,73,19:50,53,14:40
2022-02-25,C449C,STA.CRUZ DE TENERIFE,STA. CRUZ DE TENERIFE,36,"19,4","12,8","17,1",23:59,"21,8",15:30,34,"3,9","10,3",14:30,"3,8","1014,3",11,"1011,7",18,63,79,23:59,52,15:30
2022-02-26,C449C,STA.CRUZ DE TENERIFE,STA. CRUZ DE TENERIFE,36,"18,4","8,6","15,9",08:30,"21,0",13:50,36,"4,2","13,1",10:50,"7,1","1015,8",23,"1011,5",04,62,83,04:30,51,13:50
2022-02-27,C449C,STA.CRUZ DE TENERIFE,STA. CRUZ DE TENERIFE,36,"19,4","0,0","17,2",00:30,"21,6",14:40,34,"5,3","15,0",13:10,"9,6","1018,3",23,"1014,5",04,56,79,00:30,46,14:20
2022-02-28,C449C,STA.CRUZ DE TENERIFE,STA. CRUZ DE TENERIFE,36,"19,1","0,0","17,0",Varias,"21,2",14:20,34,"4,7","12,8",13:00,"5,9","1020,0",23,"1017,1",05,57,69,21:10,48,13:30
2022-03-01,C449C,STA.CRUZ DE TENERIFE,STA. CRUZ DE TENERIFE,36,"19,9","0,0","17,5",07:30,"22,3",14:10,33,"4,2","12,5",00:50,"8,9","1021,6",12,"1018,6",04,57,65,02:40,51,Varias
2022-03-02,C449C,STA.CRUZ DE TENERIFE,STA. CRUZ DE TENERIFE,36,"20,0","0,0","17,3",07:10,"22,6",15:20,34,"3,9","11,1",17:50,"10,7","1023,4",23,"1020,7",05,56,68,05:30,48,Varias
2022-03-03,C449C,STA.CRUZ DE TENERIFE,STA. CRUZ DE TENERIFE,36,"20,4","0,6","18,0",23:10,"22,8",15:40,02,"3,1","11,4",23:20,"6,9","1023,2",00,"1020,8",Varias,62,73,22:50,50,15:40
2022-03-04,C449C,STA.CRUZ DE TENERIFE,STA. CRUZ DE TENERIFE,36,"18,6","2,4","16,1",07:00,"21,1",14:50,01,"2,8","12,2",11:30,"3,7","1022,0",00,"1019,5",17,71,92,07:00,48,14:50
2022-03-05,C449C,STA.CRUZ DE TENERIFE,STA. CRUZ DE TENERIFE,36,"18,5","0,0","16,4",05:40,"20,6",16:40,30,"3,9","12,5",05:10,"5,9","1020,5",00,"1016,7",18,60,67,10:30,54,14:00
2022-03-06,C449C,STA.CRUZ DE TENERIFE,STA. CRUZ DE TENERIFE,36,"19,8","0,0","16,9",04:50,"22,6",14:20,34,"3,9","13,6",11:20,"10,6","1017,9",00,"1013,5",16,56,66,03:00,47,15:50
2022-03-07,C449C,STA.CRUZ DE TENERIFE,STA. CRUZ DE TENERIFE,36,"19,4","0,0","16,3",07:20,"22,6",15:20,35,"3,3","8,6",15:30,"10,0","1017,1",24,"1013,6",05,54,73,02:50,44,14:50
2022-03-08,C449C,STA.CRUZ DE TENERIFE,STA. CRUZ DE TENERIFE,36,"18,3","0,0","15,3",07:50,"21,3",13:50,08,"3,1","10,0",14:10,"10,3","1017,6",11,"1015,2",Varias,61,69,23:40,49,10:10
2022-03-09,C449C,STA.CRUZ DE TENERIFE,STA. CRUZ DE TENERIFE,36,"18,7",Ip,"16,2",07:30,"21,2",12:30,09,"3,3","9,4",13:10,"7,6","1017,7",23,"1014,5",16,68,74,23:10,62,11:00
2022-03-10,C449C,STA.CRUZ DE TENERIFE,STA. CRUZ DE TENERIFE,36,"19,2","0,0","16,7",23:59,"21,7",11:50,10,"3,1","10,6",15:10,"10,6","1018,2",Varias,"1015,1",17,59,73,05:50,47,11:10
2022-03-11,C449C,STA.CRUZ DE TENERIFE,STA. CRUZ DE TENERIFE,36,"19,4","0,0","14,5",07:00,"24,4",15:30,32,"2,8","8,3",00:40,"11,3","1018,9",12,"1015,9",05,57,72,05:10,41,15:40
2022-03-12,C449C,STA.CRUZ DE TENERIFE,STA. CRUZ DE TENERIFE,36,"20,0","0,0","16,0",06:30,"24,1",13:50,28,"2,2","10,3",15:40,"10,7","1018,5",11,"1016,2",17,63,76,06:10,51,13:50
2022-03-13,C449C,STA.CRUZ DE TENERIFE,STA. CRUZ DE TENERIFE,36,"20,0","1,2","16,4",06:20,"23,7",13:50,28,"3,3","12,2",14:50,"9,2","1016,9",00,"1013,3",20,59,78,23:59,45,13:40
2022-03-14,C449C,STA.CRUZ DE TENERIFE,STA. CRUZ DE TENERIFE,36,"15,8","19,6","13,3",17:10,"18,3",00:00,33,"9,7","25,0",08:00,"6,4","1014,0",00,"1009,1",17,66,81,00:10,53,04:40
2022-03-15,C449C,STA.CRUZ DE TENERIFE,STA. CRUZ DE TENERIFE,36,"16,8","8,2","13,5",01:20,"20,2",17:20,32,"4,7","18,6",02:20,"4,3","1016,3",23,"1008,7",04,59,79,10:00,46,15:50
2022-03-16,C449C,STA.CRUZ DE TENERIFE,STA. CRUZ DE TENERIFE,36,"18,8",Ip,"16,4",06:40,"21,3",15:10,32,"5,0","15,8",10:50,"6,5","1019,1",23,"1014,5",05,59,69,06:30,45,11:00
2022-03-17,C449C,STA.CRUZ DE TENERIFE,STA. CRUZ DE TENERIFE,36,"19,0",Ip,"16,7",05:20,"21,2",16:40,36,"4,2","10,6",20:50,"3,5","1019,0",00,"1016,0",17,58,69,05:20,47,16:20
2022-03-18,C449C,STA.CRUZ DE TENERIFE,STA. CRUZ DE TENERIFE,36,"19,5","0,0","16,1",03:30,"22,9",15:40,33,"2,2","7,8",01:00,"3,9","1016,6",00,"1013,2",17,60,68,06:50,47,15:30
2022-03-19,C449C,STA.CRUZ DE TENERIFE,STA. CRUZ DE TENERIFE,36,"19,1","0,0","16,9",23:30,"21,3",14:20,33,"3,3","10,6",22:20,"2,3","1014,5",11,"1012,4",05,61,66,Varias,52,10:10
2022-03-20,C449C,STA.CRUZ DE TENERIFE,STA. CRUZ DE TENERIFE,36,"19,4","0,0","16,6",23:59,"22,1",13:50,28,"3,1","12,2",15:50,"8,9","1016,6",23,"1012,6",05,53,68,05:00,43,13:40
2022-03-21,C449C,STA.CRUZ DE TENERIFE,STA. CRUZ DE TENERIFE,36,"18,8","0,0","15,2",05:40,"22,5",13:00,32,"3,1","9,7",17:00,"10,2","1016,9",11,"1015,1",05,54,69,06:50,43,12:50
2022-03-22,C449C,STA.CRUZ DE TENERIFE,STA. CRUZ DE TENERIFE,36,"19,0",Ip,"15,4",05:40,"22,7",15:00,27,"3,3","10,0",15:20,"9,1","1016,8",11,"1013,9",17,54,69,Varias,40,15:10
2022-03-23,C449C,STA.CRUZ DE TENERIFE,STA. CRUZ DE TENERIFE,36,"19,2","0,2","16,7",03:20,"21,6",13:40,35,"3,9","12,5",11:10,"7,6","1015,8",Varias,"1013,3",17,59,74,01:10,43,15:10
2022-03-24,C449C,STA.CRUZ DE TENERIFE,STA. CRUZ DE TENERIFE,36,"18,9","1,6","16,4",06:00,"21,4",16:10,28,"4,2","13,9",12:20,"9,7","1014,3",00,"1010,6",16,55,72,10:00,41,16:00
2022-03-25,C449C,STA.CRUZ DE TENERIFE,STA. CRUZ DE TENERIFE,36,"19,2","0,0","16,3",05:40,"22,1",10:40,32,"2,8","7,2",09:40,"3,7","1012,2",00,"1009,8",17,62,69,Varias,45,10:40
2022-03-26,C449C,STA.CRUZ DE TENERIFE,STA. CRUZ DE TENERIFE,36,"19,4","4,2","17,1",07:10,"21,8",11:50,20,"3,1","11,4",19:30,"2,6","1010,2",00,"1004,2",24,69,79,22:50,62,Varias
2022-03-27,C449C,STA.CRUZ DE TENERIFE,STA. CRUZ DE TENERIFE,36,"19,4","0,2","16,0",06:30,"22,7",16:50,19,"2,2","13,9",03:40,"3,0","1006,5",24,"1001,6",04,76,92,07:00,51,16:50
2022-03-28,C449C,STA.CRUZ DE TENERIFE,STA. CRUZ DE TENERIFE,36,"19,4","2,2","15,8",06:00,"23,1",15:40,19,"5,3","17,2",12:50,"6,6","1008,1",Varias,"1002,4",16,73,87,13:30,58,16:50
2022-03-29,C449C,STA.CRUZ DE TENERIFE,STA. CRUZ DE TENERIFE,36,"20,0",Ip,"16,6",06:00,"23,3",15:00,32,"3,1","11,1",11:40,"9,4","1013,0",23,"1008,1",00,61,81,05:00,50,13:50
