fecha,indicativo,nombre,provincia,altitud,tmed,prec,tmin,horatmin,tmax,horatmax,velmedia,hrMedia,dir,racha,horaracha,presMax,horaPresMax,presMin,horaPresMin,hrMax,horaHrMax,hrMin,horaHrMin,isla
2021-01-01,C329Z,SAN SEBASTIÁN DE LA GOMERA,STA. CRUZ DE TENERIFE,15,"19,0","0,0","17,1",23:59,"21,0",12:00,"1,9",55,,,,,,,,,,,,La Gomera
2021-01-02,C329Z,SAN SEBASTIÁN DE LA GOMERA,STA. CRUZ DE TENERIFE,15,"18,4","0,0","15,7",06:00,"21,1",12:10,"1,7",64,06,"6,4",13:20,"1018,4",10,"1014,6",19,75,06:00,56,17:20,La Gomera
2021-01-03,C329Z,SAN SEBASTIÁN DE LA GOMERA,STA. CRUZ DE TENERIFE,15,"17,6","0,3","15,9",05:40,"19,4",14:00,"2,2",70,16,"9,4",17:50,"1016,5",10,"1012,6",18,79,11:00,64,Varias,La Gomera
2021-01-04,C329Z,SAN SEBASTIÁN DE LA GOMERA,STA. CRUZ DE TENERIFE,15,"19,1","2,4","17,5",23:59,"20,7",20:00,"5,8",79,18,"11,4",14:40,"1013,7",02,"1009,1",Varias,91,Varias,70,Varias,La Gomera
2021-01-05,C329Z,SAN SEBASTIÁN DE LA GOMERA,STA. CRUZ DE TENERIFE,15,"20,9","16,8","16,8",04:50,"25,0",14:30,"1,9",72,23,"8,1",23:50,"1010,4",10,"1006,9",17,88,00:00,57,14:30,La Gomera
2021-01-06,C329Z,SAN SEBASTIÁN DE LA GOMERA,STA. CRUZ DE TENERIFE,15,"21,6","3,5","18,6",01:00,"24,5",14:00,"3,1",73,24,"18,3",10:40,"1007,9",00,"1002,8",16,95,05:20,57,13:50,La Gomera
2021-01-07,C329Z,SAN SEBASTIÁN DE LA GOMERA,STA. CRUZ DE TENERIFE,15,"21,2","6,7","18,5",23:59,"23,9",11:40,"4,7",78,19,"19,2",06:00,"1004,9",00,"1000,7",15,87,Varias,58,11:30,La Gomera
2021-01-08,C329Z,SAN SEBASTIÁN DE LA GOMERA,STA. CRUZ DE TENERIFE,15,"17,8","12,6","15,7",21:40,"19,9",01:20,"3,9",71,30,"14,7",20:20,"1015,1",24,"1002,4",02,83,06:50,59,20:20,La Gomera
2021-01-09,C329Z,SAN SEBASTIÁN DE LA GOMERA,STA. CRUZ DE TENERIFE,15,"16,1","3,3","14,1",05:20,"18,1",12:40,"4,2",64,04,"18,3",15:40,"1021,5",24,"1014,8",Varias,75,05:10,53,12:00,La Gomera
2021-01-10,C329Z,SAN SEBASTIÁN DE LA GOMERA,STA. CRUZ DE TENERIFE,15,"17,2","3,0","14,9",09:10,"19,5",12:30,"3,9",64,01,"14,4",01:10,"1022,6",11,"1019,9",06,78,09:00,52,12:10,La Gomera
2021-01-11,C329Z,SAN SEBASTIÁN DE LA GOMERA,STA. CRUZ DE TENERIFE,15,"17,6","0,4","15,2",08:00,"19,9",14:00,"2,5",54,01,"13,6",01:00,"1023,4",23,"1020,3",15,75,02:10,43,15:20,La Gomera
2021-01-12,C329Z,SAN SEBASTIÁN DE LA GOMERA,STA. CRUZ DE TENERIFE,15,"18,8","0,0","15,9",02:40,"21,8",14:20,"3,1",61,34,"12,5",11:50,"1024,7",23,"1021,4",06,68,Varias,51,14:20,La Gomera
2021-01-13,C329Z,SAN SEBASTIÁN DE LA GOMERA,STA. CRUZ DE TENERIFE,15,"18,4","0,0","16,6",00:30,"20,3",14:10,"3,1",62,35,"12,5",14:30,"1026,8",23,"1023,3",05,68,Varias,56,23:20,La Gomera
2021-01-14,C329Z,SAN SEBASTIÁN DE LA GOMERA,STA. CRUZ DE TENERIFE,15,"18,4","0,0","15,6",06:50,"21,3",13:20,"2,8",55,03,"11,1",21:30,"1027,4",11,"1024,4",16,64,08:10,46,18:10,La Gomera
2021-01-15,C329Z,SAN SEBASTIÁN DE LA GOMERA,STA. CRUZ DE TENERIFE,15,"18,8","0,0","16,5",03:00,"21,1",15:30,"2,5",55,30,"12,8",20:10,"1026,6",11,"1022,8",16,64,03:40,53,Varias,La Gomera
2021-01-16,C329Z,SAN SEBASTIÁN DE LA GOMERA,STA. CRUZ DE TENERIFE,15,"19,0","0,0","16,7",04:40,"21,4",12:50,"3,6",60,02,"13,1",07:20,"1024,1",11,"1021,4",15,66,16:50,51,11:50,La Gomera
2021-01-17,C329Z,SAN SEBASTIÁN DE LA GOMERA,STA. CRUZ DE TENERIFE,15,"18,9","0,0","16,2",07:00,"21,6",16:20,"2,5",62,34,"8,3",19:40,"1024,9",11,"1022,0",04,65,19:30,55,10:20,La Gomera
2021-01-18,C329Z,SAN SEBASTIÁN DE LA GOMERA,STA. CRUZ DE TENERIFE,15,"17,9","0,0","14,4",03:50,"21,4",13:30,"1,7",61,35,"6,4",04:50,"1024,6",22,"1022,0",06,67,Varias,51,09:50,La Gomera
2021-01-19,C329Z,SAN SEBASTIÁN DE LA GOMERA,STA. CRUZ DE TENERIFE,15,"17,2","0,0","13,5",08:10,"20,9",13:40,"2,2",64,16,"7,5",11:00,"1024,2",00,"1021,2",19,75,21:00,58,10:00,La Gomera
2021-01-20,C329Z,SAN SEBASTIÁN DE LA GOMERA,STA. CRUZ DE TENERIFE,15,"17,4","0,0","13,1",07:30,"21,8",14:40,"1,7",65,03,"12,2",23:50,"1022,8",12,"1020,2",16,75,21:10,60,16:00,La Gomera
2021-01-21,C329Z,SAN SEBASTIÁN DE LA GOMERA,STA. CRUZ DE TENERIFE,15,"19,7","0,0","15,2",08:20,"24,2",14:30,"2,2",72,36,"8,3",00:20,"1024,5",24,"1021,5",00,84,08:10,57,13:10,La Gomera
2021-01-22,C329Z,SAN SEBASTIÁN DE LA GOMERA,STA. CRUZ DE TENERIFE,15,"20,0","0,0","17,5",04:50,"22,6",14:20,"3,1",74,01,"11,4",11:20,"1024,8",10,"1022,8",05,84,04:30,67,14:20,La Gomera
2021-01-23,C329Z,SAN SEBASTIÁN DE LA GOMERA,STA. CRUZ DE TENERIFE,15,"19,0","0,0","16,2",07:30,"21,9",12:00,"1,1",78,02,"8,3",03:00,"1024,0",00,"1020,2",16,85,Varias,73,11:50,La Gomera
2021-01-24,C329Z,SAN SEBASTIÁN DE LA GOMERA,STA. CRUZ DE TENERIFE,15,"19,2","0,0","16,1",06:40,"22,4",15:00,"1,9",80,05,"7,2",15:20,"1021,6",11,"1018,5",17,86,Varias,75,12:20,La Gomera
2021-01-25,C329Z,SAN SEBASTIÁN DE LA GOMERA,STA. CRUZ DE TENERIFE,15,"18,6","0,0","15,0",06:00,"22,3",12:00,"2,2",76,34,"9,2",22:00,"1022,4",23,"1019,2",05,82,00:00,67,12:00,La Gomera
2021-01-26,C329Z,SAN SEBASTIÁN DE LA GOMERA,STA. CRUZ DE TENERIFE,15,"19,2","0,0","16,3",07:30,"22,2",12:00,"3,1",,03,"10,8",19:30,"1022,9",11,"1020,2",16,81,07:30,62,11:50,La Gomera
2021-01-27,C329Z,SAN SEBASTIÁN DE LA GOMERA,STA. CRUZ DE TENERIFE,15,"18,8","0,0","15,3",07:00,"22,2",16:00,"1,9",74,35,"6,9",00:20,"1020,8",12,"1018,2",17,86,22:10,61,10:00,La Gomera
2021-01-28,C329Z,SAN SEBASTIÁN DE LA GOMERA,STA. CRUZ DE TENERIFE,15,"20,4","0,0","15,0",08:00,"25,7",17:30,"1,7",63,15,"4,7",13:10,"1021,0",11,"1018,0",Varias,75,11:10,38,17:00,La Gomera
2021-01-29,C329Z,SAN SEBASTIÁN DE LA GOMERA,STA. CRUZ DE TENERIFE,15,"20,1","0,0","16,0",07:20,"24,2",13:00,"1,1",62,16,"7,5",10:30,"1022,8",23,"1019,4",05,86,10:20,43,00:00,La Gomera
2021-01-30,C329Z,SAN SEBASTIÁN DE LA GOMERA,STA. CRUZ DE TENERIFE,15,"21,0","0,0","17,1",05:40,"24,9",11:30,"5,0",73,02,"13,9",07:10,"1023,4",12,"1021,2",Varias,81,12:30,34,10:20,La Gomera
2021-01-31,C329Z,SAN SEBASTIÁN DE LA GOMERA,STA. CRUZ DE TENERIFE,15,"20,8","0,0","18,6",Varias,"23,1",16:30,"4,2",68,34,"14,2",20:50,"1023,6",12,"1019,0",19,83,08:40,54,19:50,La Gomera
2021-02-01,C329Z,SAN SEBASTIÁN DE LA GOMERA,STA. CRUZ DE TENERIFE,15,"20,9","0,0","17,7",03:40,"24,1",14:00,"2,2",63,02,"15,0",05:30,"1020,9",01,"1016,9",16,80,23:00,58,14:10,La Gomera
2021-02-02,C329Z,SAN SEBASTIÁN DE LA GOMERA,STA. CRUZ DE TENERIFE,15,"19,9","0,0","16,3",07:00,"23,5",13:20,"1,7",72,36,"10,6",00:30,"1018,9",11,"1016,2",15,77,18:00,63,09:50,La Gomera
2021-02-03,C329Z,SAN SEBASTIÁN DE LA GOMERA,STA. CRUZ DE TENERIFE,15,"17,4","0,0","14,7",06:20,"20,2",13:30,"2,2",70,03,"8,6",18:30,"1017,9",00,"1013,9",24,75,00:00,68,Varias,La Gomera
2021-02-04,C329Z,SAN SEBASTIÁN DE LA GOMERA,STA. CRUZ DE TENERIFE,15,"16,6","19,5","12,6",23:59,"20,5",11:40,"3,3",69,35,"11,7",12:00,"1013,9",00,"1008,4",Varias,93,03:00,49,11:00,La Gomera
2021-02-05,C329Z,SAN SEBASTIÁN DE LA GOMERA,STA. CRUZ DE TENERIFE,15,"14,2","9,8","12,1",06:00,"16,4",10:40,"3,1",72,32,"16,7",19:30,"1015,3",24,"1007,7",04,86,03:50,64,Varias,La Gomera
2021-02-06,C329Z,SAN SEBASTIÁN DE LA GOMERA,STA. CRUZ DE TENERIFE,15,"17,6","0,3","15,5",00:10,"19,7",12:40,"3,1",64,34,"16,4",02:20,"1019,9",24,"1014,6",01,78,19:00,56,07:30,La Gomera
2021-02-07,C329Z,SAN SEBASTIÁN DE LA GOMERA,STA. CRUZ DE TENERIFE,15,"19,0","0,0","16,4",21:00,"21,6",13:00,"2,8",64,02,"12,5",00:10,"1021,9",11,"1018,7",03,72,10:10,57,13:40,La Gomera
2021-02-08,C329Z,SAN SEBASTIÁN DE LA GOMERA,STA. CRUZ DE TENERIFE,15,"18,6","0,0","15,9",03:50,"21,2",14:00,"1,4",69,35,"8,6",23:30,"1021,7",11,"1018,2",16,78,08:00,63,13:10,La Gomera
2021-02-09,C329Z,SAN SEBASTIÁN DE LA GOMERA,STA. CRUZ DE TENERIFE,15,"17,8","0,0","14,3",08:00,"21,4",11:30,"2,2",68,32,"7,2",10:30,"1020,6",11,"1017,8",18,78,23:40,60,11:20,La Gomera
2021-02-10,C329Z,SAN SEBASTIÁN DE LA GOMERA,STA. CRUZ DE TENERIFE,15,"18,3","0,0","14,2",08:00,"22,4",12:40,"1,7",73,32,"5,0",05:20,"1020,6",11,"1017,9",16,83,20:10,65,11:30,La Gomera
2021-02-11,C329Z,SAN SEBASTIÁN DE LA GOMERA,STA. CRUZ DE TENERIFE,15,"18,8","0,0","14,8",07:50,"22,7",15:20,"2,5",66,30,"15,0",13:50,"1021,3",11,"1018,7",Varias,80,07:50,54,Varias,La Gomera
2021-02-12,C329Z,SAN SEBASTIÁN DE LA GOMERA,STA. CRUZ DE TENERIFE,15,"20,4","0,0","18,3",07:40,"22,4",13:10,"3,6",69,31,"14,2",22:50,"1022,0",12,"1020,1",17,79,02:00,58,11:00,La Gomera
2021-02-13,C329Z,SAN SEBASTIÁN DE LA GOMERA,STA. CRUZ DE TENERIFE,15,"20,2","0,0","18,2",Varias,"22,3",12:40,"4,2",67,99,"13,3",Varias,"1021,9",11,"1019,1",17,73,01:50,60,12:40,La Gomera
2021-02-14,C329Z,SAN SEBASTIÁN DE LA GOMERA,STA. CRUZ DE TENERIFE,15,"18,8","0,0","14,8",07:30,"22,8",15:40,"1,7",72,32,"7,8",07:50,"1020,0",00,"1017,8",18,82,22:00,61,10:10,La Gomera
2021-02-15,C329Z,SAN SEBASTIÁN DE LA GOMERA,STA. CRUZ DE TENERIFE,15,"21,0","0,0","15,3",01:00,"26,7",13:30,"1,7",44,22,"9,2",11:50,"1020,8",11,"1017,4",04,75,00:00,32,Varias,La Gomera
2021-02-16,C329Z,SAN SEBASTIÁN DE LA GOMERA,STA. CRUZ DE TENERIFE,15,"20,4","0,0","17,8",23:00,"23,0",03:20,"3,1",53,99,"10,3",12:50,"1022,6",11,"1017,9",19,59,Varias,32,00:20,La Gomera
2021-02-17,C329Z,SAN SEBASTIÁN DE LA GOMERA,STA. CRUZ DE TENERIFE,15,"19,7","0,0","17,0",23:59,"22,4",14:30,"1,9",52,14,"7,8",12:50,"1019,0",00,"1016,1",18,59,Varias,37,02:00,La Gomera
2021-02-18,C329Z,SAN SEBASTIÁN DE LA GOMERA,STA. CRUZ DE TENERIFE,15,"19,1","0,0","16,0",23:59,"22,2",12:30,"2,2",55,07,"8,9",12:50,"1018,4",23,"1015,6",16,68,03:40,48,12:20,La Gomera
2021-02-19,C329Z,SAN SEBASTIÁN DE LA GOMERA,STA. CRUZ DE TENERIFE,15,"18,0","0,0","14,0",06:20,"22,0",16:50,"2,8",61,17,"6,9",15:50,"1018,9",10,"1015,6",17,69,12:40,47,09:10,La Gomera
2021-02-20,C329Z,SAN SEBASTIÁN DE LA GOMERA,STA. CRUZ DE TENERIFE,15,"17,7","2,4","14,0",07:50,"21,4",22:00,"3,1",71,21,"14,4",12:30,"1015,8",00,"1010,4",17,92,18:10,52,08:40,La Gomera
2021-02-21,C329Z,SAN SEBASTIÁN DE LA GOMERA,STA. CRUZ DE TENERIFE,15,"19,0","0,0","16,0",23:59,"22,1",16:20,"2,5",62,02,"10,3",01:10,"1019,6",23,"1013,1",01,83,01:50,51,18:10,La Gomera
2021-02-22,C329Z,SAN SEBASTIÁN DE LA GOMERA,STA. CRUZ DE TENERIFE,15,"17,8","0,0","14,2",07:00,"21,5",18:30,"2,2",69,16,"6,7",15:40,"1022,3",23,"1018,5",05,74,08:00,61,00:50,La Gomera
2021-02-23,C329Z,SAN SEBASTIÁN DE LA GOMERA,STA. CRUZ DE TENERIFE,15,"18,9","0,0","15,3",07:50,"22,5",15:00,"2,2",74,30,"7,8",23:50,"1023,2",11,"1020,3",05,77,18:40,64,09:20,La Gomera
2021-02-24,C329Z,SAN SEBASTIÁN DE LA GOMERA,STA. CRUZ DE TENERIFE,15,"20,2","0,0","18,2",04:50,"22,3",15:10,"4,2",63,02,"17,2",23:50,"1023,9",23,"1020,0",05,71,21:00,56,15:30,La Gomera
2021-02-25,C329Z,SAN SEBASTIÁN DE LA GOMERA,STA. CRUZ DE TENERIFE,15,"19,0","0,0","17,2",23:59,"20,8",11:20,"5,8",71,34,"17,5",02:30,"1025,3",22,"1021,6",Varias,74,Varias,60,05:10,La Gomera
2021-02-26,C329Z,SAN SEBASTIÁN DE LA GOMERA,STA. CRUZ DE TENERIFE,15,"18,6","0,0","16,9",02:00,"20,3",15:50,"4,2",59,04,"19,2",03:00,"1025,2",11,"1022,0",Varias,66,22:20,51,14:50,La Gomera
2021-02-27,C329Z,SAN SEBASTIÁN DE LA GOMERA,STA. CRUZ DE TENERIFE,15,"18,3","0,0","16,3",05:00,"20,3",14:00,"3,6",55,31,"15,8",04:40,"1022,8",00,"1016,6",24,64,00:00,45,12:30,La Gomera
2021-02-28,C329Z,SAN SEBASTIÁN DE LA GOMERA,STA. CRUZ DE TENERIFE,15,"18,3","0,1","15,6",04:50,"21,0",14:30,"3,3",68,02,"11,9",06:20,"1016,7",00,"1013,0",16,79,05:00,59,Varias,La Gomera
2021-03-01,C329Z,SAN SEBASTIÁN DE LA GOMERA,STA. CRUZ DE TENERIFE,15,"19,5","0,0","17,5",06:50,"21,5",13:50,"3,3",62,02,"11,4",04:50,"1018,5",24,"1013,9",05,71,Varias,55,13:50,La Gomera
2021-03-02,C329Z,SAN SEBASTIÁN DE LA GOMERA,STA. CRUZ DE TENERIFE,15,"19,0","0,0","16,1",04:00,"21,8",12:40,"2,8",68,32,"10,3",00:20,"1020,9",24,"1017,9",05,73,21:30,61,09:30,La Gomera
2021-03-03,C329Z,SAN SEBASTIÁN DE LA GOMERA,STA. CRUZ DE TENERIFE,15,"19,2","0,0","16,5",06:40,"21,9",14:00,"3,3",64,31,"10,8",15:50,"1021,4",11,"1018,5",05,70,Varias,57,12:30,La Gomera
2021-03-04,C329Z,SAN SEBASTIÁN DE LA GOMERA,STA. CRUZ DE TENERIFE,15,"19,7","0,0","16,7",07:50,"22,7",15:00,"2,8",56,02,"11,4",19:40,"1020,4",11,"1017,6",19,74,23:59,41,14:40,La Gomera
2021-03-05,C329Z,SAN SEBASTIÁN DE LA GOMERA,STA. CRUZ DE TENERIFE,15,"19,8","0,4","17,8",21:50,"21,8",13:00,"4,7",71,,,,,,,,,,,,La Gomera
2021-03-06,C329Z,SAN SEBASTIÁN DE LA GOMERA,STA. CRUZ DE TENERIFE,15,"18,8","0,0","16,3",06:30,"21,2",15:00,"4,7",72,01,"16,9",16:50,"1021,5",23,"1016,7",05,78,06:10,64,15:30,La Gomera
2021-03-07,C329Z,SAN SEBASTIÁN DE LA GOMERA,STA. CRUZ DE TENERIFE,15,"19,4","0,3","17,7",07:00,"21,2",13:50,"4,7",67,02,"18,6",01:50,"1023,0",11,"1019,3",18,73,23:40,58,13:40,La Gomera
2021-03-08,C329Z,SAN SEBASTIÁN DE LA GOMERA,STA. CRUZ DE TENERIFE,15,"19,2","0,3","17,0",02:00,"21,3",13:30,"4,4",78,99,"12,8",Varias,"1020,3",00,"1016,3",17,86,09:00,69,16:10,La Gomera
2021-03-09,C329Z,SAN SEBASTIÁN DE LA GOMERA,STA. CRUZ DE TENERIFE,15,"18,3","0,0","15,9",07:00,"20,7",12:40,"5,6",69,31,"20,6",19:50,"1020,2",24,"1016,8",06,83,07:00,57,17:20,La Gomera
2021-03-10,C329Z,SAN SEBASTIÁN DE LA GOMERA,STA. CRUZ DE TENERIFE,15,"19,1","0,0","17,1",Varias,"21,1",13:00,"3,6",62,31,"18,6",07:50,"1021,6",22,"1018,2",06,70,21:10,56,12:50,La Gomera
2021-03-11,C329Z,SAN SEBASTIÁN DE LA GOMERA,STA. CRUZ DE TENERIFE,15,"19,3","0,0","17,1",07:20,"21,5",10:40,"2,8",65,32,"14,2",00:40,"1022,4",Varias,"1019,5",05,71,19:30,58,10:30,La Gomera
2021-03-12,C329Z,SAN SEBASTIÁN DE LA GOMERA,STA. CRUZ DE TENERIFE,15,"20,7","0,0","18,5",Varias,"22,9",15:00,"2,5",69,31,"8,6",07:00,"1022,2",11,"1018,3",18,73,18:00,57,08:50,La Gomera
2021-03-13,C329Z,SAN SEBASTIÁN DE LA GOMERA,STA. CRUZ DE TENERIFE,15,"19,6","0,0","17,0",04:50,"22,1",14:40,"3,3",67,06,"10,3",12:50,"1020,3",11,"1017,2",16,73,01:40,61,09:40,La Gomera
2021-03-14,C329Z,SAN SEBASTIÁN DE LA GOMERA,STA. CRUZ DE TENERIFE,15,"19,6","0,0","17,6",03:00,"21,7",12:00,"2,5",71,02,"9,4",22:50,"1019,2",00,"1016,9",Varias,74,Varias,65,12:50,La Gomera
2021-03-15,C329Z,SAN SEBASTIÁN DE LA GOMERA,STA. CRUZ DE TENERIFE,15,"20,2","0,0","18,2",Varias,"22,2",13:20,"3,9",67,02,"12,5",20:30,"1018,0",11,"1015,4",05,73,Varias,59,13:00,La Gomera
2021-03-16,C329Z,SAN SEBASTIÁN DE LA GOMERA,STA. CRUZ DE TENERIFE,15,"20,0","0,0","17,9",07:00,"22,1",15:50,"3,9",67,01,"18,9",15:00,"1016,3",Varias,"1013,8",Varias,70,Varias,62,15:40,La Gomera
2021-03-17,C329Z,SAN SEBASTIÁN DE LA GOMERA,STA. CRUZ DE TENERIFE,15,"19,8","0,0","17,6",05:10,"22,0",13:50,"4,2",67,99,"12,5",Varias,"1015,8",11,"1013,2",Varias,70,Varias,64,Varias,La Gomera
2021-03-18,C329Z,SAN SEBASTIÁN DE LA GOMERA,STA. CRUZ DE TENERIFE,15,"19,9","0,0","17,7",05:00,"22,1",12:00,"4,2",66,29,"13,3",12:40,"1015,6",11,"1013,0",04,71,Varias,58,12:00,La Gomera
2021-03-19,C329Z,SAN SEBASTIÁN DE LA GOMERA,STA. CRUZ DE TENERIFE,15,"20,0","0,0","17,7",23:40,"22,2",15:10,"4,4",65,02,"15,0",22:50,"1016,5",Varias,"1013,8",04,70,Varias,58,13:10,La Gomera
2021-03-20,C329Z,SAN SEBASTIÁN DE LA GOMERA,STA. CRUZ DE TENERIFE,15,"19,0","0,0","16,6",06:20,"21,4",14:50,"3,3",61,31,"13,1",00:40,"1017,8",12,"1014,7",05,65,Varias,57,14:50,La Gomera
2021-03-21,C329Z,SAN SEBASTIÁN DE LA GOMERA,STA. CRUZ DE TENERIFE,15,"19,8","0,0","16,9",07:20,"22,6",14:10,"3,1",67,02,"12,8",04:50,"1017,7",12,"1014,9",05,77,06:30,57,12:20,La Gomera
2021-03-22,C329Z,SAN SEBASTIÁN DE LA GOMERA,STA. CRUZ DE TENERIFE,15,"18,6","0,0","16,7",06:10,"20,4",11:20,"2,8",59,32,"10,0",04:10,"1017,1",10,"1014,2",06,64,Varias,53,Varias,La Gomera
2021-03-23,C329Z,SAN SEBASTIÁN DE LA GOMERA,STA. CRUZ DE TENERIFE,15,"19,3","0,0","16,4",07:20,"22,2",13:40,"3,6",59,32,"12,2",18:00,"1018,9",11,"1015,6",Varias,65,01:50,49,13:30,La Gomera
2021-03-24,C329Z,SAN SEBASTIÁN DE LA GOMERA,STA. CRUZ DE TENERIFE,15,"21,6","0,0","18,0",04:50,"25,2",15:50,"3,6",61,32,"8,6",01:20,"1018,9",10,"1015,7",18,69,10:30,30,23:10,La Gomera
2021-03-25,C329Z,SAN SEBASTIÁN DE LA GOMERA,STA. CRUZ DE TENERIFE,15,"22,2","0,0","18,1",05:00,"26,2",11:20,"2,5",39,17,"10,8",16:30,"1016,2",00,"1009,7",20,86,02:10,24,Varias,La Gomera
2021-03-26,C329Z,SAN SEBASTIÁN DE LA GOMERA,STA. CRUZ DE TENERIFE,15,"20,7","0,0","16,9",07:30,"24,5",14:50,"2,2",57,05,"8,3",15:20,"1012,7",23,"1007,8",05,70,22:40,46,00:00,La Gomera
2021-03-27,C329Z,SAN SEBASTIÁN DE LA GOMERA,STA. CRUZ DE TENERIFE,15,"20,5","0,0","17,3",07:00,"23,7",12:30,"1,1",71,07,"7,2",15:10,"1013,3",23,"1010,6",Varias,78,Varias,56,19:00,La Gomera
2021-03-28,C329Z,SAN SEBASTIÁN DE LA GOMERA,STA. CRUZ DE TENERIFE,15,"19,8","0,0","16,1",07:20,"23,5",17:00,"3,9",69,18,"10,6",13:00,"1013,3",11,"1010,1",Varias,77,10:20,55,13:50,La Gomera
2021-03-29,C329Z,SAN SEBASTIÁN DE LA GOMERA,STA. CRUZ DE TENERIFE,15,"20,6","0,1","17,9",05:00,"23,4",15:50,"3,6",67,34,"11,9",12:20,"1015,0",22,"1010,2",05,80,06:20,55,16:20,La Gomera
2021-03-30,C329Z,SAN SEBASTIÁN DE LA GOMERA,STA. CRUZ DE TENERIFE,15,"18,6","0,0","16,8",07:50,"20,4",09:00,"4,4",74,16,"10,6",14:30,"1014,9",00,"1009,7",18,80,23:10,65,08:40,La Gomera
2021-03-31,C329Z,SAN SEBASTIÁN DE LA GOMERA,STA. CRUZ DE TENERIFE,15,"20,4","0,3","17,8",23:59,"23,0",15:20,"2,2",70,17,"13,1",09:10,"1012,8",24,"1008,4",Varias,83,09:10,60,17:50,La Gomera
2021-04-01,C329Z,SAN SEBASTIÁN DE LA GOMERA,STA. CRUZ DE TENERIFE,15,"20,8","0,0","17,1",04:30,"24,6",13:50,"2,5",66,06,"10,3",12:20,"1018,0",22,"1012,3",02,76,Varias,54,13:50,La Gomera
2021-04-02,C329Z,SAN SEBASTIÁN DE LA GOMERA,STA. CRUZ DE TENERIFE,15,"20,8","0,0","18,4",03:20,"23,3",12:00,"2,5",69,32,"11,4",13:50,"1017,9",00,"1015,4",17,76,00:00,62,10:30,La Gomera
2021-04-03,C329Z,SAN SEBASTIÁN DE LA GOMERA,STA. CRUZ DE TENERIFE,15,"20,2","0,0","18,4",06:00,"22,0",13:40,"3,6",66,03,"11,7",00:10,"1016,7",00,"1013,5",18,75,01:10,58,11:30,La Gomera
2021-04-04,C329Z,SAN SEBASTIÁN DE LA GOMERA,STA. CRUZ DE TENERIFE,15,"20,3","0,0","18,1",02:00,"22,5",11:30,"1,1",67,27,"7,5",06:10,"1016,4",00,"1014,1",06,71,02:20,59,10:10,La Gomera
2021-04-05,C329Z,SAN SEBASTIÁN DE LA GOMERA,STA. CRUZ DE TENERIFE,15,"19,6","0,0","17,5",05:20,"21,6",14:00,"1,9",63,32,"6,4",01:10,"1016,1",23,"1013,6",05,68,Varias,61,09:50,La Gomera
2021-04-06,C329Z,SAN SEBASTIÁN DE LA GOMERA,STA. CRUZ DE TENERIFE,15,"19,2","0,0","16,0",05:40,"22,3",11:20,"1,9",69,17,"7,8",15:40,"1015,7",00,"1012,6",17,74,20:40,62,11:10,La Gomera
2021-04-07,C329Z,SAN SEBASTIÁN DE LA GOMERA,STA. CRUZ DE TENERIFE,15,"20,3","0,0","17,8",04:00,"22,8",16:00,"2,5",80,99,"6,7",Varias,"1016,5",23,"1012,8",04,88,13:50,71,08:00,La Gomera
2021-04-08,C329Z,SAN SEBASTIÁN DE LA GOMERA,STA. CRUZ DE TENERIFE,15,"20,4","0,0","17,5",07:30,"23,2",17:00,"1,9",76,35,"5,0",21:50,"1017,7",11,"1014,7",17,83,00:00,70,Varias,La Gomera
2021-04-09,C329Z,SAN SEBASTIÁN DE LA GOMERA,STA. CRUZ DE TENERIFE,15,"20,8","0,0","18,4",07:00,"23,3",12:10,"1,7",74,35,"7,8",22:20,"1016,0",00,"1013,8",17,81,19:10,55,23:40,La Gomera
2021-04-10,C329Z,SAN SEBASTIÁN DE LA GOMERA,STA. CRUZ DE TENERIFE,15,"20,5","0,0","17,3",07:30,"23,7",16:50,"1,9",69,02,"8,6",02:50,"1016,1",23,"1012,8",05,75,23:00,51,02:50,La Gomera
2021-04-11,C329Z,SAN SEBASTIÁN DE LA GOMERA,STA. CRUZ DE TENERIFE,15,"19,6","0,0","16,6",06:10,"22,5",18:00,"1,9",71,18,"5,6",08:50,"1018,1",22,"1013,8",04,83,Varias,61,08:00,La Gomera
2021-04-12,C329Z,SAN SEBASTIÁN DE LA GOMERA,STA. CRUZ DE TENERIFE,15,"20,8","0,0","18,5",07:20,"23,2",18:30,"2,2",78,03,"7,2",03:10,"1019,1",23,"1015,6",04,86,Varias,39,03:10,La Gomera
2021-04-13,C329Z,SAN SEBASTIÁN DE LA GOMERA,STA. CRUZ DE TENERIFE,15,"21,9","0,0","18,8",07:00,"25,0",15:00,"2,2",81,35,"9,4",21:30,"1019,4",11,"1015,6",19,93,03:30,67,Varias,La Gomera
2021-04-14,C329Z,SAN SEBASTIÁN DE LA GOMERA,STA. CRUZ DE TENERIFE,15,"22,5","0,0","19,2",06:20,"25,8",11:40,"2,8",70,03,"12,5",21:00,"1017,6",00,"1013,5",16,79,12:50,54,15:30,La Gomera
2021-04-15,C329Z,SAN SEBASTIÁN DE LA GOMERA,STA. CRUZ DE TENERIFE,15,"21,8","0,0","19,9",Varias,"23,7",13:50,"3,9",68,31,"13,1",17:00,,,,,,,,,La Gomera
2021-04-16,C329Z,SAN SEBASTIÁN DE LA GOMERA,STA. CRUZ DE TENERIFE,15,,"0,0",,,,,"3,9",69,99,"13,6",Varias,,,,,,,,,La Gomera
2021-04-17,C329Z,SAN SEBASTIÁN DE LA GOMERA,STA. CRUZ DE TENERIFE,15,"21,4","0,0","19,5",05:00,"23,4",12:40,"3,9",68,33,"13,9",00:50,,,,,,,,,La Gomera
2021-04-18,C329Z,SAN SEBASTIÁN DE LA GOMERA,STA. CRUZ DE TENERIFE,15,"21,1","0,0","19,2",Varias,"23,0",13:50,"4,2",64,34,"17,2",01:00,"1018,8",11,"1016,5",03,73,Varias,57,12:10,La Gomera
2021-04-19,C329Z,SAN SEBASTIÁN DE LA GOMERA,STA. CRUZ DE TENERIFE,15,"20,4","0,0","18,5",06:40,"22,4",15:40,"4,4",68,04,"18,6",16:50,"1018,3",10,"1015,5",17,72,Varias,62,11:50,La Gomera
2021-04-20,C329Z,SAN SEBASTIÁN DE LA GOMERA,STA. CRUZ DE TENERIFE,15,"21,4","0,0","19,1",07:00,"23,7",13:10,"4,7",66,04,"15,3",11:20,"1016,6",00,"1014,3",19,73,Varias,61,10:30,La Gomera
2021-04-21,C329Z,SAN SEBASTIÁN DE LA GOMERA,STA. CRUZ DE TENERIFE,15,"21,8","0,0","19,3",05:00,"24,3",12:50,"4,2",68,31,"12,5",10:20,"1016,3",10,"1013,4",04,76,06:40,56,12:30,La Gomera
2021-04-22,C329Z,SAN SEBASTIÁN DE LA GOMERA,STA. CRUZ DE TENERIFE,15,"21,1","0,0","17,7",07:20,"24,5",13:30,"1,7",68,02,"9,7",02:40,"1015,6",Varias,"1013,4",24,76,22:20,62,13:20,La Gomera
2021-04-23,C329Z,SAN SEBASTIÁN DE LA GOMERA,STA. CRUZ DE TENERIFE,15,"21,2","0,0","18,8",05:50,"23,7",08:50,"2,5",77,01,"10,0",18:30,"1014,3",11,"1011,5",18,82,05:30,68,08:30,La Gomera
2021-04-24,C329Z,SAN SEBASTIÁN DE LA GOMERA,STA. CRUZ DE TENERIFE,15,"21,6","0,0","19,7",07:40,"23,6",12:50,"1,7",63,34,"8,6",02:20,"1013,2",00,"1009,4",18,73,02:00,48,18:20,La Gomera
2021-04-25,C329Z,SAN SEBASTIÁN DE LA GOMERA,STA. CRUZ DE TENERIFE,15,"20,9","3,0","18,1",06:40,"23,7",13:40,"2,5",63,07,"10,6",10:20,"1011,7",23,"1008,9",05,75,22:40,54,09:20,La Gomera
2021-04-26,C329Z,SAN SEBASTIÁN DE LA GOMERA,STA. CRUZ DE TENERIFE,15,"20,4","0,5","17,4",07:40,"23,3",15:50,"2,8",77,31,"8,6",14:20,"1012,6",11,"1009,8",18,95,04:40,58,15:10,La Gomera
2021-04-27,C329Z,SAN SEBASTIÁN DE LA GOMERA,STA. CRUZ DE TENERIFE,15,"21,0","0,0","18,5",06:00,"23,6",16:20,"1,1",67,99,"7,8",Varias,"1012,1",Varias,"1009,7",05,73,02:30,59,Varias,La Gomera
2021-04-28,C329Z,SAN SEBASTIÁN DE LA GOMERA,STA. CRUZ DE TENERIFE,15,"20,1","0,0","16,9",05:50,"23,3",10:30,"2,8",70,16,"6,1",13:00,"1012,5",23,"1009,4",Varias,75,21:30,63,08:20,La Gomera
2021-04-29,C329Z,SAN SEBASTIÁN DE LA GOMERA,STA. CRUZ DE TENERIFE,15,"19,3","11,7","17,2",06:20,"21,4",08:50,"1,1",73,33,"6,1",23:59,"1012,4",24,"1010,2",17,91,15:40,68,08:20,La Gomera
2021-04-30,C329Z,SAN SEBASTIÁN DE LA GOMERA,STA. CRUZ DE TENERIFE,15,"20,1","0,0","17,9",00:30,"22,3",15:50,"5,3",63,04,"15,0",11:50,"1015,8",23,"1011,0",03,90,00:20,55,Varias,La Gomera
2021-05-01,C329Z,SAN SEBASTIÁN DE LA GOMERA,STA. CRUZ DE TENERIFE,15,"20,4","0,0","18,0",05:30,"22,8",15:00,"3,6",60,29,"11,4",15:20,"1016,6",24,"1014,2",04,67,20:20,53,12:50,La Gomera
2021-05-02,C329Z,SAN SEBASTIÁN DE LA GOMERA,STA. CRUZ DE TENERIFE,15,"20,6","0,0","18,5",06:40,"22,7",14:40,"3,3",64,06,"11,1",08:20,"1016,3",00,"1013,8",Varias,71,09:50,56,14:40,La Gomera
2021-05-03,C329Z,SAN SEBASTIÁN DE LA GOMERA,STA. CRUZ DE TENERIFE,15,"20,8","0,0","18,3",Varias,"23,4",13:20,"3,3",61,33,"25,0",04:00,"1016,8",23,"1013,8",05,67,Varias,54,13:40,La Gomera
2021-05-04,C329Z,SAN SEBASTIÁN DE LA GOMERA,STA. CRUZ DE TENERIFE,15,"20,7","0,0","18,6",05:00,"22,8",13:20,"4,2",58,,,,,,,,,,,,La Gomera
2021-05-05,C329Z,SAN SEBASTIÁN DE LA GOMERA,STA. CRUZ DE TENERIFE,15,"20,8","0,0","18,7",02:40,"22,8",12:50,"3,6",62,32,"16,9",03:20,"1018,3",22,"1016,0",03,71,Varias,56,Varias,La Gomera
2021-05-06,C329Z,SAN SEBASTIÁN DE LA GOMERA,STA. CRUZ DE TENERIFE,15,"20,9","0,0","18,6",06:30,"23,2",14:20,"4,7",63,,,,,,,,,,,,La Gomera
2021-05-07,C329Z,SAN SEBASTIÁN DE LA GOMERA,STA. CRUZ DE TENERIFE,15,"21,2","0,0","19,0",03:50,"23,4",11:30,"3,1",66,31,"11,1",17:00,"1018,7",11,"1015,6",17,72,04:30,62,15:00,La Gomera
2021-05-08,C329Z,SAN SEBASTIÁN DE LA GOMERA,STA. CRUZ DE TENERIFE,15,"21,8","0,0","19,2",05:50,"24,4",13:50,"3,6",60,01,"12,8",17:30,"1017,3",00,"1015,3",06,72,04:50,48,Varias,La Gomera
2021-05-09,C329Z,SAN SEBASTIÁN DE LA GOMERA,STA. CRUZ DE TENERIFE,15,"21,8","0,0","19,4",03:50,"24,2",17:50,"3,3",66,32,"11,1",01:10,"1016,7",11,"1014,2",19,78,22:20,51,08:40,La Gomera
2021-05-10,C329Z,SAN SEBASTIÁN DE LA GOMERA,STA. CRUZ DE TENERIFE,15,"23,0","0,0","20,1",23:59,"25,8",13:40,"3,9",67,29,"11,9",19:40,"1020,0",23,"1014,9",03,77,00:10,55,15:00,La Gomera
2021-05-11,C329Z,SAN SEBASTIÁN DE LA GOMERA,STA. CRUZ DE TENERIFE,15,"20,9","0,0","18,9",06:40,"22,9",15:40,"4,4",67,32,"15,3",22:30,"1021,7",23,"1018,4",05,76,Varias,59,09:30,La Gomera
2021-05-12,C329Z,SAN SEBASTIÁN DE LA GOMERA,STA. CRUZ DE TENERIFE,15,"20,6","0,0","18,7",03:50,"22,5",14:00,"5,3",67,34,"14,7",13:40,"1021,3",Varias,"1018,8",05,71,Varias,62,12:50,La Gomera
2021-05-13,C329Z,SAN SEBASTIÁN DE LA GOMERA,STA. CRUZ DE TENERIFE,15,"22,0","0,0","19,5",Varias,"24,4",14:40,"4,7",69,02,"18,9",23:30,"1020,2",Varias,"1016,9",18,78,20:10,60,14:40,La Gomera
2021-05-14,C329Z,SAN SEBASTIÁN DE LA GOMERA,STA. CRUZ DE TENERIFE,15,"21,6","0,0","19,4",03:20,"23,7",14:50,"6,9",,31,"23,1",16:40,"1018,0",00,"1012,9",19,74,06:30,64,16:00,La Gomera
2021-05-15,C329Z,SAN SEBASTIÁN DE LA GOMERA,STA. CRUZ DE TENERIFE,15,"22,7","0,0","19,9",04:00,"25,5",16:00,"7,8",70,01,"20,0",07:20,"1015,5",Varias,"1012,4",18,77,04:10,52,16:00,La Gomera
2021-05-16,C329Z,SAN SEBASTIÁN DE LA GOMERA,STA. CRUZ DE TENERIFE,15,"22,4","0,0","20,2",03:00,"24,6",15:30,"5,8",70,01,"16,7",15:50,"1016,4",22,"1012,9",04,76,Varias,64,14:00,La Gomera
2021-05-17,C329Z,SAN SEBASTIÁN DE LA GOMERA,STA. CRUZ DE TENERIFE,15,"22,4","0,0","20,6",06:00,"24,3",15:30,"4,7",70,03,"16,9",16:10,"1017,6",22,"1014,6",04,77,Varias,62,17:30,La Gomera
2021-05-18,C329Z,SAN SEBASTIÁN DE LA GOMERA,STA. CRUZ DE TENERIFE,15,"23,2","0,0","20,3",00:50,"26,0",13:00,"3,1",61,34,"14,7",03:30,"1018,8",23,"1015,2",06,81,13:40,49,10:00,La Gomera
2021-05-19,C329Z,SAN SEBASTIÁN DE LA GOMERA,STA. CRUZ DE TENERIFE,15,"22,2","0,0","19,9",05:50,"24,6",16:00,"7,5",67,02,"20,6",12:20,"1018,4",00,"1013,4",16,78,00:00,55,22:40,La Gomera
2021-05-20,C329Z,SAN SEBASTIÁN DE LA GOMERA,STA. CRUZ DE TENERIFE,15,"23,6","0,0","20,3",05:00,"27,0",15:20,"5,3",62,01,"17,2",12:40,"1015,5",01,"1012,3",18,77,21:10,38,Varias,La Gomera
2021-05-21,C329Z,SAN SEBASTIÁN DE LA GOMERA,STA. CRUZ DE TENERIFE,15,"27,4","0,0","23,8",20:00,"31,1",12:00,"5,6",42,03,"22,2",06:20,"1013,0",00,"1010,3",05,60,19:30,31,11:50,La Gomera
2021-05-22,C329Z,SAN SEBASTIÁN DE LA GOMERA,STA. CRUZ DE TENERIFE,15,"23,9","0,0","20,9",23:59,"26,9",02:10,"5,8",65,26,"18,6",00:20,"1016,0",23,"1009,5",03,75,23:40,43,02:10,La Gomera
2021-05-23,C329Z,SAN SEBASTIÁN DE LA GOMERA,STA. CRUZ DE TENERIFE,15,"21,2","0,0","19,2",23:59,"23,1",11:50,"5,8",68,03,"22,8",04:10,"1019,6",23,"1014,2",05,75,Varias,63,11:10,La Gomera
2021-05-24,C329Z,SAN SEBASTIÁN DE LA GOMERA,STA. CRUZ DE TENERIFE,15,"20,7","0,0","19,0",02:50,"22,4",15:40,"6,4",69,99,"18,3",Varias,"1020,0",23,"1017,7",04,75,23:50,62,15:20,La Gomera
2021-05-25,C329Z,SAN SEBASTIÁN DE LA GOMERA,STA. CRUZ DE TENERIFE,15,,"0,0",,,,,"5,8",72,33,"17,5",08:00,,,,,,,,,La Gomera
2021-05-26,C329Z,SAN SEBASTIÁN DE LA GOMERA,STA. CRUZ DE TENERIFE,15,"20,9","0,0","19,0",06:30,"22,8",14:50,"3,9",66,04,"15,0",05:30,"1019,9",00,"1015,3",Varias,73,Varias,62,Varias,La Gomera
2021-05-27,C329Z,SAN SEBASTIÁN DE LA GOMERA,STA. CRUZ DE TENERIFE,15,"21,8","0,0","19,5",Varias,"24,0",14:40,"3,9",67,04,"12,2",12:00,"1016,0",00,"1013,3",18,73,21:20,59,14:40,La Gomera
2021-05-28,C329Z,SAN SEBASTIÁN DE LA GOMERA,STA. CRUZ DE TENERIFE,15,"21,9","0,0","19,6",Varias,"24,2",15:10,"3,6",63,31,"11,7",14:00,"1016,2",Varias,"1013,2",03,73,00:40,58,Varias,La Gomera
2021-05-29,C329Z,SAN SEBASTIÁN DE LA GOMERA,STA. CRUZ DE TENERIFE,15,"21,8","0,0","19,1",05:50,"24,5",15:30,"4,4",68,04,"13,9",16:40,"1016,4",12,"1014,5",Varias,74,Varias,55,15:30,La Gomera
2021-05-30,C329Z,SAN SEBASTIÁN DE LA GOMERA,STA. CRUZ DE TENERIFE,15,"21,9","0,0","20,2",02:20,"23,6",14:40,"5,6",73,05,"15,8",22:10,"1016,0",12,"1013,2",04,80,21:50,67,13:10,La Gomera
2021-05-31,C329Z,SAN SEBASTIÁN DE LA GOMERA,STA. CRUZ DE TENERIFE,15,"21,8","0,0","19,8",06:00,"23,9",14:10,"4,2",71,35,"13,3",02:50,"1015,6",Varias,"1013,2",03,77,00:00,65,13:50,La Gomera
2021-06-01,C329Z,SAN SEBASTIÁN DE LA GOMERA,STA. CRUZ DE TENERIFE,15,"21,4","0,0","18,7",05:40,"24,1",15:20,"3,3",67,31,"12,2",17:50,"1014,8",00,"1012,1",18,78,22:00,60,13:30,La Gomera
2021-06-02,C329Z,SAN SEBASTIÁN DE LA GOMERA,STA. CRUZ DE TENERIFE,15,"23,0","0,0","20,2",03:30,"25,7",14:30,"2,8",61,06,"13,3",13:40,"1016,4",22,"1012,8",03,78,Varias,51,13:10,La Gomera
2021-06-03,C329Z,SAN SEBASTIÁN DE LA GOMERA,STA. CRUZ DE TENERIFE,15,"22,5","0,0","20,0",06:00,"25,0",11:10,"3,6",76,32,"15,8",22:40,"1020,8",23,"1015,2",04,78,Varias,61,11:00,La Gomera
2021-06-04,C329Z,SAN SEBASTIÁN DE LA GOMERA,STA. CRUZ DE TENERIFE,15,"21,2","0,0","19,1",06:20,"23,4",14:00,"4,7",67,10,"17,2",10:00,"1022,3",23,"1019,3",04,77,00:00,59,10:40,La Gomera
2021-06-05,C329Z,SAN SEBASTIÁN DE LA GOMERA,STA. CRUZ DE TENERIFE,15,"21,0","0,0","19,2",04:00,"22,9",14:30,"5,0",64,02,"16,4",07:40,"1022,0",00,"1019,1",19,72,22:30,59,13:00,La Gomera
2021-06-06,C329Z,SAN SEBASTIÁN DE LA GOMERA,STA. CRUZ DE TENERIFE,15,"21,4","0,0","19,4",03:30,"23,5",14:00,"5,3",66,02,"14,4",05:10,"1020,1",00,"1015,8",20,71,Varias,61,Varias,La Gomera
2021-06-07,C329Z,SAN SEBASTIÁN DE LA GOMERA,STA. CRUZ DE TENERIFE,15,"22,4","0,0","19,9",05:00,"24,9",13:00,"1,9",72,36,"13,3",11:10,"1017,0",23,"1013,5",17,80,Varias,65,10:50,La Gomera
2021-06-08,C329Z,SAN SEBASTIÁN DE LA GOMERA,STA. CRUZ DE TENERIFE,15,"25,4","0,0","20,2",06:30,"30,6",23:20,"1,4",82,36,"14,2",23:40,"1017,0",10,"1013,9",20,91,Varias,31,23:20,La Gomera
2021-06-09,C329Z,SAN SEBASTIÁN DE LA GOMERA,STA. CRUZ DE TENERIFE,15,"27,4","0,0","22,6",13:40,"32,2",09:20,"5,3",58,35,"18,3",01:30,"1015,9",11,"1011,6",07,88,22:00,27,09:10,La Gomera
2021-06-10,C329Z,SAN SEBASTIÁN DE LA GOMERA,STA. CRUZ DE TENERIFE,15,"28,1","0,0","22,4",05:20,"33,8",14:40,"2,8",59,03,"15,6",16:00,"1014,5",10,"1011,5",17,85,13:30,29,Varias,La Gomera
2021-06-11,C329Z,SAN SEBASTIÁN DE LA GOMERA,STA. CRUZ DE TENERIFE,15,"28,2","0,0","23,0",03:40,"33,3",11:00,"3,1",60,20,"12,5",01:50,"1014,7",24,"1011,7",17,86,23:00,27,11:10,La Gomera
2021-06-12,C329Z,SAN SEBASTIÁN DE LA GOMERA,STA. CRUZ DE TENERIFE,15,"25,1","0,0","20,9",23:30,"29,3",13:30,"4,7",49,03,"14,7",15:40,"1018,1",24,"1013,2",04,84,09:30,41,05:00,La Gomera
2021-06-13,C329Z,SAN SEBASTIÁN DE LA GOMERA,STA. CRUZ DE TENERIFE,15,"21,8","0,0","19,9",06:20,"23,6",11:40,"6,7",71,33,"17,2",14:50,"1019,7",23,"1017,1",04,77,Varias,68,11:00,La Gomera
2021-06-14,C329Z,SAN SEBASTIÁN DE LA GOMERA,STA. CRUZ DE TENERIFE,15,"23,0","0,0","20,9",Varias,"25,1",14:30,"5,3",68,35,"16,9",22:30,"1020,3",11,"1016,2",23,80,06:00,63,17:40,La Gomera
2021-06-15,C329Z,SAN SEBASTIÁN DE LA GOMERA,STA. CRUZ DE TENERIFE,15,"23,6","0,0","20,8",06:10,"26,4",17:10,"3,3",64,04,"12,5",11:00,"1018,1",Varias,"1016,0",18,76,23:59,55,17:10,La Gomera
2021-06-16,C329Z,SAN SEBASTIÁN DE LA GOMERA,STA. CRUZ DE TENERIFE,15,"23,2","0,0","21,1",06:50,"25,3",14:00,"5,6",75,03,"15,0",13:00,"1017,9",23,"1015,4",05,83,06:10,66,15:30,La Gomera
2021-06-17,C329Z,SAN SEBASTIÁN DE LA GOMERA,STA. CRUZ DE TENERIFE,15,"23,1","0,0","21,3",05:20,"24,9",12:40,"3,6",75,30,"13,6",20:50,"1018,3",Varias,"1016,1",04,83,Varias,70,12:40,La Gomera
2021-06-18,C329Z,SAN SEBASTIÁN DE LA GOMERA,STA. CRUZ DE TENERIFE,15,"22,4","0,0","20,5",23:59,"24,4",11:40,"4,4",74,34,"14,2",21:50,"1019,3",23,"1016,2",02,89,00:20,65,15:40,La Gomera
2021-06-19,C329Z,SAN SEBASTIÁN DE LA GOMERA,STA. CRUZ DE TENERIFE,15,"21,9","0,0","20,0",04:00,"23,8",14:30,"4,2",67,02,"15,3",08:20,"1020,1",23,"1017,4",04,74,00:30,58,09:10,La Gomera
2021-06-20,C329Z,SAN SEBASTIÁN DE LA GOMERA,STA. CRUZ DE TENERIFE,15,"22,2","0,0","19,8",02:00,"24,5",16:00,"4,4",70,36,"15,3",04:00,"1019,7",12,"1017,0",18,79,21:10,61,13:20,La Gomera
2021-06-21,C329Z,SAN SEBASTIÁN DE LA GOMERA,STA. CRUZ DE TENERIFE,15,"23,4","0,0","20,8",03:00,"25,9",11:30,"2,5",76,02,"11,7",08:50,"1018,4",23,"1015,6",04,83,Varias,67,11:30,La Gomera
2021-06-22,C329Z,SAN SEBASTIÁN DE LA GOMERA,STA. CRUZ DE TENERIFE,15,"22,6","0,0","20,4",Varias,"24,7",14:50,"4,7",68,31,"15,0",17:20,"1019,0",12,"1016,8",03,78,Varias,58,14:50,La Gomera
2021-06-23,C329Z,SAN SEBASTIÁN DE LA GOMERA,STA. CRUZ DE TENERIFE,15,"22,6","0,0","20,4",03:00,"24,8",14:00,"5,3",72,31,"15,6",15:50,"1018,7",00,"1016,1",16,79,Varias,60,14:00,La Gomera
2021-06-24,C329Z,SAN SEBASTIÁN DE LA GOMERA,STA. CRUZ DE TENERIFE,15,"22,2","0,0","20,1",06:00,"24,4",12:10,"3,3",70,32,"14,4",00:50,"1017,9",23,"1015,4",05,79,01:30,58,11:30,La Gomera
2021-06-25,C329Z,SAN SEBASTIÁN DE LA GOMERA,STA. CRUZ DE TENERIFE,15,"22,6","0,0","20,2",05:50,"24,9",14:30,"3,6",68,32,"14,7",19:00,"1018,1",Varias,"1014,7",19,73,Varias,62,12:10,La Gomera
2021-06-26,C329Z,SAN SEBASTIÁN DE LA GOMERA,STA. CRUZ DE TENERIFE,15,"22,2","0,0","20,2",02:40,"24,3",11:00,"5,0",73,31,"14,7",15:40,"1017,7",00,"1014,1",18,76,11:40,67,10:50,La Gomera
2021-06-27,C329Z,SAN SEBASTIÁN DE LA GOMERA,STA. CRUZ DE TENERIFE,15,"22,5","0,0","20,8",Varias,"24,2",17:40,"7,2",71,03,"18,9",14:30,"1018,1",23,"1015,3",05,76,Varias,67,13:30,La Gomera
2021-06-28,C329Z,SAN SEBASTIÁN DE LA GOMERA,STA. CRUZ DE TENERIFE,15,"22,0","0,0","19,9",05:40,"24,1",16:20,"5,6",71,30,"16,9",17:50,"1019,6",12,"1016,6",03,77,23:50,67,15:20,La Gomera
2021-06-29,C329Z,SAN SEBASTIÁN DE LA GOMERA,STA. CRUZ DE TENERIFE,15,"22,8","0,0","20,8",Varias,"24,8",14:40,"6,1",74,36,"17,5",04:50,"1019,2",10,"1015,7",19,80,05:20,66,14:20,La Gomera
2021-06-30,C329Z,SAN SEBASTIÁN DE LA GOMERA,STA. CRUZ DE TENERIFE,15,"23,0","0,0","21,0",06:20,"25,0",13:00,"4,7",72,35,"14,7",00:10,"1018,0",00,"1015,9",Varias,80,08:40,69,13:00,La Gomera
2021-07-01,C329Z,SAN SEBASTIÁN DE LA GOMERA,STA. CRUZ DE TENERIFE,15,"22,9","0,0","20,7",06:00,"25,1",14:40,"5,3",73,34,"16,1",20:40,"1017,6",11,"1015,3",04,79,04:10,66,14:00,La Gomera
2021-07-02,C329Z,SAN SEBASTIÁN DE LA GOMERA,STA. CRUZ DE TENERIFE,15,"23,0","0,0","20,6",02:00,"25,4",14:30,"3,9",74,02,"14,2",00:40,"1017,8",11,"1015,5",Varias,78,15:30,62,23:40,La Gomera
2021-07-03,C329Z,SAN SEBASTIÁN DE LA GOMERA,STA. CRUZ DE TENERIFE,15,"25,6","0,0","22,8",00:50,"28,3",15:20,"5,0",54,02,"15,3",11:30,"1018,2",12,"1015,1",06,75,12:10,42,09:00,La Gomera
2021-07-04,C329Z,SAN SEBASTIÁN DE LA GOMERA,STA. CRUZ DE TENERIFE,15,"24,4","0,0","22,3",06:50,"26,5",00:50,"5,3",69,02,"15,0",19:50,"1017,6",12,"1015,0",18,82,15:10,33,00:50,La Gomera
2021-07-05,C329Z,SAN SEBASTIÁN DE LA GOMERA,STA. CRUZ DE TENERIFE,15,"23,8","0,0","21,4",07:30,"26,3",17:10,"6,9",69,34,"20,0",09:50,"1016,5",00,"1014,2",04,77,17:20,60,00:00,La Gomera
2021-07-06,C329Z,SAN SEBASTIÁN DE LA GOMERA,STA. CRUZ DE TENERIFE,15,"24,1","0,0","22,0",05:40,"26,2",12:00,"6,7",73,01,"17,5",13:40,"1017,6",10,"1014,5",04,78,05:40,57,22:40,La Gomera
2021-07-07,C329Z,SAN SEBASTIÁN DE LA GOMERA,STA. CRUZ DE TENERIFE,15,"24,5","0,0","22,3",06:00,"26,7",16:20,"4,4",73,99,"15,3",Varias,"1019,0",23,"1015,3",04,82,23:40,64,00:00,La Gomera
2021-07-08,C329Z,SAN SEBASTIÁN DE LA GOMERA,STA. CRUZ DE TENERIFE,15,"23,0","0,0","21,1",04:40,"24,8",14:00,"6,1",75,35,"18,1",15:10,"1018,9",00,"1016,1",18,92,04:30,64,15:20,La Gomera
2021-07-09,C329Z,SAN SEBASTIÁN DE LA GOMERA,STA. CRUZ DE TENERIFE,15,"22,6","0,0","20,9",05:50,"24,4",14:40,"6,4",70,31,"19,7",10:30,"1017,6",00,"1012,5",19,78,07:30,64,11:10,La Gomera
2021-07-10,C329Z,SAN SEBASTIÁN DE LA GOMERA,STA. CRUZ DE TENERIFE,15,"23,4","0,0","21,2",Varias,"25,6",13:40,"4,4",74,32,"15,3",09:50,"1013,0",00,"1010,2",18,84,23:30,70,11:30,La Gomera
2021-07-11,C329Z,SAN SEBASTIÁN DE LA GOMERA,STA. CRUZ DE TENERIFE,15,"23,4","0,0","21,2",07:00,"25,5",15:50,"2,8",82,03,"10,8",00:20,"1013,7",11,"1010,7",01,91,23:00,73,15:30,La Gomera
2021-07-12,C329Z,SAN SEBASTIÁN DE LA GOMERA,STA. CRUZ DE TENERIFE,15,"25,3","0,0","22,5",01:20,"28,1",13:30,"1,7",84,22,"5,8",03:30,"1016,6",23,"1012,1",03,92,Varias,73,13:40,La Gomera
2021-07-13,C329Z,SAN SEBASTIÁN DE LA GOMERA,STA. CRUZ DE TENERIFE,15,"27,0","0,0","23,0",04:20,"31,0",17:50,"1,7",74,33,"11,9",21:00,"1016,4",05,"1013,5",18,93,Varias,25,22:40,La Gomera
2021-07-14,C329Z,SAN SEBASTIÁN DE LA GOMERA,STA. CRUZ DE TENERIFE,15,"26,2","0,0","22,5",02:10,"29,9",14:50,"6,9",54,03,"17,5",09:30,"1014,6",00,"1010,6",18,86,01:20,27,00:40,La Gomera
2021-07-15,C329Z,SAN SEBASTIÁN DE LA GOMERA,STA. CRUZ DE TENERIFE,15,"24,2","0,0","21,4",06:50,"27,0",09:30,"5,6",78,02,"16,4",17:50,"1013,3",23,"1010,7",08,88,23:50,55,09:10,La Gomera
2021-07-16,C329Z,SAN SEBASTIÁN DE LA GOMERA,STA. CRUZ DE TENERIFE,15,"23,6","0,0","21,1",06:40,"26,1",15:20,"2,5",81,07,"11,7",16:00,"1013,6",13,"1010,8",04,92,04:00,62,09:30,La Gomera
2021-07-17,C329Z,SAN SEBASTIÁN DE LA GOMERA,STA. CRUZ DE TENERIFE,15,"23,9","0,0","20,8",06:40,"27,0",17:20,"1,9",78,04,"7,8",18:00,"1014,6",23,"1011,8",04,93,23:59,66,17:50,La Gomera
2021-07-18,C329Z,SAN SEBASTIÁN DE LA GOMERA,STA. CRUZ DE TENERIFE,15,"25,2","0,0","20,9",06:20,"29,5",17:00,"2,2",77,19,"6,7",11:50,"1014,4",00,"1012,2",04,94,01:50,58,10:30,La Gomera
2021-07-19,C329Z,SAN SEBASTIÁN DE LA GOMERA,STA. CRUZ DE TENERIFE,15,"25,7","0,0","22,3",06:30,"29,1",13:40,"1,4",68,16,"7,5",08:10,"1014,3",22,"1012,1",04,90,01:00,58,23:50,La Gomera
2021-07-20,C329Z,SAN SEBASTIÁN DE LA GOMERA,STA. CRUZ DE TENERIFE,15,"24,0","0,0","21,7",06:50,"26,3",12:30,"3,3",78,02,"14,7",18:20,"1016,6",23,"1012,2",04,93,02:30,57,00:20,La Gomera
2021-07-21,C329Z,SAN SEBASTIÁN DE LA GOMERA,STA. CRUZ DE TENERIFE,15,"23,8","0,0","21,2",04:00,"26,4",16:20,"6,1",69,02,"15,6",12:50,"1017,4",12,"1014,8",18,76,01:30,58,16:10,La Gomera
2021-07-22,C329Z,SAN SEBASTIÁN DE LA GOMERA,STA. CRUZ DE TENERIFE,15,"24,0","0,0","21,3",02:00,"26,8",15:30,"6,1",65,35,"18,6",11:00,"1017,0",00,"1012,0",18,75,Varias,55,16:40,La Gomera
2021-07-23,C329Z,SAN SEBASTIÁN DE LA GOMERA,STA. CRUZ DE TENERIFE,15,"24,8","0,0","22,6",Varias,"26,9",12:40,"6,1",70,36,"17,5",00:30,"1013,7",00,"1010,9",19,85,19:50,59,13:10,La Gomera
2021-07-24,C329Z,SAN SEBASTIÁN DE LA GOMERA,STA. CRUZ DE TENERIFE,15,"24,8","0,0","22,2",04:00,"27,5",13:40,"4,7",69,03,"15,8",12:50,"1014,1",23,"1011,4",05,81,Varias,58,13:40,La Gomera
2021-07-25,C329Z,SAN SEBASTIÁN DE LA GOMERA,STA. CRUZ DE TENERIFE,15,"24,4","0,0","22,1",05:30,"26,8",17:50,"6,7",66,02,"16,4",21:50,"1015,6",12,"1013,2",03,90,10:50,46,20:50,La Gomera
2021-07-26,C329Z,SAN SEBASTIÁN DE LA GOMERA,STA. CRUZ DE TENERIFE,15,"24,8","0,0","22,1",09:10,"27,6",14:10,"5,3",73,35,"18,9",16:30,"1015,6",12,"1012,9",18,87,Varias,52,00:00,La Gomera
2021-07-27,C329Z,SAN SEBASTIÁN DE LA GOMERA,STA. CRUZ DE TENERIFE,15,"24,4","0,0","22,2",05:50,"26,5",15:00,"5,6",70,34,"17,2",06:20,"1014,5",01,"1011,2",18,88,00:40,59,15:00,La Gomera
2021-07-28,C329Z,SAN SEBASTIÁN DE LA GOMERA,STA. CRUZ DE TENERIFE,15,"23,8","0,0","21,8",03:00,"25,9",Varias,"4,7",73,31,"14,7",04:20,"1012,9",00,"1011,0",05,81,03:00,62,11:40,La Gomera
2021-07-29,C329Z,SAN SEBASTIÁN DE LA GOMERA,STA. CRUZ DE TENERIFE,15,"23,8","0,0","21,6",07:00,"26,0",15:40,"5,3",76,33,"15,8",18:00,"1014,3",Varias,"1010,9",03,84,06:50,67,12:40,La Gomera
2021-07-30,C329Z,SAN SEBASTIÁN DE LA GOMERA,STA. CRUZ DE TENERIFE,15,"23,9","0,0","22,1",04:40,"25,7",12:30,"6,1",71,32,"16,7",11:10,"1015,7",11,"1013,3",03,79,00:30,62,19:20,La Gomera
2021-07-31,C329Z,SAN SEBASTIÁN DE LA GOMERA,STA. CRUZ DE TENERIFE,15,"25,0","0,0","22,1",03:20,"27,8",15:00,"7,2",69,04,"20,0",22:40,"1016,6",11,"1013,9",19,76,Varias,56,14:50,La Gomera
2021-08-01,C329Z,SAN SEBASTIÁN DE LA GOMERA,STA. CRUZ DE TENERIFE,15,"23,9","0,0","22,1",Varias,"25,7",13:20,"7,5",71,31,"19,7",06:40,"1017,2",12,"1013,8",04,77,Varias,64,13:20,La Gomera
2021-08-02,C329Z,SAN SEBASTIÁN DE LA GOMERA,STA. CRUZ DE TENERIFE,15,"24,0","0,0","21,8",04:50,"26,2",15:40,"5,6",69,31,"18,3",07:40,"1016,4",11,"1014,3",04,78,Varias,62,13:00,La Gomera
2021-08-03,C329Z,SAN SEBASTIÁN DE LA GOMERA,STA. CRUZ DE TENERIFE,15,"25,0","0,0","22,2",22:40,"27,7",13:40,"3,9",69,29,"13,3",17:20,"1017,8",24,"1014,3",02,83,09:50,58,13:10,La Gomera
2021-08-04,C329Z,SAN SEBASTIÁN DE LA GOMERA,STA. CRUZ DE TENERIFE,15,"23,8","0,0","21,9",02:00,"25,6",14:50,"4,7",71,32,"14,2",23:00,"1018,7",23,"1016,3",04,80,22:20,61,13:20,La Gomera
2021-08-05,C329Z,SAN SEBASTIÁN DE LA GOMERA,STA. CRUZ DE TENERIFE,15,"24,7","0,0","21,6",07:30,"27,8",15:30,"5,6",75,35,"15,8",08:20,"1018,6",01,"1015,2",18,91,22:30,66,15:40,La Gomera
2021-08-06,C329Z,SAN SEBASTIÁN DE LA GOMERA,STA. CRUZ DE TENERIFE,15,"24,7","0,0","22,1",07:20,"27,3",12:50,"4,7",76,35,"14,7",01:40,"1016,0",Varias,"1013,3",16,91,07:10,66,12:10,La Gomera
2021-08-07,C329Z,SAN SEBASTIÁN DE LA GOMERA,STA. CRUZ DE TENERIFE,15,"24,4","0,0","21,9",09:00,"27,0",16:00,"4,4",77,35,"11,7",20:20,"1016,2",Varias,"1013,5",05,93,08:50,63,15:50,La Gomera
2021-08-08,C329Z,SAN SEBASTIÁN DE LA GOMERA,STA. CRUZ DE TENERIFE,15,"25,4","0,0","23,0",23:59,"27,9",11:50,"3,9",73,31,"13,6",21:50,"1017,1",12,"1014,7",19,87,13:30,59,11:50,La Gomera
2021-08-09,C329Z,SAN SEBASTIÁN DE LA GOMERA,STA. CRUZ DE TENERIFE,15,"24,6","0,0","22,3",Varias,"26,9",13:00,"4,4",62,02,"13,3",01:10,"1017,6",12,"1015,2",03,80,00:00,54,13:00,La Gomera
2021-08-10,C329Z,SAN SEBASTIÁN DE LA GOMERA,STA. CRUZ DE TENERIFE,15,"24,7","0,0","21,9",05:50,"27,5",16:00,"3,1",63,02,"12,8",03:00,"1017,6",11,"1015,3",18,78,Varias,49,15:20,La Gomera
2021-08-11,C329Z,SAN SEBASTIÁN DE LA GOMERA,STA. CRUZ DE TENERIFE,15,"25,1","0,0","22,5",01:30,"27,7",13:30,"4,2",70,,,,,,,,,,,,La Gomera
2021-08-12,C329Z,SAN SEBASTIÁN DE LA GOMERA,STA. CRUZ DE TENERIFE,15,"24,7","0,0","22,1",07:00,"27,3",12:30,"3,6",70,03,"13,1",02:30,"1016,9",13,"1014,4",18,81,20:30,57,11:00,La Gomera
2021-08-13,C329Z,SAN SEBASTIÁN DE LA GOMERA,STA. CRUZ DE TENERIFE,15,"24,8","0,0","22,7",06:40,"26,9",13:30,"5,8",71,35,"15,8",12:50,"1016,2",01,"1013,5",19,92,23:50,64,13:30,La Gomera
2021-08-14,C329Z,SAN SEBASTIÁN DE LA GOMERA,STA. CRUZ DE TENERIFE,15,"27,2","0,0","21,4",06:00,"33,0",22:00,"3,3",77,99,"15,0",Varias,"1014,1",00,"1010,7",16,93,08:40,38,21:50,La Gomera
2021-08-15,C329Z,SAN SEBASTIÁN DE LA GOMERA,STA. CRUZ DE TENERIFE,15,"26,9","0,0","23,2",02:40,"30,6",16:30,"3,1",85,18,"7,5",10:40,"1012,7",06,"1009,7",13,94,Varias,57,16:10,La Gomera
2021-08-16,C329Z,SAN SEBASTIÁN DE LA GOMERA,STA. CRUZ DE TENERIFE,15,"29,0","0,0","23,6",03:20,"34,5",20:10,"2,2",64,17,"9,7",14:50,"1011,9",00,"1009,1",06,94,00:00,36,20:00,La Gomera
2021-08-17,C329Z,SAN SEBASTIÁN DE LA GOMERA,STA. CRUZ DE TENERIFE,15,"33,2","0,0","26,7",03:40,"39,7",10:20,"1,1",57,35,"13,6",23:40,"1013,2",22,"1009,6",Varias,79,18:40,22,19:50,La Gomera
2021-08-18,C329Z,SAN SEBASTIÁN DE LA GOMERA,STA. CRUZ DE TENERIFE,15,"32,6","0,0","27,5",14:50,"37,8",17:00,"4,4",44,34,"17,2",19:20,"1013,8",11,"1011,2",20,84,14:40,23,Varias,La Gomera
2021-08-19,C329Z,SAN SEBASTIÁN DE LA GOMERA,STA. CRUZ DE TENERIFE,15,"29,2","0,0","23,8",23:50,"34,6",09:40,"2,5",57,27,"17,2",01:20,"1013,3",00,"1010,0",05,92,Varias,26,09:30,La Gomera
2021-08-20,C329Z,SAN SEBASTIÁN DE LA GOMERA,STA. CRUZ DE TENERIFE,15,"25,2","0,0","23,2",Varias,"27,1",13:20,"1,1",81,18,"6,4",12:10,"1014,8",23,"1011,2",05,93,00:40,70,11:50,La Gomera
2021-08-21,C329Z,SAN SEBASTIÁN DE LA GOMERA,STA. CRUZ DE TENERIFE,15,"24,8","0,0","21,8",07:00,"27,8",16:10,"1,4",83,17,"5,6",10:30,"1017,8",23,"1013,8",04,93,23:20,70,16:10,La Gomera
2021-08-22,C329Z,SAN SEBASTIÁN DE LA GOMERA,STA. CRUZ DE TENERIFE,15,"23,7","0,0","22,2",07:20,"25,2",12:20,"2,8",87,03,"7,5",22:40,"1017,6",00,"1014,9",05,93,07:10,52,23:40,La Gomera
2021-08-23,C329Z,SAN SEBASTIÁN DE LA GOMERA,STA. CRUZ DE TENERIFE,15,"24,8","0,0","22,3",01:20,"27,2",13:40,"5,0",67,33,"16,4",17:00,"1016,3",01,"1013,5",17,90,01:00,52,00:30,La Gomera
2021-08-24,C329Z,SAN SEBASTIÁN DE LA GOMERA,STA. CRUZ DE TENERIFE,15,"25,6","0,0","23,1",06:00,"28,2",14:50,"4,7",63,35,"17,5",08:10,"1015,8",12,"1012,4",18,78,04:50,52,17:40,La Gomera
2021-08-25,C329Z,SAN SEBASTIÁN DE LA GOMERA,STA. CRUZ DE TENERIFE,15,"25,6","0,0","23,1",04:30,"28,2",16:50,"4,4",63,02,"13,3",03:10,"1013,8",11,"1011,3",18,70,Varias,53,16:50,La Gomera
2021-08-26,C329Z,SAN SEBASTIÁN DE LA GOMERA,STA. CRUZ DE TENERIFE,15,"25,0","0,0","22,9",07:00,"27,1",13:50,"3,1",73,35,"10,6",04:10,"1014,0",Varias,"1011,1",05,87,09:30,61,Varias,La Gomera
2021-08-27,C329Z,SAN SEBASTIÁN DE LA GOMERA,STA. CRUZ DE TENERIFE,15,"25,1","0,0","21,6",07:20,"28,6",14:00,"3,1",74,03,"14,7",12:50,"1016,3",22,"1012,0",03,89,00:50,52,Varias,La Gomera
2021-08-28,C329Z,SAN SEBASTIÁN DE LA GOMERA,STA. CRUZ DE TENERIFE,15,"25,2","0,0","22,6",05:00,"27,7",22:50,"2,5",88,36,"10,6",20:00,"1017,0",12,"1014,1",04,93,03:00,45,22:50,La Gomera
2021-08-29,C329Z,SAN SEBASTIÁN DE LA GOMERA,STA. CRUZ DE TENERIFE,15,"26,2","0,0","23,0",07:10,"29,5",13:10,"2,5",76,06,"12,5",14:10,"1016,4",10,"1013,4",19,93,Varias,43,01:40,La Gomera
2021-08-30,C329Z,SAN SEBASTIÁN DE LA GOMERA,STA. CRUZ DE TENERIFE,15,"24,8","0,0","22,9",06:50,"26,7",18:30,"2,5",76,34,"10,3",22:50,"1015,1",Varias,"1012,8",18,84,06:20,59,02:10,La Gomera
2021-08-31,C329Z,SAN SEBASTIÁN DE LA GOMERA,STA. CRUZ DE TENERIFE,15,"25,9","0,0","23,7",00:10,"28,1",11:40,"2,8",74,34,"8,9",23:00,"1016,4",22,"1013,5",04,80,00:00,55,11:30,La Gomera
2021-09-01,C329Z,SAN SEBASTIÁN DE LA GOMERA,STA. CRUZ DE TENERIFE,15,"26,8","0,0","24,7",01:00,"29,0",15:20,"3,3",74,02,"11,4",14:50,"1016,9",11,"1014,3",04,86,11:00,59,14:40,La Gomera
2021-09-02,C329Z,SAN SEBASTIÁN DE LA GOMERA,STA. CRUZ DE TENERIFE,15,"26,4","0,0","24,6",23:59,"28,2",10:50,"2,2",76,34,"9,7",01:00,"1016,7",11,"1014,8",20,89,23:50,62,09:00,La Gomera
2021-09-03,C329Z,SAN SEBASTIÁN DE LA GOMERA,STA. CRUZ DE TENERIFE,15,"25,2","0,0","22,2",06:30,"28,1",15:10,"1,4",75,04,"6,7",16:30,"1016,0",11,"1013,0",18,91,Varias,70,08:00,La Gomera
2021-09-04,C329Z,SAN SEBASTIÁN DE LA GOMERA,STA. CRUZ DE TENERIFE,15,"25,7","0,0","23,4",04:30,"28,0",14:30,"2,5",79,06,"7,2",13:10,"1013,9",00,"1010,9",17,88,Varias,67,14:30,La Gomera
2021-09-05,C329Z,SAN SEBASTIÁN DE LA GOMERA,STA. CRUZ DE TENERIFE,15,"25,6","0,0","22,1",07:00,"29,1",15:10,"3,1",75,17,"8,1",12:10,"1013,2",10,"1010,4",04,89,22:30,58,15:10,La Gomera
2021-09-06,C329Z,SAN SEBASTIÁN DE LA GOMERA,STA. CRUZ DE TENERIFE,15,"25,7","0,0","22,6",06:20,"28,8",15:00,,80,,,,"1015,2",23,"1011,4",Varias,93,Varias,69,08:30,La Gomera
2021-09-07,C329Z,SAN SEBASTIÁN DE LA GOMERA,STA. CRUZ DE TENERIFE,15,"26,9","0,0","24,5",00:30,"29,3",17:10,"3,1",69,36,"15,3",23:00,"1016,5",10,"1012,2",19,93,00:00,57,21:50,La Gomera
2021-09-08,C329Z,SAN SEBASTIÁN DE LA GOMERA,STA. CRUZ DE TENERIFE,15,"27,5","0,0","24,1",06:30,"30,9",19:10,"3,3",73,35,"14,2",01:40,"1016,3",12,"1012,9",19,90,Varias,39,20:10,La Gomera
2021-09-09,C329Z,SAN SEBASTIÁN DE LA GOMERA,STA. CRUZ DE TENERIFE,15,"27,0","0,0","24,1",06:30,"30,0",21:20,"2,5",86,06,"8,9",09:30,"1016,4",12,"1013,6",04,94,Varias,41,21:10,La Gomera
2021-09-10,C329Z,SAN SEBASTIÁN DE LA GOMERA,STA. CRUZ DE TENERIFE,15,"27,2","0,0","23,3",03:20,"31,0",12:40,"4,7",64,,,,"1015,4",10,"1012,0",06,94,00:00,31,04:00,La Gomera
2021-09-11,C329Z,SAN SEBASTIÁN DE LA GOMERA,STA. CRUZ DE TENERIFE,15,"26,2","0,0","24,3",Varias,"28,0",11:50,,87,,,,"1015,5",10,"1012,2",04,92,07:10,73,11:50,La Gomera
2021-09-12,C329Z,SAN SEBASTIÁN DE LA GOMERA,STA. CRUZ DE TENERIFE,15,"26,2","0,0","23,1",02:50,"29,2",14:10,"1,9",73,10,"7,8",04:00,"1015,2",08,"1009,6",17,94,Varias,61,15:30,La Gomera
2021-09-13,C329Z,SAN SEBASTIÁN DE LA GOMERA,STA. CRUZ DE TENERIFE,15,"26,0","0,0","23,3",06:50,"28,8",17:00,"1,7",76,06,"6,7",12:30,"1012,1",Varias,"1009,1",05,92,Varias,60,16:00,La Gomera
2021-09-14,C329Z,SAN SEBASTIÁN DE LA GOMERA,STA. CRUZ DE TENERIFE,15,"25,4","0,0","22,5",06:50,"28,2",16:50,,70,,,,"1015,8",24,"1010,4",05,80,01:30,61,18:20,La Gomera
2021-09-15,C329Z,SAN SEBASTIÁN DE LA GOMERA,STA. CRUZ DE TENERIFE,15,"26,4","0,0","23,9",Varias,"28,9",14:40,,68,,,,"1018,0",22,"1014,2",04,78,Varias,52,12:30,La Gomera
2021-09-16,C329Z,SAN SEBASTIÁN DE LA GOMERA,STA. CRUZ DE TENERIFE,15,"25,9","0,0","23,9",05:30,"27,9",14:10,,68,,,,"1018,3",23,"1015,6",03,78,06:10,58,13:20,La Gomera
2021-09-17,C329Z,SAN SEBASTIÁN DE LA GOMERA,STA. CRUZ DE TENERIFE,15,"25,7","0,0","23,8",04:20,"27,6",13:30,,70,,,,"1017,8",00,"1013,9",18,79,10:00,64,16:40,La Gomera
2021-09-18,C329Z,SAN SEBASTIÁN DE LA GOMERA,STA. CRUZ DE TENERIFE,15,"26,0","0,0","23,4",04:50,"28,6",14:20,,69,,,,"1016,7",23,"1014,1",17,78,04:40,58,14:00,La Gomera
2021-09-19,C329Z,SAN SEBASTIÁN DE LA GOMERA,STA. CRUZ DE TENERIFE,15,"25,6","0,0","23,6",05:10,"27,5",11:20,,68,,,,"1019,3",23,"1014,9",04,77,Varias,65,Varias,La Gomera
2021-09-20,C329Z,SAN SEBASTIÁN DE LA GOMERA,STA. CRUZ DE TENERIFE,15,"25,2","0,0","23,1",04:40,"27,4",13:50,,65,,,,"1019,5",11,"1016,9",18,77,00:00,55,Varias,La Gomera
2021-09-21,C329Z,SAN SEBASTIÁN DE LA GOMERA,STA. CRUZ DE TENERIFE,15,"25,4","0,0","23,3",04:50,"27,4",14:50,"4,4",64,31,"14,2",06:00,"1017,9",00,"1014,4",18,73,20:30,53,11:20,La Gomera
2021-09-22,C329Z,SAN SEBASTIÁN DE LA GOMERA,STA. CRUZ DE TENERIFE,15,"25,2","0,0","23,1",01:30,"27,4",15:00,"3,6",65,30,"10,6",15:10,"1015,0",10,"1012,2",19,75,21:40,53,10:50,La Gomera
2021-09-23,C329Z,SAN SEBASTIÁN DE LA GOMERA,STA. CRUZ DE TENERIFE,15,"25,4","0,0","22,9",06:00,"27,8",12:00,"2,8",68,06,"11,7",01:30,"1014,6",11,"1010,8",02,76,22:00,52,11:50,La Gomera
2021-09-24,C329Z,SAN SEBASTIÁN DE LA GOMERA,STA. CRUZ DE TENERIFE,15,"25,0","0,0","22,5",05:40,"27,4",14:40,"1,7",66,03,"7,5",17:20,"1016,4",Varias,"1013,1",04,74,Varias,59,04:00,La Gomera
2021-09-25,C329Z,SAN SEBASTIÁN DE LA GOMERA,STA. CRUZ DE TENERIFE,15,"24,4","0,0","21,8",02:10,"26,9",15:40,"2,5",72,03,"8,9",15:30,"1017,1",22,"1014,7",16,78,23:30,61,08:30,La Gomera
2021-09-26,C329Z,SAN SEBASTIÁN DE LA GOMERA,STA. CRUZ DE TENERIFE,15,"23,2","0,0","20,7",05:50,"25,7",10:10,"2,2",74,35,"10,8",20:10,"1017,8",22,"1016,0",04,84,21:50,65,Varias,La Gomera
2021-09-27,C329Z,SAN SEBASTIÁN DE LA GOMERA,STA. CRUZ DE TENERIFE,15,"24,8","0,0","22,5",06:30,"27,2",15:40,,86,,,,"1018,5",11,"1016,0",05,94,Varias,66,08:00,La Gomera
2021-09-28,C329Z,SAN SEBASTIÁN DE LA GOMERA,STA. CRUZ DE TENERIFE,15,"26,2","0,0","22,9",03:20,"29,4",09:40,"4,4",59,30,"16,7",22:20,"1019,0",23,"1015,0",03,94,Varias,33,04:00,La Gomera
2021-09-29,C329Z,SAN SEBASTIÁN DE LA GOMERA,STA. CRUZ DE TENERIFE,15,"24,3","0,0","22,8",Varias,"25,8",15:00,"8,6",74,36,"21,9",02:40,"1018,8",10,"1015,9",19,79,06:00,68,Varias,La Gomera
2021-09-30,C329Z,SAN SEBASTIÁN DE LA GOMERA,STA. CRUZ DE TENERIFE,15,"24,7","0,0","22,7",00:50,"26,7",13:20,"6,1",72,32,"20,0",00:10,"1016,9",09,"1013,0",19,82,23:50,65,12:40,La Gomera
2021-10-01,C329Z,SAN SEBASTIÁN DE LA GOMERA,STA. CRUZ DE TENERIFE,15,"25,1","0,0","23,2",06:50,"27,0",16:00,"2,2",81,36,"10,6",03:40,"1016,0",10,"1012,6",04,94,23:50,65,04:40,La Gomera
2021-10-02,C329Z,SAN SEBASTIÁN DE LA GOMERA,STA. CRUZ DE TENERIFE,15,"26,4","0,1","22,0",07:00,"30,7",23:50,"1,4",81,31,"7,5",23:20,"1015,3",11,"1012,9",Varias,94,Varias,18,23:50,La Gomera
2021-10-03,C329Z,SAN SEBASTIÁN DE LA GOMERA,STA. CRUZ DE TENERIFE,15,"27,2","0,0","23,3",03:10,"31,2",00:30,"3,1",69,01,"13,1",04:50,"1018,6",23,"1012,8",03,93,02:30,16,05:20,La Gomera
2021-10-04,C329Z,SAN SEBASTIÁN DE LA GOMERA,STA. CRUZ DE TENERIFE,15,"24,2","0,0","22,3",23:59,"26,2",12:10,"5,6",76,34,"17,8",10:10,"1019,2",11,"1016,0",19,86,13:40,63,00:00,La Gomera
2021-10-05,C329Z,SAN SEBASTIÁN DE LA GOMERA,STA. CRUZ DE TENERIFE,15,"24,0","0,0","22,0",06:50,"25,9",14:20,"5,0",63,07,"15,0",12:20,"1018,6",Varias,"1015,2",17,70,07:40,55,12:10,La Gomera
2021-10-06,C329Z,SAN SEBASTIÁN DE LA GOMERA,STA. CRUZ DE TENERIFE,15,"24,0","0,0","21,8",Varias,"26,3",14:00,"3,6",66,33,"11,9",10:50,"1017,3",Varias,"1014,8",17,75,23:20,59,13:50,La Gomera
2021-10-07,C329Z,SAN SEBASTIÁN DE LA GOMERA,STA. CRUZ DE TENERIFE,15,"22,9","0,0","20,0",07:00,"25,8",12:10,"1,4",71,04,"9,7",18:10,"1016,9",00,"1014,1",18,87,22:50,61,05:50,La Gomera
2021-10-08,C329Z,SAN SEBASTIÁN DE LA GOMERA,STA. CRUZ DE TENERIFE,15,"23,8","0,0","22,3",00:10,"25,3",13:40,"5,6",70,99,"14,2",Varias,"1016,6",Varias,"1014,5",03,84,00:00,65,Varias,La Gomera
2021-10-09,C329Z,SAN SEBASTIÁN DE LA GOMERA,STA. CRUZ DE TENERIFE,15,"24,4","0,0","22,8",Varias,"25,9",15:40,"4,7",70,03,"13,9",10:30,"1017,3",11,"1014,5",18,74,21:30,64,12:10,La Gomera
2021-10-10,C329Z,SAN SEBASTIÁN DE LA GOMERA,STA. CRUZ DE TENERIFE,15,"24,4","0,0","22,4",Varias,"26,3",12:40,"3,9",70,30,"14,2",10:30,"1015,3",00,"1012,7",19,77,Varias,61,14:10,La Gomera
2021-10-11,C329Z,SAN SEBASTIÁN DE LA GOMERA,STA. CRUZ DE TENERIFE,15,"24,4","0,0","22,2",07:00,"26,5",13:00,"2,8",64,03,"9,7",01:00,"1015,3",23,"1012,0",04,78,00:20,55,17:00,La Gomera
2021-10-12,C329Z,SAN SEBASTIÁN DE LA GOMERA,STA. CRUZ DE TENERIFE,15,"24,0","0,0","20,7",06:00,"27,3",14:20,"3,3",63,99,"10,3",Varias,"1015,7",Varias,"1013,4",15,73,Varias,49,14:10,La Gomera
2021-10-13,C329Z,SAN SEBASTIÁN DE LA GOMERA,STA. CRUZ DE TENERIFE,15,"24,6","0,0","22,1",Varias,"27,0",14:20,"3,1",69,30,"12,2",20:00,"1016,4",11,"1013,9",05,78,03:40,57,12:10,La Gomera
2021-10-14,C329Z,SAN SEBASTIÁN DE LA GOMERA,STA. CRUZ DE TENERIFE,15,"24,3","0,0","21,8",06:50,"26,8",12:50,"2,5",69,33,"11,9",00:30,"1016,7",22,"1014,1",15,75,Varias,58,12:10,La Gomera
2021-10-15,C329Z,SAN SEBASTIÁN DE LA GOMERA,STA. CRUZ DE TENERIFE,15,"23,4","0,0","20,8",05:00,"26,1",15:00,"1,7",74,34,"11,4",14:00,"1016,5",Varias,"1014,4",05,82,18:50,64,10:10,La Gomera
2021-10-16,C329Z,SAN SEBASTIÁN DE LA GOMERA,STA. CRUZ DE TENERIFE,15,"23,3","0,0","20,2",07:10,"26,4",13:40,"1,4",76,35,"11,1",02:30,"1015,6",00,"1013,3",05,91,Varias,64,08:30,La Gomera
2021-10-17,C329Z,SAN SEBASTIÁN DE LA GOMERA,STA. CRUZ DE TENERIFE,15,"24,4","0,0","20,3",07:30,"28,5",15:40,,74,,,,"1015,4",11,"1012,7",05,88,10:20,44,23:59,La Gomera
2021-10-18,C329Z,SAN SEBASTIÁN DE LA GOMERA,STA. CRUZ DE TENERIFE,15,"25,2","0,0","22,4",05:40,"27,9",11:00,"1,9",73,18,"7,8",12:30,"1015,9",11,"1013,4",Varias,93,Varias,35,01:00,La Gomera
2021-10-19,C329Z,SAN SEBASTIÁN DE LA GOMERA,STA. CRUZ DE TENERIFE,15,"27,3","0,0","23,0",01:30,"31,6",03:00,"1,1",78,29,"11,9",23:10,"1016,4",12,"1012,3",05,93,00:00,17,Varias,La Gomera
2021-10-20,C329Z,SAN SEBASTIÁN DE LA GOMERA,STA. CRUZ DE TENERIFE,15,"26,4","0,0","22,9",23:59,"29,8",03:50,"1,9",74,31,"15,8",01:20,"1018,5",11,"1013,3",04,92,20:10,19,00:00,La Gomera
2021-10-21,C329Z,SAN SEBASTIÁN DE LA GOMERA,STA. CRUZ DE TENERIFE,15,"25,5","0,0","23,4",22:00,"27,6",14:30,"3,9",69,30,"13,9",10:10,"1019,0",11,"1016,4",03,84,00:50,42,00:20,La Gomera
2021-10-22,C329Z,SAN SEBASTIÁN DE LA GOMERA,STA. CRUZ DE TENERIFE,15,"24,0","0,0","22,4",20:00,"25,6",14:10,"4,4",69,35,"14,2",08:50,"1018,1",11,"1016,0",18,81,05:00,57,14:20,La Gomera
2021-10-23,C329Z,SAN SEBASTIÁN DE LA GOMERA,STA. CRUZ DE TENERIFE,15,"23,1","0,0","21,4",03:40,"24,8",13:30,"3,3",69,30,"13,3",10:30,"1017,8",Varias,"1014,6",05,84,03:30,61,10:20,La Gomera
2021-10-24,C329Z,SAN SEBASTIÁN DE LA GOMERA,STA. CRUZ DE TENERIFE,15,"23,4","0,0","21,2",07:00,"25,7",13:00,"2,8",68,32,"10,8",06:30,"1018,8",11,"1016,0",05,76,Varias,62,12:30,La Gomera
2021-10-25,C329Z,SAN SEBASTIÁN DE LA GOMERA,STA. CRUZ DE TENERIFE,15,"23,8","0,0","21,9",07:00,"25,8",13:00,"3,6",71,34,"12,2",15:30,"1018,8",11,"1016,2",04,77,Varias,62,12:40,La Gomera
2021-10-26,C329Z,SAN SEBASTIÁN DE LA GOMERA,STA. CRUZ DE TENERIFE,15,"23,6","0,0","21,6",06:50,"25,6",14:20,"3,9",71,18,"21,9",02:30,"1019,0",10,"1016,1",16,81,03:10,60,14:40,La Gomera
2021-10-27,C329Z,SAN SEBASTIÁN DE LA GOMERA,STA. CRUZ DE TENERIFE,15,"23,2","0,0","21,4",06:30,"24,9",12:50,"3,6",68,36,"15,6",12:20,"1017,9",00,"1014,8",16,75,00:40,62,Varias,La Gomera
2021-10-28,C329Z,SAN SEBASTIÁN DE LA GOMERA,STA. CRUZ DE TENERIFE,15,"23,4","0,0","21,0",03:10,"25,7",14:10,"3,3",65,28,"11,7",13:30,"1017,8",10,"1015,5",Varias,74,Varias,46,14:10,La Gomera
2021-10-29,C329Z,SAN SEBASTIÁN DE LA GOMERA,STA. CRUZ DE TENERIFE,15,"22,6","0,0","19,5",06:40,"25,8",13:50,"3,1",,35,"11,9",09:20,"1018,4",11,"1015,4",16,76,Varias,51,13:10,La Gomera
2021-10-30,C329Z,SAN SEBASTIÁN DE LA GOMERA,STA. CRUZ DE TENERIFE,15,"21,9","0,0","19,1",05:00,"24,7",16:50,"2,5",69,07,"7,8",10:20,"1019,6",Varias,"1016,2",04,77,Varias,62,22:50,La Gomera
2021-10-31,C329Z,SAN SEBASTIÁN DE LA GOMERA,STA. CRUZ DE TENERIFE,15,"21,4","0,0","17,1",06:50,"25,6",14:00,"1,7",63,02,"5,6",21:00,"1021,2",11,"1018,1",05,84,19:40,46,Varias,La Gomera
2021-11-01,C329Z,SAN SEBASTIÁN DE LA GOMERA,STA. CRUZ DE TENERIFE,15,"21,8","0,0","19,3",07:30,"24,2",14:00,"1,4",80,32,"8,9",23:30,"1020,1",11,"1017,3",18,86,Varias,63,05:20,La Gomera
2021-11-02,C329Z,SAN SEBASTIÁN DE LA GOMERA,STA. CRUZ DE TENERIFE,15,"22,4","0,0","20,5",04:00,"24,3",Varias,"3,3",78,04,"10,0",01:10,"1018,5",00,"1016,2",18,81,Varias,62,09:30,La Gomera
2021-11-03,C329Z,SAN SEBASTIÁN DE LA GOMERA,STA. CRUZ DE TENERIFE,15,"24,0","0,0","21,4",02:00,"26,7",12:20,"2,5",69,03,"11,1",15:40,"1017,9",11,"1014,6",15,79,Varias,56,12:10,La Gomera
2021-11-04,C329Z,SAN SEBASTIÁN DE LA GOMERA,STA. CRUZ DE TENERIFE,15,"23,9","0,0","20,9",07:20,"26,9",13:40,"2,8",70,04,"11,7",12:50,"1016,6",Varias,"1013,8",16,89,19:40,55,15:20,La Gomera
2021-11-05,C329Z,SAN SEBASTIÁN DE LA GOMERA,STA. CRUZ DE TENERIFE,15,"22,6","0,0","20,6",21:40,"24,5",12:00,"3,6",66,32,"13,1",21:20,"1018,1",11,"1015,4",05,80,00:00,57,11:40,La Gomera
2021-11-06,C329Z,SAN SEBASTIÁN DE LA GOMERA,STA. CRUZ DE TENERIFE,15,"22,5","0,0","20,5",01:20,"24,5",12:50,"3,9",60,06,"16,9",17:40,"1018,7",Varias,"1015,7",17,75,01:10,52,12:40,La Gomera
2021-11-07,C329Z,SAN SEBASTIÁN DE LA GOMERA,STA. CRUZ DE TENERIFE,15,"22,6","0,0","20,4",23:59,"24,7",13:00,"3,3",61,32,"16,1",15:00,"1017,8",Varias,"1015,0",16,68,Varias,55,15:40,La Gomera
2021-11-08,C329Z,SAN SEBASTIÁN DE LA GOMERA,STA. CRUZ DE TENERIFE,15,"21,8","0,0","20,0",03:40,"23,7",12:50,"4,2",61,29,"12,8",14:40,"1017,9",10,"1015,4",16,67,Varias,58,Varias,La Gomera
2021-11-09,C329Z,SAN SEBASTIÁN DE LA GOMERA,STA. CRUZ DE TENERIFE,15,"21,8","0,0","19,4",03:20,"24,2",12:40,"2,5",63,99,"10,8",Varias,"1016,4",10,"1014,2",15,73,20:10,55,12:40,La Gomera
2021-11-10,C329Z,SAN SEBASTIÁN DE LA GOMERA,STA. CRUZ DE TENERIFE,15,"21,5","0,0","19,5",00:10,"23,5",14:30,"2,2",61,34,"9,7",05:20,"1016,5",11,"1013,4",05,72,Varias,55,Varias,La Gomera
2021-11-11,C329Z,SAN SEBASTIÁN DE LA GOMERA,STA. CRUZ DE TENERIFE,15,"22,4","0,0","20,1",04:00,"24,8",14:10,"1,9",57,30,"9,7",14:50,"1016,9",Varias,"1014,1",05,64,Varias,52,13:40,La Gomera
2021-11-12,C329Z,SAN SEBASTIÁN DE LA GOMERA,STA. CRUZ DE TENERIFE,15,"21,8","0,0","19,6",02:50,"24,1",11:30,"3,3",60,32,"10,3",05:00,"1016,0",Varias,"1012,8",17,66,05:10,55,14:30,La Gomera
2021-11-13,C329Z,SAN SEBASTIÁN DE LA GOMERA,STA. CRUZ DE TENERIFE,15,"22,0","0,0","19,2",06:00,"24,7",13:50,"2,8",56,31,"10,3",15:20,"1015,2",22,"1012,6",15,62,00:10,49,10:50,La Gomera
2021-11-14,C329Z,SAN SEBASTIÁN DE LA GOMERA,STA. CRUZ DE TENERIFE,15,"21,4","0,0","18,4",07:00,"24,5",12:30,"2,8",57,09,"9,7",14:50,"1017,6",22,"1013,9",15,64,Varias,51,14:00,La Gomera
2021-11-15,C329Z,SAN SEBASTIÁN DE LA GOMERA,STA. CRUZ DE TENERIFE,15,"20,8","0,0","18,1",05:40,"23,5",10:40,"3,3",58,31,"8,3",20:10,"1018,5",11,"1015,6",15,63,20:10,52,Varias,La Gomera
2021-11-16,C329Z,SAN SEBASTIÁN DE LA GOMERA,STA. CRUZ DE TENERIFE,15,"22,0","0,0","19,7",08:00,"24,3",14:10,"1,7",61,02,"11,7",18:40,"1016,2",00,"1012,9",Varias,65,Varias,59,Varias,La Gomera
2021-11-17,C329Z,SAN SEBASTIÁN DE LA GOMERA,STA. CRUZ DE TENERIFE,15,"22,0","0,0","20,1",04:00,"24,0",12:50,"2,8",56,35,"11,7",04:10,"1014,1",10,"1011,0",18,62,00:40,52,Varias,La Gomera
2021-11-18,C329Z,SAN SEBASTIÁN DE LA GOMERA,STA. CRUZ DE TENERIFE,15,"21,3","0,0","18,0",23:59,"24,6",13:20,"1,9",59,32,"8,9",01:00,"1012,6",23,"1010,5",06,68,18:50,50,13:10,La Gomera
2021-11-19,C329Z,SAN SEBASTIÁN DE LA GOMERA,STA. CRUZ DE TENERIFE,15,"20,2","0,0","16,7",07:40,"23,8",13:00,"1,7",62,16,"5,8",10:40,"1016,5",24,"1011,5",05,68,Varias,55,14:00,La Gomera
2021-11-20,C329Z,SAN SEBASTIÁN DE LA GOMERA,STA. CRUZ DE TENERIFE,15,"19,2","0,0","15,9",05:50,"22,6",12:50,"3,1",63,17,"5,8",18:10,"1017,4",11,"1014,2",Varias,68,Varias,56,Varias,La Gomera
2021-11-21,C329Z,SAN SEBASTIÁN DE LA GOMERA,STA. CRUZ DE TENERIFE,15,"20,0","0,0","17,3",05:40,"22,8",16:10,"3,1",69,16,"10,8",15:00,"1014,6",00,"1011,1",15,74,22:30,56,04:50,La Gomera
2021-11-22,C329Z,SAN SEBASTIÁN DE LA GOMERA,STA. CRUZ DE TENERIFE,15,"22,8","0,0","20,2",08:20,"25,4",14:40,"1,4",77,01,"6,1",19:10,"1014,6",23,"1011,6",Varias,81,Varias,71,Varias,La Gomera
2021-11-23,C329Z,SAN SEBASTIÁN DE LA GOMERA,STA. CRUZ DE TENERIFE,15,"21,6","0,0","18,5",07:10,"24,8",14:10,"1,1",80,18,"4,4",12:30,"1017,8",23,"1013,3",05,87,20:40,70,09:40,La Gomera
2021-11-24,C329Z,SAN SEBASTIÁN DE LA GOMERA,STA. CRUZ DE TENERIFE,15,"21,8","0,0","19,0",07:50,"24,6",13:40,"1,9",77,14,"8,9",11:30,"1018,3",11,"1015,4",15,84,Varias,72,Varias,La Gomera
2021-11-25,C329Z,SAN SEBASTIÁN DE LA GOMERA,STA. CRUZ DE TENERIFE,15,"20,8","0,2","19,9",05:00,"21,6",13:00,"1,7",77,26,"8,9",00:40,"1016,5",01,"1011,5",19,82,07:40,71,Varias,La Gomera
2021-11-26,C329Z,SAN SEBASTIÁN DE LA GOMERA,STA. CRUZ DE TENERIFE,15,"19,0","4,6","17,4",10:30,"20,6",09:40,"3,9",76,04,"15,8",21:40,"1016,0",23,"1009,3",05,90,10:10,58,23:50,La Gomera
2021-11-27,C329Z,SAN SEBASTIÁN DE LA GOMERA,STA. CRUZ DE TENERIFE,15,"19,8","0,0","18,0",21:30,"21,7",15:20,"3,9",66,32,"16,1",22:10,"1021,1",Varias,"1015,5",01,74,21:30,57,01:00,La Gomera
2021-11-28,C329Z,SAN SEBASTIÁN DE LA GOMERA,STA. CRUZ DE TENERIFE,15,"20,0","0,0","17,8",04:00,"22,1",13:20,"4,4",67,01,"17,8",01:30,"1023,8",23,"1020,1",03,75,03:50,60,12:10,La Gomera
2021-11-29,C329Z,SAN SEBASTIÁN DE LA GOMERA,STA. CRUZ DE TENERIFE,15,"20,3","0,0","18,3",06:30,"22,3",12:30,"4,7",58,33,"16,9",09:20,"1024,7",11,"1020,9",17,67,00:00,49,11:50,La Gomera
2021-11-30,C329Z,SAN SEBASTIÁN DE LA GOMERA,STA. CRUZ DE TENERIFE,15,"21,2","0,0","18,6",07:00,"23,9",11:50,"2,8",63,32,"13,3",01:10,"1023,6",Varias,"1020,1",16,71,03:10,52,11:30,La Gomera
2021-12-01,C329Z,SAN SEBASTIÁN DE LA GOMERA,STA. CRUZ DE TENERIFE,15,"20,0","0,0","16,6",06:20,"23,4",14:00,"2,2",66,04,"13,3",23:59,"1023,0",Varias,"1020,2",16,70,06:20,58,10:40,La Gomera
2021-12-02,C329Z,SAN SEBASTIÁN DE LA GOMERA,STA. CRUZ DE TENERIFE,15,"20,7","0,0","19,1",19:40,"22,3",15:50,"5,8",64,02,"20,3",18:40,"1023,1",11,"1019,5",18,73,04:40,53,15:50,La Gomera
2021-12-03,C329Z,SAN SEBASTIÁN DE LA GOMERA,STA. CRUZ DE TENERIFE,15,"20,6","0,0","18,9",07:10,"22,3",12:00,"3,9",63,04,"18,6",02:20,"1020,5",00,"1017,8",14,69,02:00,55,14:30,La Gomera
2021-12-04,C329Z,SAN SEBASTIÁN DE LA GOMERA,STA. CRUZ DE TENERIFE,15,"21,4","0,0","18,1",07:50,"24,7",14:20,"2,5",56,33,"11,1",00:40,"1022,6",23,"1019,0",03,66,05:30,42,14:40,La Gomera
2021-12-05,C329Z,SAN SEBASTIÁN DE LA GOMERA,STA. CRUZ DE TENERIFE,15,"21,0","0,0","18,4",06:30,"23,7",14:20,"3,9",60,31,"12,5",10:00,"1023,9",11,"1020,9",16,67,18:40,52,12:50,La Gomera
2021-12-06,C329Z,SAN SEBASTIÁN DE LA GOMERA,STA. CRUZ DE TENERIFE,15,"20,5","0,0","18,7",05:00,"22,3",15:20,"2,8",62,99,"10,3",09:50,"1022,5",00,"1019,5",17,65,Varias,56,14:00,La Gomera
2021-12-07,C329Z,SAN SEBASTIÁN DE LA GOMERA,STA. CRUZ DE TENERIFE,15,"20,1","0,0","17,1",05:40,"23,1",14:50,"2,2",63,35,"10,8",20:00,"1022,9",10,"1019,2",15,75,17:40,37,15:30,La Gomera
2021-12-08,C329Z,SAN SEBASTIÁN DE LA GOMERA,STA. CRUZ DE TENERIFE,15,"20,8","0,0","19,3",06:50,"22,2",13:20,"4,4",67,04,"17,5",20:40,"1023,8",11,"1020,9",01,72,Varias,60,Varias,La Gomera
2021-12-09,C329Z,SAN SEBASTIÁN DE LA GOMERA,STA. CRUZ DE TENERIFE,15,"20,0","0,0","18,4",06:20,"21,6",11:40,"5,3",69,31,"21,1",19:00,"1023,3",00,"1019,6",20,83,06:10,56,15:20,La Gomera
2021-12-10,C329Z,SAN SEBASTIÁN DE LA GOMERA,STA. CRUZ DE TENERIFE,15,"20,6","0,0","18,5",00:40,"22,7",13:30,"5,3",66,33,"20,8",01:30,"1021,7",10,"1018,4",15,73,00:30,60,13:20,La Gomera
2021-12-11,C329Z,SAN SEBASTIÁN DE LA GOMERA,STA. CRUZ DE TENERIFE,15,"21,2","0,0","18,6",05:00,"23,8",13:50,"3,6",64,31,"15,3",18:10,"1020,3",00,"1017,3",15,68,Varias,54,11:40,La Gomera
2021-12-12,C329Z,SAN SEBASTIÁN DE LA GOMERA,STA. CRUZ DE TENERIFE,15,"20,4","0,0","18,3",03:30,"22,6",12:20,"2,8",61,01,"10,6",00:30,"1019,0",Varias,"1016,7",Varias,71,22:40,55,16:00,La Gomera
2021-12-13,C329Z,SAN SEBASTIÁN DE LA GOMERA,STA. CRUZ DE TENERIFE,15,"20,0","0,0","17,7",08:10,"22,2",16:30,"3,1",67,03,"11,4",17:00,"1019,1",11,"1016,3",Varias,71,08:00,57,10:10,La Gomera
2021-12-14,C329Z,SAN SEBASTIÁN DE LA GOMERA,STA. CRUZ DE TENERIFE,15,"19,2","0,0","15,6",07:40,"22,7",14:30,"1,9",66,01,"8,9",23:59,"1017,1",00,"1012,7",17,75,23:50,58,09:20,La Gomera
2021-12-15,C329Z,SAN SEBASTIÁN DE LA GOMERA,STA. CRUZ DE TENERIFE,15,"18,8","0,2","15,9",23:59,"21,8",14:30,"2,5",62,31,"10,8",01:40,"1013,7",23,"1011,0",16,77,08:20,52,15:10,La Gomera
2021-12-16,C329Z,SAN SEBASTIÁN DE LA GOMERA,STA. CRUZ DE TENERIFE,15,"18,2","0,0","15,5",03:00,"21,0",Varias,"1,1",72,18,"5,0",10:30,"1014,6",24,"1011,6",16,76,05:30,65,10:00,La Gomera
2021-12-17,C329Z,SAN SEBASTIÁN DE LA GOMERA,STA. CRUZ DE TENERIFE,15,"18,6","0,0","14,4",06:20,"22,8",13:40,"2,2",67,08,"6,7",12:30,"1015,2",11,"1012,8",15,72,00:00,53,15:10,La Gomera
2021-12-18,C329Z,SAN SEBASTIÁN DE LA GOMERA,STA. CRUZ DE TENERIFE,15,"18,2","2,2","14,0",08:00,"22,5",14:20,"3,1",62,17,"10,0",13:20,"1014,4",00,"1011,7",14,79,23:30,52,10:00,La Gomera
2021-12-19,C329Z,SAN SEBASTIÁN DE LA GOMERA,STA. CRUZ DE TENERIFE,15,"20,6","1,1","19,3",01:50,"21,9",13:00,"5,0",80,21,"10,3",08:40,"1015,0",Varias,"1012,7",Varias,96,05:30,62,13:00,La Gomera
2021-12-20,C329Z,SAN SEBASTIÁN DE LA GOMERA,STA. CRUZ DE TENERIFE,15,"20,4","0,1","19,5",08:50,"21,2",12:00,"4,7",83,18,"11,1",02:50,"1016,2",10,"1013,1",15,90,Varias,78,12:10,La Gomera
2021-12-21,C329Z,SAN SEBASTIÁN DE LA GOMERA,STA. CRUZ DE TENERIFE,15,"20,6","11,1","18,2",23:59,"22,9",16:20,"1,9",84,20,"10,8",09:00,"1017,8",Varias,"1013,2",06,94,Varias,71,16:20,La Gomera
2021-12-22,C329Z,SAN SEBASTIÁN DE LA GOMERA,STA. CRUZ DE TENERIFE,15,"19,6","0,0","16,5",08:00,"22,6",12:50,"2,2",79,18,"5,8",15:10,"1019,7",Varias,"1016,7",06,87,Varias,75,Varias,La Gomera
2021-12-23,C329Z,SAN SEBASTIÁN DE LA GOMERA,STA. CRUZ DE TENERIFE,15,"19,4","0,0","16,3",06:00,"22,4",14:20,"1,9",78,18,"5,0",16:10,"1019,6",Varias,"1015,9",Varias,86,19:40,70,14:20,La Gomera
2021-12-24,C329Z,SAN SEBASTIÁN DE LA GOMERA,STA. CRUZ DE TENERIFE,15,"19,1","0,0","15,4",07:30,"22,8",15:10,"1,7",76,36,"5,6",18:40,"1017,5",11,"1014,7",Varias,84,Varias,62,10:00,La Gomera
2021-12-25,C329Z,SAN SEBASTIÁN DE LA GOMERA,STA. CRUZ DE TENERIFE,15,"19,3","0,0","15,5",08:00,"23,1",13:40,"2,2",63,01,"9,4",12:00,"1018,6",23,"1015,7",Varias,80,00:10,54,11:20,La Gomera
2021-12-26,C329Z,SAN SEBASTIÁN DE LA GOMERA,STA. CRUZ DE TENERIFE,15,"19,2","0,0","15,9",07:00,"22,5",14:20,"2,2",69,09,"7,2",13:50,"1019,9",11,"1016,8",15,75,08:10,63,14:10,La Gomera
2021-12-27,C329Z,SAN SEBASTIÁN DE LA GOMERA,STA. CRUZ DE TENERIFE,15,"20,3","0,0","16,7",02:50,"23,9",12:30,"1,1",71,06,"5,3",11:50,"1021,3",11,"1018,6",Varias,84,21:30,61,10:30,La Gomera
2021-12-28,C329Z,SAN SEBASTIÁN DE LA GOMERA,STA. CRUZ DE TENERIFE,15,"19,4","0,0","16,4",08:20,"22,5",15:30,"1,9",77,99,"9,4",11:50,"1021,4",11,"1018,6",16,81,22:20,69,11:40,La Gomera
2021-12-29,C329Z,SAN SEBASTIÁN DE LA GOMERA,STA. CRUZ DE TENERIFE,15,"18,6","0,0","15,8",06:40,"21,4",10:40,"3,1",85,20,"7,5",10:40,"1020,3",11,"1016,0",17,93,19:40,70,23:30,La Gomera
2021-12-30,C329Z,SAN SEBASTIÁN DE LA GOMERA,STA. CRUZ DE TENERIFE,15,"21,4","0,0","17,6",00:30,"25,1",12:40,"2,2",57,19,"6,7",14:50,"1018,3",11,"1015,1",04,71,00:00,45,23:59,La Gomera
2021-12-31,C329Z,SAN SEBASTIÁN DE LA GOMERA,STA. CRUZ DE TENERIFE,15,"21,8","0,0","18,3",23:40,"25,2",10:00,"2,8",50,18,"8,1",11:20,"1019,9",23,"1016,1",06,65,18:10,32,04:50,La Gomera
2022-01-01,C329Z,SAN SEBASTIÁN DE LA GOMERA,STA. CRUZ DE TENERIFE,15,"22,4","0,0","18,0",04:10,"26,8",14:00,"1,1",43,32,"5,3",02:00,"1022,2",24,"1018,8",04,57,18:00,31,23:20,La Gomera
2022-01-02,C329Z,SAN SEBASTIÁN DE LA GOMERA,STA. CRUZ DE TENERIFE,15,"21,6","0,0","17,2",04:20,"26,0",12:00,"1,9",39,34,"6,4",05:10,"1024,5",11,"1021,5",03,50,18:20,32,Varias,La Gomera
2022-01-03,C329Z,SAN SEBASTIÁN DE LA GOMERA,STA. CRUZ DE TENERIFE,15,"20,8","0,0","16,2",07:00,"25,3",14:30,"1,1",39,18,"6,1",12:20,"1023,9",11,"1020,5",16,49,03:20,32,00:20,La Gomera
2022-01-04,C329Z,SAN SEBASTIÁN DE LA GOMERA,STA. CRUZ DE TENERIFE,15,"21,6","0,0","17,7",07:10,"25,5",11:30,"3,1",44,04,"12,8",18:50,"1021,8",11,"1019,5",05,68,13:50,29,11:10,La Gomera
2022-01-05,C329Z,SAN SEBASTIÁN DE LA GOMERA,STA. CRUZ DE TENERIFE,15,"20,4","0,0","18,6",23:00,"22,1",11:50,"4,4",66,31,"19,4",23:50,"1022,8",12,"1020,4",07,69,06:00,42,00:00,La Gomera
2022-01-06,C329Z,SAN SEBASTIÁN DE LA GOMERA,STA. CRUZ DE TENERIFE,15,"19,8","0,0","18,0",19:10,"21,6",13:50,"3,9",69,02,"18,1",22:00,"1022,3",11,"1019,7",16,75,Varias,61,Varias,La Gomera
2022-01-07,C329Z,SAN SEBASTIÁN DE LA GOMERA,STA. CRUZ DE TENERIFE,15,"19,7","0,0","18,3",22:10,"21,1",15:00,"5,6",72,34,"19,2",22:00,"1021,0",11,"1017,6",17,78,05:20,67,14:50,La Gomera
2022-01-08,C329Z,SAN SEBASTIÁN DE LA GOMERA,STA. CRUZ DE TENERIFE,15,"20,2","0,0","18,1",02:50,"22,2",15:00,"4,7",66,02,"15,8",01:10,"1020,8",11,"1017,2",16,75,02:50,60,23:59,La Gomera
2022-01-09,C329Z,SAN SEBASTIÁN DE LA GOMERA,STA. CRUZ DE TENERIFE,15,"20,1","0,0","18,5",00:10,"21,7",05:50,"3,6",59,14,"11,4",13:50,"1022,0",11,"1018,5",06,62,13:30,47,Varias,La Gomera
2022-01-10,C329Z,SAN SEBASTIÁN DE LA GOMERA,STA. CRUZ DE TENERIFE,15,"19,2","0,0","16,8",22:50,"21,6",15:40,"1,7",58,17,"11,4",03:30,"1019,1",00,"1015,0",16,69,Varias,45,00:10,La Gomera
2022-01-11,C329Z,SAN SEBASTIÁN DE LA GOMERA,STA. CRUZ DE TENERIFE,15,"18,8","0,0","15,1",08:10,"22,4",15:10,"1,7",50,18,"5,6",12:00,"1017,5",11,"1014,9",05,64,Varias,44,11:30,La Gomera
2022-01-12,C329Z,SAN SEBASTIÁN DE LA GOMERA,STA. CRUZ DE TENERIFE,15,"18,0","0,0","15,1",04:00,"21,0",11:00,"2,5",65,99,"5,8",18:50,"1018,5",11,"1015,9",17,80,19:00,48,05:30,La Gomera
2022-01-13,C329Z,SAN SEBASTIÁN DE LA GOMERA,STA. CRUZ DE TENERIFE,15,"18,8","0,0","14,9",08:00,"22,8",17:20,"1,9",58,32,"5,3",23:50,"1018,7",11,"1015,7",06,72,11:20,43,23:50,La Gomera
2022-01-14,C329Z,SAN SEBASTIÁN DE LA GOMERA,STA. CRUZ DE TENERIFE,15,"20,4","0,0","17,4",04:10,"23,4",12:10,"2,5",51,16,"7,5",14:20,"1018,8",11,"1015,6",06,65,15:20,34,Varias,La Gomera
2022-01-15,C329Z,SAN SEBASTIÁN DE LA GOMERA,STA. CRUZ DE TENERIFE,15,"20,5","0,0","18,9",18:00,"22,1",00:40,"3,3",57,15,"13,9",10:40,"1019,4",24,"1016,0",16,61,16:50,45,04:00,La Gomera
2022-01-16,C329Z,SAN SEBASTIÁN DE LA GOMERA,STA. CRUZ DE TENERIFE,15,"20,0","1,0","18,7",18:30,"21,3",00:10,"4,7",61,16,"15,8",13:50,"1019,4",00,"1014,7",00,64,15:00,48,Varias,La Gomera
2022-01-17,C329Z,SAN SEBASTIÁN DE LA GOMERA,STA. CRUZ DE TENERIFE,15,"19,0","3,7","17,3",20:30,"20,6",00:10,"4,7",90,14,"16,9",01:50,"1020,4",12,"1016,5",Varias,94,Varias,56,00:00,La Gomera
2022-01-18,C329Z,SAN SEBASTIÁN DE LA GOMERA,STA. CRUZ DE TENERIFE,15,"18,0","0,0","17,3",08:00,"18,8",12:50,"5,3",78,15,"13,6",05:20,"1019,8",11,"1016,8",16,90,Varias,74,17:10,La Gomera
2022-01-19,C329Z,SAN SEBASTIÁN DE LA GOMERA,STA. CRUZ DE TENERIFE,15,"19,8","0,0","18,1",00:30,"21,5",23:59,"4,4",68,14,"13,3",11:40,"1019,5",01,"1015,1",24,77,00:00,48,Varias,La Gomera
2022-01-20,C329Z,SAN SEBASTIÁN DE LA GOMERA,STA. CRUZ DE TENERIFE,15,"19,9","17,9","18,1",23:59,"21,7",00:30,"4,7",66,15,"17,5",02:30,"1015,1",00,"1010,6",17,90,21:20,47,03:10,La Gomera
2022-01-21,C329Z,SAN SEBASTIÁN DE LA GOMERA,STA. CRUZ DE TENERIFE,15,"18,3","0,9","16,0",06:40,"20,6",14:00,"3,1",87,19,"6,7",12:50,"1012,6",23,"1009,6",16,99,Varias,72,15:20,La Gomera
2022-01-22,C329Z,SAN SEBASTIÁN DE LA GOMERA,STA. CRUZ DE TENERIFE,15,"17,6","0,0","14,5",06:20,"20,8",17:50,"3,3",70,18,"7,5",Varias,"1016,8",24,"1011,5",Varias,80,Varias,58,10:10,La Gomera
2022-01-23,C329Z,SAN SEBASTIÁN DE LA GOMERA,STA. CRUZ DE TENERIFE,15,"18,4","0,2","15,3",08:00,"21,4",11:40,"2,2",82,18,"7,2",14:00,"1020,5",23,"1016,3",Varias,91,20:00,67,09:50,La Gomera
2022-01-24,C329Z,SAN SEBASTIÁN DE LA GOMERA,STA. CRUZ DE TENERIFE,15,"19,5","0,0","16,3",08:30,"22,7",15:40,"2,2",80,32,"11,7",23:59,"1021,8",23,"1018,7",06,87,00:00,67,15:30,La Gomera
2022-01-25,C329Z,SAN SEBASTIÁN DE LA GOMERA,STA. CRUZ DE TENERIFE,15,"19,2","0,2","17,2",20:00,"21,1",13:20,"5,0",62,30,"15,8",17:20,"1022,4",11,"1019,9",18,77,03:30,54,14:10,La Gomera
2022-01-26,C329Z,SAN SEBASTIÁN DE LA GOMERA,STA. CRUZ DE TENERIFE,15,"18,8","0,0","16,8",04:40,"20,7",12:00,"3,9",61,27,"15,0",00:50,"1020,5",00,"1016,1",18,73,19:50,54,01:10,La Gomera
2022-01-27,C329Z,SAN SEBASTIÁN DE LA GOMERA,STA. CRUZ DE TENERIFE,15,"17,9","0,4","15,8",23:30,"20,0",11:40,"3,1",60,03,"10,8",03:40,"1017,4",00,"1014,0",16,71,01:30,52,15:50,La Gomera
2022-01-28,C329Z,SAN SEBASTIÁN DE LA GOMERA,STA. CRUZ DE TENERIFE,15,"17,4","0,0","13,8",04:10,"21,0",15:10,"1,9",58,02,"8,3",11:20,"1017,1",24,"1014,2",05,70,02:30,47,15:40,La Gomera
2022-01-29,C329Z,SAN SEBASTIÁN DE LA GOMERA,STA. CRUZ DE TENERIFE,15,"18,5","0,0","15,5",05:40,"21,5",14:20,"3,3",62,05,"13,3",21:50,"1018,0",11,"1015,5",15,69,05:40,56,15:00,La Gomera
2022-01-30,C329Z,SAN SEBASTIÁN DE LA GOMERA,STA. CRUZ DE TENERIFE,15,"18,4","0,0","15,5",08:40,"21,4",13:30,"1,9",58,28,"6,7",10:10,"1018,3",11,"1014,7",16,64,04:40,52,12:10,La Gomera
2022-01-31,C329Z,SAN SEBASTIÁN DE LA GOMERA,STA. CRUZ DE TENERIFE,15,"17,9","0,0","14,1",06:20,"21,7",13:50,"3,1",58,33,"11,1",04:50,"1020,2",11,"1016,5",16,64,05:30,38,23:50,La Gomera
2022-02-01,C329Z,SAN SEBASTIÁN DE LA GOMERA,STA. CRUZ DE TENERIFE,15,"20,2","4,3","16,7",03:10,"23,7",13:40,"1,7",50,02,"7,5",06:30,"1018,4",00,"1015,4",17,78,22:30,33,09:10,La Gomera
2022-02-02,C329Z,SAN SEBASTIÁN DE LA GOMERA,STA. CRUZ DE TENERIFE,15,"21,4","2,0","17,2",08:50,"25,5",15:30,"3,1",57,23,"13,6",05:10,"1020,2",08,"1015,0",15,80,08:40,40,15:20,La Gomera
2022-02-03,C329Z,SAN SEBASTIÁN DE LA GOMERA,STA. CRUZ DE TENERIFE,15,"21,4","0,0","16,9",02:30,"25,9",12:50,"2,8",57,16,"13,9",07:30,"1019,9",01,"1013,9",06,90,02:20,41,12:30,La Gomera
2022-02-04,C329Z,SAN SEBASTIÁN DE LA GOMERA,STA. CRUZ DE TENERIFE,15,"21,2","0,0","18,1",23:59,"24,4",14:00,"2,5",58,02,"7,5",17:10,"1017,0",11,"1014,1",17,76,18:30,43,11:00,La Gomera
2022-02-05,C329Z,SAN SEBASTIÁN DE LA GOMERA,STA. CRUZ DE TENERIFE,15,"19,4","0,0","15,6",07:50,"23,2",11:00,"2,2",62,18,"5,0",11:40,"1016,5",00,"1013,3",16,73,Varias,46,10:10,La Gomera
2022-02-06,C329Z,SAN SEBASTIÁN DE LA GOMERA,STA. CRUZ DE TENERIFE,15,"20,0","0,0","15,6",07:20,"24,3",15:50,"3,3",54,31,"15,3",23:20,"1015,8",11,"1012,9",17,68,23:50,47,02:50,La Gomera
2022-02-07,C329Z,SAN SEBASTIÁN DE LA GOMERA,STA. CRUZ DE TENERIFE,15,"23,2","0,0","19,4",04:00,"27,1",14:00,"5,0",52,31,"16,1",01:20,"1015,1",00,"1011,5",16,68,Varias,35,23:20,La Gomera
2022-02-08,C329Z,SAN SEBASTIÁN DE LA GOMERA,STA. CRUZ DE TENERIFE,15,"21,3","0,0","18,2",05:40,"24,4",09:50,"1,9",61,23,"8,9",11:30,"1014,7",24,"1010,8",04,90,17:50,32,00:20,La Gomera
2022-02-09,C329Z,SAN SEBASTIÁN DE LA GOMERA,STA. CRUZ DE TENERIFE,15,"21,1","0,0","17,6",04:10,"24,6",11:40,"2,5",46,18,"8,3",11:50,"1018,3",20,"1013,8",02,58,18:30,26,08:30,La Gomera
2022-02-10,C329Z,SAN SEBASTIÁN DE LA GOMERA,STA. CRUZ DE TENERIFE,15,"22,6","0,0","19,2",23:10,"25,9",10:00,"1,4",41,18,"12,5",13:30,"1021,4",12,"1017,5",04,58,18:20,28,06:40,La Gomera
2022-02-11,C329Z,SAN SEBASTIÁN DE LA GOMERA,STA. CRUZ DE TENERIFE,15,"22,6","0,0","19,3",00:40,"25,8",13:10,"1,4",41,32,"5,8",05:10,"1022,4",11,"1019,4",15,72,09:30,31,04:40,La Gomera
2022-02-12,C329Z,SAN SEBASTIÁN DE LA GOMERA,STA. CRUZ DE TENERIFE,15,"20,6","0,0","18,8",22:50,"22,3",16:30,"4,7",66,02,"15,3",14:00,"1021,9",23,"1019,1",06,74,05:30,47,00:00,La Gomera
2022-02-13,C329Z,SAN SEBASTIÁN DE LA GOMERA,STA. CRUZ DE TENERIFE,15,"20,0","0,0","17,9",06:10,"22,1",14:00,"3,6",69,06,"12,5",13:40,"1022,4",23,"1019,2",16,74,Varias,58,13:40,La Gomera
2022-02-14,C329Z,SAN SEBASTIÁN DE LA GOMERA,STA. CRUZ DE TENERIFE,15,"20,1","0,0","17,7",07:50,"22,5",13:20,"3,1",69,32,"11,7",21:00,"1023,5",24,"1020,2",05,78,18:50,61,Varias,La Gomera
2022-02-15,C329Z,SAN SEBASTIÁN DE LA GOMERA,STA. CRUZ DE TENERIFE,15,"20,0","0,0","17,9",06:00,"22,2",11:50,"3,6",64,32,"15,6",22:00,"1025,0",23,"1022,2",05,77,00:00,57,10:00,La Gomera
2022-02-16,C329Z,SAN SEBASTIÁN DE LA GOMERA,STA. CRUZ DE TENERIFE,15,"19,9","0,0","17,1",07:20,"22,7",15:50,"3,9",62,28,"13,9",02:30,"1025,8",11,"1022,5",18,73,02:00,55,11:30,La Gomera
2022-02-17,C329Z,SAN SEBASTIÁN DE LA GOMERA,STA. CRUZ DE TENERIFE,15,"20,3","0,0","17,4",23:50,"23,2",15:10,"3,1",71,30,"12,8",07:40,"1024,3",00,"1019,5",17,80,Varias,57,10:10,La Gomera
2022-02-18,C329Z,SAN SEBASTIÁN DE LA GOMERA,STA. CRUZ DE TENERIFE,15,"19,4","0,0","17,6",07:50,"21,1",12:00,"4,4",65,32,"13,6",21:00,"1021,4",11,"1018,7",16,77,00:40,58,Varias,La Gomera
2022-02-19,C329Z,SAN SEBASTIÁN DE LA GOMERA,STA. CRUZ DE TENERIFE,15,"19,0","0,0","17,1",23:59,"21,0",13:30,"4,7",65,31,"18,1",19:00,"1023,4",24,"1018,8",05,82,20:00,58,09:00,La Gomera
2022-02-20,C329Z,SAN SEBASTIÁN DE LA GOMERA,STA. CRUZ DE TENERIFE,15,"17,7","1,7","15,4",07:00,"20,0",14:30,"4,2",68,34,"28,3",21:10,"1023,3",00,"1019,9",18,79,02:10,58,12:40,La Gomera
2022-02-21,C329Z,SAN SEBASTIÁN DE LA GOMERA,STA. CRUZ DE TENERIFE,15,"18,0","0,0","14,8",23:59,"21,2",14:50,"3,1",68,33,"12,8",00:10,"1020,8",00,"1016,7",17,81,23:59,56,12:50,La Gomera
2022-02-22,C329Z,SAN SEBASTIÁN DE LA GOMERA,STA. CRUZ DE TENERIFE,15,"17,1","0,0","13,3",07:00,"20,9",17:40,"2,2",67,19,"6,7",14:20,"1017,9",00,"1012,1",18,84,Varias,61,Varias,La Gomera
2022-02-23,C329Z,SAN SEBASTIÁN DE LA GOMERA,STA. CRUZ DE TENERIFE,15,"17,8","0,0","13,6",06:50,"22,1",14:50,"2,5",64,01,"8,1",19:00,"1015,5",11,"1012,2",06,71,19:30,56,09:30,La Gomera
2022-02-24,C329Z,SAN SEBASTIÁN DE LA GOMERA,STA. CRUZ DE TENERIFE,15,"18,8","0,1","15,4",04:30,"22,1",13:10,"3,3",72,30,"20,3",14:00,"1016,2",Varias,"1013,6",05,79,07:30,65,14:30,La Gomera
2022-02-25,C329Z,SAN SEBASTIÁN DE LA GOMERA,STA. CRUZ DE TENERIFE,15,"19,2","1,0","17,4",23:59,"21,0",12:50,"3,9",71,32,"15,0",03:00,"1016,7",12,"1013,7",05,81,23:59,65,16:10,La Gomera
2022-02-26,C329Z,SAN SEBASTIÁN DE LA GOMERA,STA. CRUZ DE TENERIFE,15,"18,1","2,0","15,8",07:00,"20,4",13:10,"5,0",74,32,"16,1",22:50,"1017,6",23,"1013,8",04,87,20:30,62,Varias,La Gomera
2022-02-27,C329Z,SAN SEBASTIÁN DE LA GOMERA,STA. CRUZ DE TENERIFE,15,"19,0","0,0","17,5",00:10,"20,6",13:00,"6,1",69,30,"19,2",06:40,"1019,6",22,"1016,0",04,81,00:30,57,15:40,La Gomera
2022-02-28,C329Z,SAN SEBASTIÁN DE LA GOMERA,STA. CRUZ DE TENERIFE,15,"19,4","0,0","17,4",Varias,"21,3",14:30,"7,5",64,02,"24,2",21:20,"1020,7",Varias,"1017,9",17,74,23:00,55,12:40,La Gomera
2022-03-01,C329Z,SAN SEBASTIÁN DE LA GOMERA,STA. CRUZ DE TENERIFE,15,"19,7","0,0","18,0",03:50,"21,4",14:10,"6,1",67,32,"20,8",10:00,"1022,9",11,"1018,6",05,74,Varias,62,Varias,La Gomera
2022-03-02,C329Z,SAN SEBASTIÁN DE LA GOMERA,STA. CRUZ DE TENERIFE,15,"19,8","0,0","18,1",07:00,"21,6",15:00,"5,3",67,04,"20,8",06:20,"1024,7",23,"1019,9",06,73,19:50,62,Varias,La Gomera
2022-03-03,C329Z,SAN SEBASTIÁN DE LA GOMERA,STA. CRUZ DE TENERIFE,15,"19,8","0,0","18,0",23:59,"21,7",13:10,"4,7",72,02,"15,8",05:20,"1024,9",12,"1022,2",05,79,23:59,66,12:30,La Gomera
2022-03-04,C329Z,SAN SEBASTIÁN DE LA GOMERA,STA. CRUZ DE TENERIFE,15,"18,7","0,0","16,8",23:20,"20,6",14:00,"4,4",69,02,"19,2",23:10,"1023,7",00,"1020,6",18,84,09:20,62,14:40,La Gomera
2022-03-05,C329Z,SAN SEBASTIÁN DE LA GOMERA,STA. CRUZ DE TENERIFE,15,"18,6","0,0","16,6",07:30,"20,6",13:50,"5,6",65,31,"19,7",05:10,"1021,8",00,"1018,2",Varias,74,00:00,62,14:00,La Gomera
2022-03-06,C329Z,SAN SEBASTIÁN DE LA GOMERA,STA. CRUZ DE TENERIFE,15,"19,4","0,0","17,2",05:40,"21,5",13:50,"3,6",65,36,"14,4",01:00,"1020,1",00,"1015,8",16,71,Varias,58,12:10,La Gomera
2022-03-07,C329Z,SAN SEBASTIÁN DE LA GOMERA,STA. CRUZ DE TENERIFE,15,"19,2","0,0","16,6",23:50,"21,9",14:30,"3,9",64,02,"11,1",00:10,"1019,6",24,"1015,8",05,74,05:50,55,14:30,La Gomera
2022-03-08,C329Z,SAN SEBASTIÁN DE LA GOMERA,STA. CRUZ DE TENERIFE,15,"19,0","0,0","16,3",01:00,"21,6",12:40,"3,1",66,06,"10,0",12:50,"1019,8",11,"1017,2",Varias,71,Varias,58,12:40,La Gomera
2022-03-09,C329Z,SAN SEBASTIÁN DE LA GOMERA,STA. CRUZ DE TENERIFE,15,"20,0","0,0","16,8",08:00,"23,3",16:20,"2,2",69,31,"10,8",23:30,"1019,5",24,"1016,5",16,81,23:30,56,16:10,La Gomera
2022-03-10,C329Z,SAN SEBASTIÁN DE LA GOMERA,STA. CRUZ DE TENERIFE,15,"20,0","0,0","17,7",Varias,"22,2",15:40,"3,1",66,08,"11,9",14:30,"1020,6",24,"1017,4",16,80,00:00,58,13:30,La Gomera
2022-03-11,C329Z,SAN SEBASTIÁN DE LA GOMERA,STA. CRUZ DE TENERIFE,15,"18,8","0,0","14,8",07:40,"22,9",15:50,"2,5",68,29,"11,4",14:30,"1021,5",12,"1018,3",06,74,Varias,56,16:10,La Gomera
2022-03-12,C329Z,SAN SEBASTIÁN DE LA GOMERA,STA. CRUZ DE TENERIFE,15,"20,7","0,0","18,2",05:00,"23,2",12:20,"3,3",71,02,"11,7",21:10,"1021,0",11,"1018,2",17,77,Varias,63,16:10,La Gomera
2022-03-13,C329Z,SAN SEBASTIÁN DE LA GOMERA,STA. CRUZ DE TENERIFE,15,"20,3","0,4","18,0",04:00,"22,6",13:30,"3,9",65,02,"12,8",15:20,"1019,3",00,"1015,9",Varias,81,21:20,57,15:10,La Gomera
2022-03-14,C329Z,SAN SEBASTIÁN DE LA GOMERA,STA. CRUZ DE TENERIFE,15,"16,4","0,7","14,1",19:30,"18,8",,"5,6",68,33,"20,8",14:40,"1016,3",00,"1010,8",17,82,00:10,58,09:00,La Gomera
2022-03-15,C329Z,SAN SEBASTIÁN DE LA GOMERA,STA. CRUZ DE TENERIFE,15,"16,4","5,5","14,0",04:00,"18,7",15:30,"3,9",70,01,"16,4",11:40,"1019,0",23,"1011,9",04,86,13:30,61,07:00,La Gomera
2022-03-16,C329Z,SAN SEBASTIÁN DE LA GOMERA,STA. CRUZ DE TENERIFE,15,"18,6","0,0","16,7",05:00,"20,5",15:30,"4,4",67,03,"16,7",12:50,"1020,7",22,"1016,5",05,76,23:59,57,12:10,La Gomera
2022-03-17,C329Z,SAN SEBASTIÁN DE LA GOMERA,STA. CRUZ DE TENERIFE,15,"19,1","0,0","17,1",Varias,"21,1",14:20,"3,6",70,02,"15,0",00:10,"1021,3",12,"1018,0",24,76,00:00,62,15:30,La Gomera
2022-03-18,C329Z,SAN SEBASTIÁN DE LA GOMERA,STA. CRUZ DE TENERIFE,15,"19,4","0,0","16,8",02:00,"22,1",12:50,"2,8",63,32,"10,8",01:40,"1018,2",Varias,"1015,8",18,77,22:20,55,Varias,La Gomera
2022-03-19,C329Z,SAN SEBASTIÁN DE LA GOMERA,STA. CRUZ DE TENERIFE,15,"19,4","0,0","17,4",23:00,"21,3",14:50,"2,8",67,,,,,,,,,,,,La Gomera
2022-03-20,C329Z,SAN SEBASTIÁN DE LA GOMERA,STA. CRUZ DE TENERIFE,15,"19,0","0,0","17,2",07:10,"20,9",13:40,"3,1",64,03,"13,9",01:00,"1018,6",24,"1014,6",04,75,05:10,55,12:10,La Gomera
2022-03-21,C329Z,SAN SEBASTIÁN DE LA GOMERA,STA. CRUZ DE TENERIFE,15,"18,6","0,0","16,2",06:40,"21,0",14:00,"2,8",66,02,"11,7",20:40,"1019,5",11,"1017,2",Varias,71,07:20,59,Varias,La Gomera
2022-03-22,C329Z,SAN SEBASTIÁN DE LA GOMERA,STA. CRUZ DE TENERIFE,15,"19,5","0,1","16,6",05:40,"22,4",14:00,"2,5",58,36,"11,7",21:10,"1019,3",11,"1016,4",Varias,84,23:50,49,15:00,La Gomera
2022-03-23,C329Z,SAN SEBASTIÁN DE LA GOMERA,STA. CRUZ DE TENERIFE,15,"18,9","0,0","16,9",06:50,"20,9",14:50,"4,4",69,04,"18,6",23:30,"1018,1",11,"1015,2",Varias,87,01:30,60,14:20,La Gomera
2022-03-24,C329Z,SAN SEBASTIÁN DE LA GOMERA,STA. CRUZ DE TENERIFE,15,"18,6","0,1","16,5",08:10,"20,7",16:00,"3,6",67,02,"15,0",10:00,"1016,7",00,"1012,8",17,79,09:40,54,16:00,La Gomera
2022-03-25,C329Z,SAN SEBASTIÁN DE LA GOMERA,STA. CRUZ DE TENERIFE,15,"18,8","0,0","16,1",23:50,"21,5",13:50,"1,9",68,30,"8,6",00:10,"1014,7",00,"1011,9",20,73,02:00,57,11:30,La Gomera
2022-03-26,C329Z,SAN SEBASTIÁN DE LA GOMERA,STA. CRUZ DE TENERIFE,15,"17,2","2,3","15,3",03:10,"19,2",15:00,"5,3",74,18,"17,5",11:40,"1012,7",00,"1006,2",20,80,17:50,67,13:10,La Gomera
2022-03-27,C329Z,SAN SEBASTIÁN DE LA GOMERA,STA. CRUZ DE TENERIFE,15,"19,3","5,2","16,0",05:40,"22,6",15:30,"2,8",68,17,"13,9",02:40,"1008,9",23,"1003,6",04,96,03:30,47,15:10,La Gomera
2022-03-28,C329Z,SAN SEBASTIÁN DE LA GOMERA,STA. CRUZ DE TENERIFE,15,"20,2","0,8","16,5",06:50,"23,8",15:00,"2,2",81,19,"20,3",09:50,"1010,8",24,"1005,8",16,95,10:40,57,15:10,La Gomera
2022-03-29,C329Z,SAN SEBASTIÁN DE LA GOMERA,STA. CRUZ DE TENERIFE,15,"19,5","0,0","17,4",06:50,"21,6",13:20,"3,9",71,04,"13,3",01:50,"1014,8",24,"1010,4",03,82,06:40,62,14:20,La Gomera
