fecha,indicativo,nombre,provincia,altitud,tmed,prec,tmin,horatmin,tmax,horatmax,dir,velmedia,racha,horaracha,presMax,horaPresMax,presMin,horaPresMin,hrMedia,hrMax,horaHrMax,hrMin,horaHrMin,isla
2021-01-01,C659M,"LAS PALMAS DE GRAN CANARIA, PL. DE LA FERIA",LAS PALMAS,15,"18,1","0,1","16,3",23:30,"19,9",13:30,07,"1,4","6,7",09:50,"1020,7",11,"1018,1",19,61,90,23:20,50,10:10,Gran Canaria
2021-01-02,C659M,"LAS PALMAS DE GRAN CANARIA, PL. DE LA FERIA",LAS PALMAS,15,"18,2","0,0","16,6",01:20,"19,9",15:20,07,"1,1","5,6",03:10,"1018,4",11,"1014,8",19,66,85,00:00,53,15:10,Gran Canaria
2021-01-03,C659M,"LAS PALMAS DE GRAN CANARIA, PL. DE LA FERIA",LAS PALMAS,15,"18,2","0,0","16,7",07:40,"19,8",16:10,10,"1,7","5,3",12:20,"1016,6",11,"1012,9",Varias,71,76,12:20,61,16:00,Gran Canaria
2021-01-04,C659M,"LAS PALMAS DE GRAN CANARIA, PL. DE LA FERIA",LAS PALMAS,15,"18,8","0,0","17,0",04:40,"20,6",12:00,18,"1,9","8,1",12:00,"1014,2",00,"1008,3",24,74,79,Varias,68,00:00,Gran Canaria
2021-01-05,C659M,"LAS PALMAS DE GRAN CANARIA, PL. DE LA FERIA",LAS PALMAS,15,"21,2","0,0","17,3",07:00,"25,0",10:10,12,"1,1","4,4",13:00,"1009,9",10,"1006,6",16,80,92,18:00,55,10:00,Gran Canaria
2021-01-06,C659M,"LAS PALMAS DE GRAN CANARIA, PL. DE LA FERIA",LAS PALMAS,15,"22,2","0,0","18,5",03:00,"26,0",17:30,23,"0,8","6,9",19:50,"1007,4",00,"1001,4",15,77,97,22:40,45,19:50,Gran Canaria
2021-01-07,C659M,"LAS PALMAS DE GRAN CANARIA, PL. DE LA FERIA",LAS PALMAS,15,"22,6","0,1","19,2",04:00,"26,1",15:00,24,"1,7","9,7",15:20,"1004,2",00,"1000,7",Varias,76,96,00:00,46,14:50,Gran Canaria
2021-01-08,C659M,"LAS PALMAS DE GRAN CANARIA, PL. DE LA FERIA",LAS PALMAS,15,"18,4","22,1","14,1",22:00,"22,6",03:00,33,"3,3","10,8",05:00,"1014,4",23,"1000,1",02,86,98,19:40,46,04:20,Gran Canaria
2021-01-09,C659M,"LAS PALMAS DE GRAN CANARIA, PL. DE LA FERIA",LAS PALMAS,15,"16,6","2,4","14,8",18:40,"18,5",14:10,35,"4,4","11,4",18:10,"1020,5",24,"1013,9",02,62,80,04:20,50,14:00,Gran Canaria
2021-01-10,C659M,"LAS PALMAS DE GRAN CANARIA, PL. DE LA FERIA",LAS PALMAS,15,"17,1","1,0","14,5",01:10,"19,7",15:20,32,"5,0","12,5",11:20,"1021,9",11,"1018,7",05,64,86,04:40,48,14:40,Gran Canaria
2021-01-11,C659M,"LAS PALMAS DE GRAN CANARIA, PL. DE LA FERIA",LAS PALMAS,15,"17,0","0,8","15,0",00:40,"18,9",12:50,01,"2,2","9,2",01:40,"1022,7",23,"1020,0",Varias,66,90,17:40,55,Varias,Gran Canaria
2021-01-12,C659M,"LAS PALMAS DE GRAN CANARIA, PL. DE LA FERIA",LAS PALMAS,15,"16,6","1,3","14,4",09:10,"18,9",16:50,07,"0,8","8,1",07:20,"1024,2",11,"1021,0",06,83,94,12:10,63,00:00,Gran Canaria
2021-01-13,C659M,"LAS PALMAS DE GRAN CANARIA, PL. DE LA FERIA",LAS PALMAS,15,"18,2","0,0","16,5",03:30,"19,8",14:30,07,"1,9","7,5",09:30,"1026,4",11,"1023,3",05,67,83,00:30,56,14:30,Gran Canaria
2021-01-14,C659M,"LAS PALMAS DE GRAN CANARIA, PL. DE LA FERIA",LAS PALMAS,15,"18,4","0,0","17,2",04:10,"19,5",11:20,07,"1,9","8,1",19:30,"1027,3",11,"1024,5",16,68,74,00:40,52,20:50,Gran Canaria
2021-01-15,C659M,"LAS PALMAS DE GRAN CANARIA, PL. DE LA FERIA",LAS PALMAS,15,"17,9","0,0","17,0",03:50,"18,8",16:00,08,"2,5","8,6",08:40,"1026,4",11,"1023,2",16,58,72,17:00,50,02:40,Gran Canaria
2021-01-16,C659M,"LAS PALMAS DE GRAN CANARIA, PL. DE LA FERIA",LAS PALMAS,15,"18,6","0,0","16,9",03:40,"20,3",13:00,04,"2,5","8,1",03:00,"1024,8",12,"1021,8",16,65,78,17:30,54,10:00,Gran Canaria
2021-01-17,C659M,"LAS PALMAS DE GRAN CANARIA, PL. DE LA FERIA",LAS PALMAS,15,"18,4","0,0","16,6",23:59,"20,2",13:50,06,"1,9","6,1",01:50,"1024,9",10,"1022,2",16,66,73,23:59,58,11:10,Gran Canaria
2021-01-18,C659M,"LAS PALMAS DE GRAN CANARIA, PL. DE LA FERIA",LAS PALMAS,15,"17,6","0,0","15,2",05:00,"20,0",14:10,14,"1,4","4,4",14:40,"1024,7",11,"1022,1",06,73,80,23:30,64,10:20,Gran Canaria
2021-01-19,C659M,"LAS PALMAS DE GRAN CANARIA, PL. DE LA FERIA",LAS PALMAS,15,"17,4","0,0","14,5",06:20,"20,2",13:40,14,"1,7","6,7",13:50,"1024,2",00,"1020,4",16,73,81,21:20,64,12:00,Gran Canaria
2021-01-20,C659M,"LAS PALMAS DE GRAN CANARIA, PL. DE LA FERIA",LAS PALMAS,15,"17,8",,"14,7",02:10,"20,8",10:40,28,"1,7","4,2",05:50,"1022,1",23,"1020,0",Varias,73,80,Varias,62,10:40,Gran Canaria
2021-01-21,C659M,"LAS PALMAS DE GRAN CANARIA, PL. DE LA FERIA",LAS PALMAS,15,"19,2","0,2","17,0",00:10,"21,4",14:50,30,"1,9","5,8",13:20,"1024,6",24,"1021,2",02,81,99,09:40,74,12:20,Gran Canaria
2021-01-22,C659M,"LAS PALMAS DE GRAN CANARIA, PL. DE LA FERIA",LAS PALMAS,15,"19,1","0,8","17,8",07:50,"20,4",12:50,34,"1,1","5,0",09:40,"1025,3",11,"1022,7",16,91,99,Varias,82,12:50,Gran Canaria
2021-01-23,C659M,"LAS PALMAS DE GRAN CANARIA, PL. DE LA FERIA",LAS PALMAS,15,"19,2","0,6","17,3",06:40,"21,1",14:20,08,"1,1","4,7",09:30,"1024,5",00,"1020,4",16,87,99,Varias,76,13:20,Gran Canaria
2021-01-24,C659M,"LAS PALMAS DE GRAN CANARIA, PL. DE LA FERIA",LAS PALMAS,15,"18,6","0,0","16,4",08:00,"20,9",14:40,08,"1,1","3,6",Varias,"1021,8",00,"1018,5",16,91,98,Varias,84,12:20,Gran Canaria
2021-01-25,C659M,"LAS PALMAS DE GRAN CANARIA, PL. DE LA FERIA",LAS PALMAS,15,"18,8","0,0","16,2",06:20,"21,3",12:40,99,"1,1","5,0",Varias,"1022,8",23,"1018,8",06,84,96,Varias,76,13:50,Gran Canaria
2021-01-26,C659M,"LAS PALMAS DE GRAN CANARIA, PL. DE LA FERIA",LAS PALMAS,15,"19,5",,"17,3",10:40,"21,7",13:40,06,"1,1","6,1",08:30,"1023,5",11,"1020,5",16,79,99,10:30,70,13:10,Gran Canaria
2021-01-27,C659M,"LAS PALMAS DE GRAN CANARIA, PL. DE LA FERIA",LAS PALMAS,15,"19,7","0,0","18,3",07:40,"21,1",15:40,30,"1,4","6,4",23:50,"1021,6",00,"1017,7",18,90,99,Varias,82,02:20,Gran Canaria
2021-01-28,C659M,"LAS PALMAS DE GRAN CANARIA, PL. DE LA FERIA",LAS PALMAS,15,"20,0","0,1","16,7",05:40,"23,2",13:50,35,"1,4","4,7",00:10,"1020,5",Varias,"1017,8",06,91,99,Varias,78,13:40,Gran Canaria
2021-01-29,C659M,"LAS PALMAS DE GRAN CANARIA, PL. DE LA FERIA",LAS PALMAS,15,"19,0","0,0","16,5",08:10,"21,5",16:00,29,"1,1","5,3",23:59,"1023,1",24,"1019,7",Varias,93,99,Varias,69,05:10,Gran Canaria
2021-01-30,C659M,"LAS PALMAS DE GRAN CANARIA, PL. DE LA FERIA",LAS PALMAS,15,"18,9","0,9","17,0",06:50,"20,8",13:00,32,"1,7","7,5",02:00,"1024,5",Varias,"1021,4",06,84,99,00:00,75,14:40,Gran Canaria
2021-01-31,C659M,"LAS PALMAS DE GRAN CANARIA, PL. DE LA FERIA",LAS PALMAS,15,"19,1","0,1","17,0",06:30,"21,2",14:00,33,"2,5","8,1",15:40,"1024,2",00,"1020,1",18,86,99,Varias,73,14:00,Gran Canaria
2021-02-01,C659M,"LAS PALMAS DE GRAN CANARIA, PL. DE LA FERIA",LAS PALMAS,15,"20,2","0,0","17,8",07:20,"22,6",13:50,28,"1,4","5,3",15:30,"1021,4",00,"1017,5",17,85,94,Varias,75,14:20,Gran Canaria
2021-02-02,C659M,"LAS PALMAS DE GRAN CANARIA, PL. DE LA FERIA",LAS PALMAS,15,"19,2","0,0","17,6",06:40,"20,7",14:40,35,"1,4","5,6",21:50,"1019,6",00,"1015,7",16,87,92,06:20,80,14:30,Gran Canaria
2021-02-03,C659M,"LAS PALMAS DE GRAN CANARIA, PL. DE LA FERIA",LAS PALMAS,15,"18,8","0,0","17,3",05:50,"20,3",13:50,31,"1,7","7,8",23:50,"1017,8",00,"1013,5",23,80,86,Varias,73,13:50,Gran Canaria
2021-02-04,C659M,"LAS PALMAS DE GRAN CANARIA, PL. DE LA FERIA",LAS PALMAS,15,"16,9","17,6","14,6",21:20,"19,2",15:00,28,"3,9","10,8",15:10,"1013,6",00,"1006,9",18,90,99,Varias,74,15:00,Gran Canaria
2021-02-05,C659M,"LAS PALMAS DE GRAN CANARIA, PL. DE LA FERIA",LAS PALMAS,15,"14,2","13,1","12,1",12:40,"16,2",10:00,31,"3,3","11,4",22:40,"1014,0",24,"1006,2",06,80,95,16:20,65,07:00,Gran Canaria
2021-02-06,C659M,"LAS PALMAS DE GRAN CANARIA, PL. DE LA FERIA",LAS PALMAS,15,"16,3","2,0","13,5",07:20,"19,1",14:20,30,"5,3","14,4",07:00,"1019,4",23,"1013,6",03,74,85,02:10,62,03:40,Gran Canaria
2021-02-07,C659M,"LAS PALMAS DE GRAN CANARIA, PL. DE LA FERIA",LAS PALMAS,15,"18,1","0,0","15,8",08:00,"20,4",13:20,34,"2,2","8,1",00:30,"1021,4",11,"1018,5",Varias,70,86,02:50,59,12:30,Gran Canaria
2021-02-08,C659M,"LAS PALMAS DE GRAN CANARIA, PL. DE LA FERIA",LAS PALMAS,15,"18,6","0,0","16,9",03:00,"20,4",14:30,31,"2,5","6,7",23:59,"1021,1",11,"1017,5",16,78,91,12:10,67,22:30,Gran Canaria
2021-02-09,C659M,"LAS PALMAS DE GRAN CANARIA, PL. DE LA FERIA",LAS PALMAS,15,"19,3","0,0","16,3",04:20,"22,3",14:30,34,"2,2","6,4",00:20,"1020,2",11,"1017,2",05,66,78,Varias,57,Varias,Gran Canaria
2021-02-10,C659M,"LAS PALMAS DE GRAN CANARIA, PL. DE LA FERIA",LAS PALMAS,15,"19,0","0,0","16,0",06:10,"22,0",13:10,30,"1,7","5,3",13:30,"1020,1",11,"1017,6",16,76,87,23:20,68,13:20,Gran Canaria
2021-02-11,C659M,"LAS PALMAS DE GRAN CANARIA, PL. DE LA FERIA",LAS PALMAS,15,"19,2","0,0","16,6",05:50,"21,8",14:00,28,"2,5","6,7",14:20,"1021,1",23,"1018,2",05,72,89,23:50,63,16:50,Gran Canaria
2021-02-12,C659M,"LAS PALMAS DE GRAN CANARIA, PL. DE LA FERIA",LAS PALMAS,15,"19,4","0,0","17,4",05:00,"21,3",12:40,33,"1,4","7,2",20:10,"1022,0",10,"1020,0",Varias,87,98,07:30,75,12:00,Gran Canaria
2021-02-13,C659M,"LAS PALMAS DE GRAN CANARIA, PL. DE LA FERIA",LAS PALMAS,15,"19,9","0,0","18,1",23:59,"21,7",13:40,03,"1,4","5,8",18:10,"1022,1",11,"1019,5",16,77,90,04:50,65,13:40,Gran Canaria
2021-02-14,C659M,"LAS PALMAS DE GRAN CANARIA, PL. DE LA FERIA",LAS PALMAS,15,"18,6","0,0","17,2",05:30,"20,1",13:50,31,"1,4","4,4",00:20,"1020,7",11,"1017,8",18,81,94,23:50,76,Varias,Gran Canaria
2021-02-15,C659M,"LAS PALMAS DE GRAN CANARIA, PL. DE LA FERIA",LAS PALMAS,15,"20,8","0,0","16,6",08:00,"25,0",16:10,10,"1,4","6,1",12:30,"1021,7",12,"1018,4",05,63,98,06:50,29,17:10,Gran Canaria
2021-02-16,C659M,"LAS PALMAS DE GRAN CANARIA, PL. DE LA FERIA",LAS PALMAS,15,"20,6","0,0","18,4",23:59,"22,7",00:10,11,"1,7","8,6",13:50,"1022,9",11,"1018,1",Varias,47,63,06:30,32,19:20,Gran Canaria
2021-02-17,C659M,"LAS PALMAS DE GRAN CANARIA, PL. DE LA FERIA",LAS PALMAS,15,"19,0","0,0","16,5",22:40,"21,6",12:20,17,"1,7","8,3",10:50,"1019,8",01,"1016,0",Varias,53,76,04:20,35,11:10,Gran Canaria
2021-02-18,C659M,"LAS PALMAS DE GRAN CANARIA, PL. DE LA FERIA",LAS PALMAS,15,"18,4","0,0","15,4",06:20,"21,3",14:00,07,"1,9","4,7",12:10,"1018,1",11,"1015,5",16,70,82,19:50,43,00:00,Gran Canaria
2021-02-19,C659M,"LAS PALMAS DE GRAN CANARIA, PL. DE LA FERIA",LAS PALMAS,15,"19,0","0,0","15,8",07:20,"22,3",16:10,07,"0,8","3,9",14:30,"1018,0",11,"1015,0",18,66,80,00:30,49,04:40,Gran Canaria
2021-02-20,C659M,"LAS PALMAS DE GRAN CANARIA, PL. DE LA FERIA",LAS PALMAS,15,"18,8","6,6","15,5",06:30,"22,2",15:00,36,"1,1","13,6",22:50,"1016,2",00,"1008,6",18,64,99,23:30,49,15:10,Gran Canaria
2021-02-21,C659M,"LAS PALMAS DE GRAN CANARIA, PL. DE LA FERIA",LAS PALMAS,15,"19,1","0,0","17,3",01:30,"20,9",14:50,32,"3,3","10,0",05:50,"1019,4",23,"1012,3",04,65,99,00:00,54,11:30,Gran Canaria
2021-02-22,C659M,"LAS PALMAS DE GRAN CANARIA, PL. DE LA FERIA",LAS PALMAS,15,"18,6","0,0","16,0",07:00,"21,1",Varias,08,"1,4","4,4",11:20,"1022,2",23,"1018,1",05,69,81,23:59,58,17:10,Gran Canaria
2021-02-23,C659M,"LAS PALMAS DE GRAN CANARIA, PL. DE LA FERIA",LAS PALMAS,15,"19,6","0,0","17,5",07:40,"21,6",14:30,08,"1,7","5,0",14:30,"1023,3",11,"1020,7",Varias,78,90,06:50,70,18:30,Gran Canaria
2021-02-24,C659M,"LAS PALMAS DE GRAN CANARIA, PL. DE LA FERIA",LAS PALMAS,15,"19,2","0,0","17,2",07:40,"21,2",11:30,31,"1,7","6,4",12:40,"1024,2",23,"1020,4",04,78,87,22:10,66,13:10,Gran Canaria
2021-02-25,C659M,"LAS PALMAS DE GRAN CANARIA, PL. DE LA FERIA",LAS PALMAS,15,"18,8","0,0","16,7",23:59,"20,9",12:00,02,"1,1","8,6",13:30,"1026,3",23,"1023,3",03,79,89,13:30,59,23:10,Gran Canaria
2021-02-26,C659M,"LAS PALMAS DE GRAN CANARIA, PL. DE LA FERIA",LAS PALMAS,15,"18,0","0,5","16,0",23:10,"20,0",14:10,32,"2,8","8,9",05:10,"1025,9",00,"1021,9",Varias,65,82,23:10,54,16:20,Gran Canaria
2021-02-27,C659M,"LAS PALMAS DE GRAN CANARIA, PL. DE LA FERIA",LAS PALMAS,15,"17,0","1,0","14,9",23:30,"19,1",13:30,30,"2,8","10,0",20:00,"1022,8",00,"1015,8",24,58,94,23:30,46,09:00,Gran Canaria
2021-02-28,C659M,"LAS PALMAS DE GRAN CANARIA, PL. DE LA FERIA",LAS PALMAS,15,"17,4","0,8","14,7",01:20,"20,0",15:00,30,"3,3","10,8",04:00,"1015,8",00,"1012,4",16,75,97,03:00,64,15:20,Gran Canaria
2021-03-01,C659M,"LAS PALMAS DE GRAN CANARIA, PL. DE LA FERIA",LAS PALMAS,15,"18,9","0,7","16,8",07:40,"21,0",13:20,31,"2,2","9,2",10:50,"1018,5",23,"1013,6",05,66,89,07:30,55,12:50,Gran Canaria
2021-03-02,C659M,"LAS PALMAS DE GRAN CANARIA, PL. DE LA FERIA",LAS PALMAS,15,"19,2","0,0","17,5",05:30,"21,0",15:30,99,"1,7","5,3",12:40,"1020,8",23,"1017,5",Varias,68,77,06:10,61,14:00,Gran Canaria
2021-03-03,C659M,"LAS PALMAS DE GRAN CANARIA, PL. DE LA FERIA",LAS PALMAS,15,"19,4","0,0","17,2",06:40,"21,6",16:10,34,"1,4","6,4",16:20,"1020,9",10,"1018,4",Varias,64,76,01:20,54,Varias,Gran Canaria
2021-03-04,C659M,"LAS PALMAS DE GRAN CANARIA, PL. DE LA FERIA",LAS PALMAS,15,"19,2","0,0","17,7",03:30,"20,8",14:50,32,"2,5","8,1",15:50,"1020,1",00,"1017,4",19,62,76,23:59,54,12:40,Gran Canaria
2021-03-05,C659M,"LAS PALMAS DE GRAN CANARIA, PL. DE LA FERIA",LAS PALMAS,15,"19,2","1,6","16,5",22:50,"22,0",13:50,32,"3,9","11,7",19:40,"1018,7",00,"1014,7",17,77,90,14:00,65,11:30,Gran Canaria
2021-03-06,C659M,"LAS PALMAS DE GRAN CANARIA, PL. DE LA FERIA",LAS PALMAS,15,"18,4","2,3","15,7",08:20,"21,1",12:50,34,"4,4","11,1",13:30,"1020,9",23,"1015,9",05,69,91,00:10,58,13:10,Gran Canaria
2021-03-07,C659M,"LAS PALMAS DE GRAN CANARIA, PL. DE LA FERIA",LAS PALMAS,15,"19,0","1,6","16,9",19:00,"21,1",14:20,32,"3,6","9,7",14:00,"1022,6",11,"1019,1",17,64,79,19:00,51,11:50,Gran Canaria
2021-03-08,C659M,"LAS PALMAS DE GRAN CANARIA, PL. DE LA FERIA",LAS PALMAS,15,"18,6","4,0","16,6",09:00,"20,7",14:40,32,"2,8","8,9",08:30,"1019,8",00,"1015,9",16,84,95,Varias,65,00:20,Gran Canaria
2021-03-09,C659M,"LAS PALMAS DE GRAN CANARIA, PL. DE LA FERIA",LAS PALMAS,15,"18,4","0,0","16,6",04:00,"20,3",14:40,34,"2,8","11,1",11:40,"1020,2",22,"1016,7",06,58,84,03:50,47,13:20,Gran Canaria
2021-03-10,C659M,"LAS PALMAS DE GRAN CANARIA, PL. DE LA FERIA",LAS PALMAS,15,"18,7","0,0","17,0",07:30,"20,4",13:40,34,"1,9","7,8",11:20,"1022,0",23,"1018,4",05,58,63,00:00,51,13:30,Gran Canaria
2021-03-11,C659M,"LAS PALMAS DE GRAN CANARIA, PL. DE LA FERIA",LAS PALMAS,15,"19,4","0,0","17,2",05:50,"21,5",15:10,07,"1,9","6,1",09:40,"1023,2",11,"1019,8",17,69,87,22:00,60,00:00,Gran Canaria
2021-03-12,C659M,"LAS PALMAS DE GRAN CANARIA, PL. DE LA FERIA",LAS PALMAS,15,"18,9","0,0","17,4",Varias,"20,4",13:10,06,"1,4","4,4",15:00,"1023,0",Varias,"1018,9",18,74,85,Varias,67,Varias,Gran Canaria
2021-03-13,C659M,"LAS PALMAS DE GRAN CANARIA, PL. DE LA FERIA",LAS PALMAS,15,"19,1","0,0","17,3",Varias,"20,9",16:10,05,"1,4","5,6",08:30,"1020,6",12,"1017,4",18,66,82,23:40,59,Varias,Gran Canaria
2021-03-14,C659M,"LAS PALMAS DE GRAN CANARIA, PL. DE LA FERIA",LAS PALMAS,15,"19,4","0,0","17,9",06:00,"20,8",15:00,35,"1,4","6,1",20:40,"1019,1",00,"1015,8",16,71,82,02:50,66,10:00,Gran Canaria
2021-03-15,C659M,"LAS PALMAS DE GRAN CANARIA, PL. DE LA FERIA",LAS PALMAS,15,"19,8","0,0","18,0",03:00,"21,6",16:30,33,"2,8","6,9",15:20,"1017,5",11,"1014,9",05,66,78,23:59,57,12:10,Gran Canaria
2021-03-16,C659M,"LAS PALMAS DE GRAN CANARIA, PL. DE LA FERIA",LAS PALMAS,15,"19,6","0,0","18,2",Varias,"21,0",16:50,31,"1,4","6,7",02:10,"1016,6",00,"1013,7",Varias,66,79,00:10,61,16:30,Gran Canaria
2021-03-17,C659M,"LAS PALMAS DE GRAN CANARIA, PL. DE LA FERIA",LAS PALMAS,15,"19,5","0,0","17,6",06:00,"21,4",15:10,99,"2,2","7,5",Varias,"1015,5",11,"1012,7",16,68,74,07:00,60,12:10,Gran Canaria
2021-03-18,C659M,"LAS PALMAS DE GRAN CANARIA, PL. DE LA FERIA",LAS PALMAS,15,"19,7","0,0","17,9",07:30,"21,5",13:00,31,"3,3","8,1",16:00,"1015,5",11,"1013,0",05,64,76,23:30,57,13:30,Gran Canaria
2021-03-19,C659M,"LAS PALMAS DE GRAN CANARIA, PL. DE LA FERIA",LAS PALMAS,15,"19,8","0,0","17,7",23:59,"21,8",14:20,35,"3,6","9,7",22:30,"1016,5",Varias,"1013,2",05,67,78,Varias,52,20:40,Gran Canaria
2021-03-20,C659M,"LAS PALMAS DE GRAN CANARIA, PL. DE LA FERIA",LAS PALMAS,15,"18,8","0,0","16,9",04:40,"20,6",13:40,34,"3,6","8,6",00:20,"1017,0",Varias,"1014,7",05,55,68,20:40,48,13:20,Gran Canaria
2021-03-21,C659M,"LAS PALMAS DE GRAN CANARIA, PL. DE LA FERIA",LAS PALMAS,15,"18,0","0,0","15,9",04:00,"20,2",12:50,33,"1,7","7,8",01:50,"1017,7",11,"1015,1",05,58,88,03:50,47,12:30,Gran Canaria
2021-03-22,C659M,"LAS PALMAS DE GRAN CANARIA, PL. DE LA FERIA",LAS PALMAS,15,"18,6","0,0","17,0",06:00,"20,2",13:50,05,"1,9","6,9",03:20,"1017,3",11,"1014,1",17,54,67,Varias,46,13:50,Gran Canaria
2021-03-23,C659M,"LAS PALMAS DE GRAN CANARIA, PL. DE LA FERIA",LAS PALMAS,15,"19,0","0,0","16,7",07:10,"21,2",14:50,99,"1,9","6,7",Varias,"1018,6",11,"1015,5",04,66,79,Varias,59,10:20,Gran Canaria
2021-03-24,C659M,"LAS PALMAS DE GRAN CANARIA, PL. DE LA FERIA",LAS PALMAS,15,"21,2","0,0","17,3",Varias,"25,2",14:00,12,"1,9","6,9",13:10,"1018,6",11,"1015,9",05,68,89,06:30,34,14:00,Gran Canaria
2021-03-25,C659M,"LAS PALMAS DE GRAN CANARIA, PL. DE LA FERIA",LAS PALMAS,15,"23,5","0,0","20,4",00:40,"26,6",21:50,19,"1,9","8,9",05:10,"1017,3",00,"1009,3",24,37,46,14:00,14,21:30,Gran Canaria
2021-03-26,C659M,"LAS PALMAS DE GRAN CANARIA, PL. DE LA FERIA",LAS PALMAS,15,"21,9","0,0","18,7",23:59,"25,1",15:20,12,"1,4","10,3",16:50,"1012,1",22,"1006,4",03,66,86,22:40,36,00:10,Gran Canaria
2021-03-27,C659M,"LAS PALMAS DE GRAN CANARIA, PL. DE LA FERIA",LAS PALMAS,15,"20,8","0,0","17,3",05:10,"24,3",15:00,99,"1,1","7,5",20:50,"1012,8",23,"1009,5",16,68,87,23:40,47,15:10,Gran Canaria
2021-03-28,C659M,"LAS PALMAS DE GRAN CANARIA, PL. DE LA FERIA",LAS PALMAS,15,"20,2","0,0","17,5",07:20,"23,0",13:00,09,"1,1","6,9",13:40,"1012,8",11,"1009,9",18,68,87,00:00,58,12:50,Gran Canaria
2021-03-29,C659M,"LAS PALMAS DE GRAN CANARIA, PL. DE LA FERIA",LAS PALMAS,15,"19,6","0,0","17,4",06:40,"21,9",11:10,34,"1,4","6,9",21:10,"1015,0",23,"1009,5",04,72,80,Varias,66,11:10,Gran Canaria
2021-03-30,C659M,"LAS PALMAS DE GRAN CANARIA, PL. DE LA FERIA",LAS PALMAS,15,"19,9","0,0","17,3",07:10,"22,5",13:40,12,"1,4","5,6",14:00,"1014,6",00,"1009,3",18,74,84,Varias,65,13:10,Gran Canaria
2021-03-31,C659M,"LAS PALMAS DE GRAN CANARIA, PL. DE LA FERIA",LAS PALMAS,15,"20,5","0,0","16,9",06:50,"24,1",14:50,12,"1,9","7,2",15:40,"1012,5",24,"1007,7",06,69,84,00:00,57,14:10,Gran Canaria
2021-04-01,C659M,"LAS PALMAS DE GRAN CANARIA, PL. DE LA FERIA",LAS PALMAS,15,"20,3","0,0","18,1",06:20,"22,5",14:10,30,"1,7","6,4",15:10,"1018,0",23,"1011,9",03,73,79,Varias,64,14:10,Gran Canaria
2021-04-02,C659M,"LAS PALMAS DE GRAN CANARIA, PL. DE LA FERIA",LAS PALMAS,15,"20,3","0,0","18,4",06:00,"22,2",15:00,09,"1,4","6,1",15:50,"1017,9",11,"1015,4",16,71,83,Varias,62,15:20,Gran Canaria
2021-04-03,C659M,"LAS PALMAS DE GRAN CANARIA, PL. DE LA FERIA",LAS PALMAS,15,"20,0","0,0","18,5",02:00,"21,5",13:40,02,"1,9","6,4",14:10,"1017,0",00,"1013,9",17,58,73,00:50,51,10:20,Gran Canaria
2021-04-04,C659M,"LAS PALMAS DE GRAN CANARIA, PL. DE LA FERIA",LAS PALMAS,15,"20,2","0,0","18,4",07:00,"21,9",15:30,06,"1,4","5,3",10:40,"1015,9",11,"1013,3",17,54,65,21:40,49,13:00,Gran Canaria
2021-04-05,C659M,"LAS PALMAS DE GRAN CANARIA, PL. DE LA FERIA",LAS PALMAS,15,"19,4","0,0","17,4",05:50,"21,3",14:20,34,"1,9","5,6",19:00,"1015,2",00,"1013,0",16,60,70,21:10,52,15:40,Gran Canaria
2021-04-06,C659M,"LAS PALMAS DE GRAN CANARIA, PL. DE LA FERIA",LAS PALMAS,15,"19,6","0,0","17,1",07:00,"22,1",15:00,30,"2,5","6,4",14:30,"1015,2",11,"1012,4",16,64,72,Varias,48,14:50,Gran Canaria
2021-04-07,C659M,"LAS PALMAS DE GRAN CANARIA, PL. DE LA FERIA",LAS PALMAS,15,"19,9","0,0","17,3",04:50,"22,5",14:50,07,"1,4","4,2",12:00,"1016,3",23,"1012,6",04,69,77,Varias,62,14:40,Gran Canaria
2021-04-08,C659M,"LAS PALMAS DE GRAN CANARIA, PL. DE LA FERIA",LAS PALMAS,15,"20,9","0,0","18,1",06:40,"23,7",16:20,30,"1,9","5,6",17:50,"1017,0",11,"1014,4",17,73,84,23:00,58,16:20,Gran Canaria
2021-04-09,C659M,"LAS PALMAS DE GRAN CANARIA, PL. DE LA FERIA",LAS PALMAS,15,"21,0","0,0","18,9",06:10,"23,2",13:10,33,"2,5","6,9",14:40,"1015,8",00,"1013,3",16,71,86,01:40,63,15:40,Gran Canaria
2021-04-10,C659M,"LAS PALMAS DE GRAN CANARIA, PL. DE LA FERIA",LAS PALMAS,15,"21,0","0,0","18,9",07:00,"23,2",15:40,34,"1,9","5,8",01:00,"1015,5",22,"1012,7",04,68,79,Varias,56,15:40,Gran Canaria
2021-04-11,C659M,"LAS PALMAS DE GRAN CANARIA, PL. DE LA FERIA",LAS PALMAS,15,"20,4","0,0","18,5",04:50,"22,4",13:50,35,"1,4","5,0",19:50,"1017,8",22,"1013,7",Varias,74,80,Varias,65,13:20,Gran Canaria
2021-04-12,C659M,"LAS PALMAS DE GRAN CANARIA, PL. DE LA FERIA",LAS PALMAS,15,"21,8",,"19,4",03:30,"24,3",10:50,34,"2,2","6,9",20:30,"1019,0",22,"1015,6",17,74,83,21:40,60,10:50,Gran Canaria
2021-04-14,C659M,"LAS PALMAS DE GRAN CANARIA, PL. DE LA FERIA",LAS PALMAS,15,"22,0","0,6","20,3",06:00,"23,8",14:30,31,"3,3","8,9",15:30,"1017,1",00,"1013,7",Varias,80,89,05:40,73,09:20,Gran Canaria
2021-04-15,C659M,"LAS PALMAS DE GRAN CANARIA, PL. DE LA FERIA",LAS PALMAS,15,"21,4","0,0","19,5",00:50,"23,4",13:50,29,"4,2","10,0",13:50,"1015,4",12,"1013,0",06,71,84,00:40,64,16:20,Gran Canaria
2021-04-16,C659M,"LAS PALMAS DE GRAN CANARIA, PL. DE LA FERIA",LAS PALMAS,15,"21,4","0,4","19,4",06:40,"23,3",14:00,32,"3,3","8,9",11:20,"1016,7",23,"1013,3",05,70,83,23:50,60,14:00,Gran Canaria
2021-04-17,C659M,"LAS PALMAS DE GRAN CANARIA, PL. DE LA FERIA",LAS PALMAS,15,"21,3","0,0","19,1",06:50,"23,5",14:20,32,"1,4","7,5",13:30,"1018,2",23,"1015,4",05,68,81,Varias,55,10:40,Gran Canaria
2021-04-18,C659M,"LAS PALMAS DE GRAN CANARIA, PL. DE LA FERIA",LAS PALMAS,15,"20,8","0,0","18,9",23:59,"22,6",13:40,34,"2,5","7,8",16:30,"1019,0",11,"1016,2",03,61,73,02:00,54,12:10,Gran Canaria
2021-04-19,C659M,"LAS PALMAS DE GRAN CANARIA, PL. DE LA FERIA",LAS PALMAS,15,"20,6","0,0","18,7",06:20,"22,6",15:40,34,"2,5","6,9",16:00,"1018,7",11,"1016,0",18,64,76,Varias,58,10:50,Gran Canaria
2021-04-20,C659M,"LAS PALMAS DE GRAN CANARIA, PL. DE LA FERIA",LAS PALMAS,15,"20,7","0,0","18,8",04:30,"22,6",15:00,30,"2,8","8,6",17:20,"1017,3",00,"1014,9",17,70,78,Varias,63,13:50,Gran Canaria
2021-04-21,C659M,"LAS PALMAS DE GRAN CANARIA, PL. DE LA FERIA",LAS PALMAS,15,"20,7","0,0","18,8",05:50,"22,6",15:00,34,"2,2","7,8",16:30,"1016,3",00,"1012,9",05,71,82,06:00,63,14:00,Gran Canaria
2021-04-22,C659M,"LAS PALMAS DE GRAN CANARIA, PL. DE LA FERIA",LAS PALMAS,15,"21,2","0,0","19,2",01:10,"23,2",14:00,32,"2,5","8,1",16:30,"1015,3",00,"1012,8",17,64,76,Varias,58,12:00,Gran Canaria
2021-04-23,C659M,"LAS PALMAS DE GRAN CANARIA, PL. DE LA FERIA",LAS PALMAS,15,"22,4","0,2","19,3",Varias,"25,4",14:00,29,"2,5","8,6",18:50,"1014,0",11,"1011,0",18,70,82,Varias,57,13:40,Gran Canaria
2021-04-24,C659M,"LAS PALMAS DE GRAN CANARIA, PL. DE LA FERIA",LAS PALMAS,15,"21,2","0,7","18,8",23:50,"23,6",13:20,32,"1,9","6,7",07:00,"1012,5",00,"1009,3",18,69,82,23:50,53,11:40,Gran Canaria
2021-04-25,C659M,"LAS PALMAS DE GRAN CANARIA, PL. DE LA FERIA",LAS PALMAS,15,"20,8","0,0","18,6",06:00,"23,0",11:40,29,"1,9","6,9",04:50,"1011,1",22,"1008,0",Varias,62,81,00:00,55,09:10,Gran Canaria
2021-04-26,C659M,"LAS PALMAS DE GRAN CANARIA, PL. DE LA FERIA",LAS PALMAS,15,"21,0","0,0","18,4",05:50,"23,5",13:50,30,"1,4","6,4",02:30,"1011,8",11,"1008,9",04,68,76,Varias,56,08:20,Gran Canaria
2021-04-27,C659M,"LAS PALMAS DE GRAN CANARIA, PL. DE LA FERIA",LAS PALMAS,15,"21,0","0,0","19,4",05:00,"22,5",11:40,30,"1,7","6,1",11:40,"1011,5",11,"1009,2",05,66,76,00:00,56,11:10,Gran Canaria
2021-04-28,C659M,"LAS PALMAS DE GRAN CANARIA, PL. DE LA FERIA",LAS PALMAS,15,"21,1","0,0","19,2",02:30,"23,0",12:30,05,"1,9","4,7",12:10,"1012,2",23,"1009,2",Varias,69,77,06:30,62,13:10,Gran Canaria
2021-04-29,C659M,"LAS PALMAS DE GRAN CANARIA, PL. DE LA FERIA",LAS PALMAS,15,"20,5","3,9","18,5",05:00,"22,5",10:00,07,"0,8","4,2",11:20,"1012,1",00,"1009,9",Varias,73,88,19:50,67,14:10,Gran Canaria
2021-04-30,C659M,"LAS PALMAS DE GRAN CANARIA, PL. DE LA FERIA",LAS PALMAS,15,"20,2","0,6","18,5",05:00,"22,0",16:00,32,"3,6","10,6",10:40,"1015,4",24,"1009,9",04,74,89,04:50,55,14:50,Gran Canaria
2021-05-01,C659M,"LAS PALMAS DE GRAN CANARIA, PL. DE LA FERIA",LAS PALMAS,15,"20,3","0,0","18,2",05:50,"22,4",14:30,01,"1,1","6,4",14:10,"1016,4",23,"1013,7",03,58,69,Varias,51,09:10,Gran Canaria
2021-05-02,C659M,"LAS PALMAS DE GRAN CANARIA, PL. DE LA FERIA",LAS PALMAS,15,"20,3","0,0","18,5",04:00,"22,1",13:00,99,"1,9","6,4",Varias,"1016,2",00,"1013,4",18,57,73,04:00,47,17:40,Gran Canaria
2021-05-03,C659M,"LAS PALMAS DE GRAN CANARIA, PL. DE LA FERIA",LAS PALMAS,15,"20,2","0,5","18,0",04:20,"22,4",11:30,06,"1,7","6,7",16:50,"1016,6",22,"1013,5",05,62,77,16:50,51,10:20,Gran Canaria
2021-05-04,C659M,"LAS PALMAS DE GRAN CANARIA, PL. DE LA FERIA",LAS PALMAS,15,"20,4","0,0","18,5",00:30,"22,4",13:50,33,"2,5","9,7",13:20,"1017,7",Varias,"1014,6",Varias,54,77,00:30,43,14:00,Gran Canaria
2021-05-05,C659M,"LAS PALMAS DE GRAN CANARIA, PL. DE LA FERIA",LAS PALMAS,15,"21,0","0,0","19,1",05:50,"23,0",12:10,33,"2,2","8,1",07:30,"1018,3",23,"1015,8",04,65,71,20:40,50,00:50,Gran Canaria
2021-05-06,C659M,"LAS PALMAS DE GRAN CANARIA, PL. DE LA FERIA",LAS PALMAS,15,"21,0","0,0","18,9",01:00,"23,2",14:20,36,"2,2","7,2",14:40,"1018,0",00,"1015,6",05,62,76,Varias,55,10:10,Gran Canaria
2021-05-07,C659M,"LAS PALMAS DE GRAN CANARIA, PL. DE LA FERIA",LAS PALMAS,15,"21,3","0,0","19,2",04:50,"23,4",15:10,30,"2,5","7,8",16:00,"1018,1",10,"1015,1",17,69,76,00:00,61,15:10,Gran Canaria
2021-05-08,C659M,"LAS PALMAS DE GRAN CANARIA, PL. DE LA FERIA",LAS PALMAS,15,"21,0","0,0","19,1",05:50,"22,9",14:00,28,"3,3","10,0",16:00,"1016,7",23,"1014,7",05,62,76,Varias,55,13:00,Gran Canaria
2021-05-09,C659M,"LAS PALMAS DE GRAN CANARIA, PL. DE LA FERIA",LAS PALMAS,15,"21,8","0,1","18,9",06:40,"24,7",14:50,33,"3,6","10,0",21:00,"1016,4",24,"1014,0",16,63,85,20:20,46,11:50,Gran Canaria
2021-05-10,C659M,"LAS PALMAS DE GRAN CANARIA, PL. DE LA FERIA",LAS PALMAS,15,,,,,,,06,"2,2","6,7",21:50,,,,,70,,,,,Gran Canaria
2021-05-11,C659M,"LAS PALMAS DE GRAN CANARIA, PL. DE LA FERIA",LAS PALMAS,15,"21,3","0,0","19,1",06:40,"23,5",13:50,35,"1,4","7,2",20:40,"1021,8",23,"1018,7",Varias,63,71,10:20,56,17:00,Gran Canaria
2021-05-12,C659M,"LAS PALMAS DE GRAN CANARIA, PL. DE LA FERIA",LAS PALMAS,15,"20,7",,"18,9",05:00,"22,5",13:00,34,"2,2","7,8",Varias,"1021,3",00,"1019,1",04,63,71,23:50,56,14:20,Gran Canaria
2021-05-18,C659M,"LAS PALMAS DE GRAN CANARIA, PL. DE LA FERIA",LAS PALMAS,15,,,,,,,18,"2,2","24,7",65:50,,,,,70,,,,,Gran Canaria
2021-05-19,C659M,"LAS PALMAS DE GRAN CANARIA, PL. DE LA FERIA",LAS PALMAS,15,"21,1","0,0","19,5",05:00,"22,7",12:00,32,"4,2","10,6",15:00,"1018,0",00,"1015,1",16,80,90,Varias,73,12:00,Gran Canaria
2021-05-20,C659M,"LAS PALMAS DE GRAN CANARIA, PL. DE LA FERIA",LAS PALMAS,15,"21,6","0,0","19,7",04:00,"23,4",13:40,30,"4,4","11,7",23:30,"1016,4",00,"1013,2",16,81,88,Varias,73,12:30,Gran Canaria
2021-05-21,C659M,"LAS PALMAS DE GRAN CANARIA, PL. DE LA FERIA",LAS PALMAS,15,"22,0","0,0","20,4",05:00,"23,5",14:30,28,"4,7","11,1",02:10,"1015,4",11,"1012,3",04,81,88,22:50,75,15:40,Gran Canaria
2021-05-22,C659M,"LAS PALMAS DE GRAN CANARIA, PL. DE LA FERIA",LAS PALMAS,15,"21,2","0,0","20,0",06:00,"22,5",16:10,34,"3,6","9,7",14:30,"1017,5",23,"1011,3",05,83,91,Varias,73,Varias,Gran Canaria
2021-05-23,C659M,"LAS PALMAS DE GRAN CANARIA, PL. DE LA FERIA",LAS PALMAS,15,"20,9","0,0","19,1",03:00,"22,7",14:50,32,"1,9","8,6",04:30,"1020,5",22,"1016,1",03,66,87,02:50,60,Varias,Gran Canaria
2021-05-24,C659M,"LAS PALMAS DE GRAN CANARIA, PL. DE LA FERIA",LAS PALMAS,15,"20,6","0,0","18,8",03:30,"22,3",12:20,02,"2,8","8,6",11:10,"1020,3",12,"1018,2",03,65,75,22:00,57,09:30,Gran Canaria
2021-05-25,C659M,"LAS PALMAS DE GRAN CANARIA, PL. DE LA FERIA",LAS PALMAS,15,"20,8","0,0","19,4",23:59,"22,3",13:20,32,"3,3","10,0",16:30,"1020,7",23,"1017,8",18,73,82,07:10,62,16:40,Gran Canaria
2021-05-26,C659M,"LAS PALMAS DE GRAN CANARIA, PL. DE LA FERIA",LAS PALMAS,15,"21,1","0,0","19,0",04:40,"23,2",14:00,34,"3,9","8,9",15:40,"1020,2",00,"1015,1",Varias,65,75,20:20,55,13:50,Gran Canaria
2021-05-27,C659M,"LAS PALMAS DE GRAN CANARIA, PL. DE LA FERIA",LAS PALMAS,15,"21,2","0,0","19,3",06:00,"23,0",14:00,30,"3,1","8,3",13:20,"1015,8",00,"1013,1",19,62,77,23:10,55,14:10,Gran Canaria
2021-05-28,C659M,"LAS PALMAS DE GRAN CANARIA, PL. DE LA FERIA",LAS PALMAS,15,"21,4","0,0","19,4",06:20,"23,5",16:30,30,"2,5","7,2",10:50,"1016,2",23,"1012,6",Varias,70,77,01:00,58,09:50,Gran Canaria
2021-05-29,C659M,"LAS PALMAS DE GRAN CANARIA, PL. DE LA FERIA",LAS PALMAS,15,"21,0","0,0","19,0",05:40,"23,0",12:30,32,"3,1","8,3",14:10,"1016,5",Varias,"1014,2",05,68,87,Varias,59,13:40,Gran Canaria
2021-05-30,C659M,"LAS PALMAS DE GRAN CANARIA, PL. DE LA FERIA",LAS PALMAS,15,"21,8","0,0","19,7",04:00,"23,8",11:40,34,"2,5","9,4",16:10,"1016,0",11,"1013,3",04,74,90,01:40,62,09:30,Gran Canaria
2021-05-31,C659M,"LAS PALMAS DE GRAN CANARIA, PL. DE LA FERIA",LAS PALMAS,15,"21,0","0,0","19,0",06:00,"22,9",11:30,33,"1,7","7,2",00:10,"1015,5",Varias,"1013,6",17,69,87,05:50,61,13:00,Gran Canaria
2021-06-01,C659M,"LAS PALMAS DE GRAN CANARIA, PL. DE LA FERIA",LAS PALMAS,15,"21,2","0,0","19,0",05:30,"23,5",14:00,28,"1,9","6,9",18:30,"1014,7",09,"1012,0",Varias,68,82,19:40,59,12:50,Gran Canaria
2021-06-02,C659M,"LAS PALMAS DE GRAN CANARIA, PL. DE LA FERIA",LAS PALMAS,15,"21,4","0,0","19,1",05:00,"23,6",16:20,30,"2,2","6,9",18:30,"1016,4",23,"1012,6",04,73,82,05:00,65,16:20,Gran Canaria
2021-06-03,C659M,"LAS PALMAS DE GRAN CANARIA, PL. DE LA FERIA",LAS PALMAS,15,"21,4","0,0","19,3",07:50,"23,6",11:50,31,"1,4","6,7",13:20,"1021,0",22,"1015,3",04,75,84,07:00,68,11:40,Gran Canaria
2021-06-04,C659M,"LAS PALMAS DE GRAN CANARIA, PL. DE LA FERIA",LAS PALMAS,15,"21,2","0,0","19,1",09:10,"23,2",13:10,01,"1,7","8,1",11:00,"1023,0",24,"1019,4",04,68,82,09:10,60,17:30,Gran Canaria
2021-06-05,C659M,"LAS PALMAS DE GRAN CANARIA, PL. DE LA FERIA",LAS PALMAS,15,"21,2","0,0","19,2",03:10,"23,1",12:20,32,"1,9","7,5",12:50,"1022,6",00,"1019,6",18,64,78,22:20,56,Varias,Gran Canaria
2021-06-06,C659M,"LAS PALMAS DE GRAN CANARIA, PL. DE LA FERIA",LAS PALMAS,15,"21,3","0,0","19,2",Varias,"23,4",13:30,32,"3,1","7,5",16:00,"1020,4",00,"1016,1",20,68,80,23:00,60,Varias,Gran Canaria
2021-06-07,C659M,"LAS PALMAS DE GRAN CANARIA, PL. DE LA FERIA",LAS PALMAS,15,"21,7","0,0","20,0",06:10,"23,4",15:40,34,"2,8","10,3",18:10,"1017,1",21,"1013,1",18,83,91,18:20,73,02:40,Gran Canaria
2021-06-08,C659M,"LAS PALMAS DE GRAN CANARIA, PL. DE LA FERIA",LAS PALMAS,15,"21,8","0,0","20,0",06:00,"23,7",12:20,31,"1,9","7,5",21:30,"1017,5",23,"1014,6",17,88,96,Varias,79,12:10,Gran Canaria
2021-06-09,C659M,"LAS PALMAS DE GRAN CANARIA, PL. DE LA FERIA",LAS PALMAS,15,"24,6","0,0","20,3",05:00,"29,0",16:20,30,"2,2","10,8",04:20,"1017,5",12,"1014,0",17,63,97,04:40,34,15:10,Gran Canaria
2021-06-10,C659M,"LAS PALMAS DE GRAN CANARIA, PL. DE LA FERIA",LAS PALMAS,15,"22,6","0,0","20,4",06:00,"24,9",12:40,32,"4,4","10,3",19:30,"1015,8",00,"1012,4",06,91,99,Varias,64,00:00,Gran Canaria
2021-06-11,C659M,"LAS PALMAS DE GRAN CANARIA, PL. DE LA FERIA",LAS PALMAS,15,"23,4","0,0","20,4",05:00,"26,3",12:40,30,"2,2","6,9",00:20,"1016,2",23,"1012,9",05,79,99,Varias,57,21:10,Gran Canaria
2021-06-12,C659M,"LAS PALMAS DE GRAN CANARIA, PL. DE LA FERIA",LAS PALMAS,15,"21,9","0,0","20,0",06:00,"23,8",16:40,01,"2,2","6,7",18:40,"1018,9",22,"1014,8",03,81,95,06:00,63,00:10,Gran Canaria
2021-06-13,C659M,"LAS PALMAS DE GRAN CANARIA, PL. DE LA FERIA",LAS PALMAS,15,"21,6","0,0","19,8",04:00,"23,5",14:20,32,"1,9","7,2",05:50,"1020,1",Varias,"1017,8",04,74,84,20:10,68,14:20,Gran Canaria
2021-06-14,C659M,"LAS PALMAS DE GRAN CANARIA, PL. DE LA FERIA",LAS PALMAS,15,"21,9","0,0","20,2",01:20,"23,6",15:20,29,"3,3","8,1",14:20,"1020,2",Varias,"1017,6",19,80,88,23:30,74,17:40,Gran Canaria
2021-06-15,C659M,"LAS PALMAS DE GRAN CANARIA, PL. DE LA FERIA",LAS PALMAS,15,"22,0","0,0","20,2",Varias,"23,8",14:10,34,"3,1","8,1",15:10,"1017,9",00,"1015,8",18,81,94,06:40,66,14:00,Gran Canaria
2021-06-16,C659M,"LAS PALMAS DE GRAN CANARIA, PL. DE LA FERIA",LAS PALMAS,15,"22,4","0,0","20,7",05:00,"24,0",15:40,31,"4,2","9,4",12:00,"1018,0",23,"1015,2",Varias,85,95,02:10,77,15:50,Gran Canaria
2021-06-17,C659M,"LAS PALMAS DE GRAN CANARIA, PL. DE LA FERIA",LAS PALMAS,15,"22,8","2,3","20,7",03:00,"24,9",14:30,29,"3,1","9,2",23:10,"1018,3",23,"1015,7",05,79,97,01:20,73,15:10,Gran Canaria
2021-06-18,C659M,"LAS PALMAS DE GRAN CANARIA, PL. DE LA FERIA",LAS PALMAS,15,"22,0","0,0","20,1",02:00,"23,9",13:50,30,"2,2","8,9",16:10,"1019,2",23,"1016,4",05,72,99,Varias,59,15:40,Gran Canaria
2021-06-19,C659M,"LAS PALMAS DE GRAN CANARIA, PL. DE LA FERIA",LAS PALMAS,15,"21,2","0,0","19,3",04:00,"23,1",10:50,01,"1,9","8,3",05:20,"1020,1",11,"1017,7",Varias,60,76,04:00,53,14:10,Gran Canaria
2021-06-20,C659M,"LAS PALMAS DE GRAN CANARIA, PL. DE LA FERIA",LAS PALMAS,15,"21,1","0,2","19,7",06:00,"22,5",12:20,99,"3,1","7,8",Varias,"1019,6",11,"1016,8",18,74,94,22:20,63,11:50,Gran Canaria
2021-06-21,C659M,"LAS PALMAS DE GRAN CANARIA, PL. DE LA FERIA",LAS PALMAS,15,"21,6","0,6","18,8",01:10,"24,5",14:10,33,"2,8","7,2",01:00,"1018,4",Varias,"1015,4",Varias,81,99,01:00,74,10:00,Gran Canaria
2021-06-22,C659M,"LAS PALMAS DE GRAN CANARIA, PL. DE LA FERIA",LAS PALMAS,15,"22,4","0,0","19,9",04:00,"24,9",15:30,02,"1,9","8,3",11:30,"1019,2",12,"1016,9",04,68,91,08:30,55,15:20,Gran Canaria
2021-06-23,C659M,"LAS PALMAS DE GRAN CANARIA, PL. DE LA FERIA",LAS PALMAS,15,"21,8","0,0","19,8",08:10,"23,8",14:20,33,"1,7","8,6",23:20,"1018,9",00,"1016,1",18,76,95,08:10,64,14:00,Gran Canaria
2021-06-24,C659M,"LAS PALMAS DE GRAN CANARIA, PL. DE LA FERIA",LAS PALMAS,15,"21,9","0,0","19,9",04:40,"23,9",15:00,99,"2,2","7,5",Varias,"1018,0",24,"1015,5",06,71,81,01:10,57,Varias,Gran Canaria
2021-06-25,C659M,"LAS PALMAS DE GRAN CANARIA, PL. DE LA FERIA",LAS PALMAS,15,"22,0","0,0","19,9",03:40,"24,0",16:00,30,"2,5","8,1",17:50,"1018,0",11,"1015,4",04,66,74,22:50,59,16:00,Gran Canaria
2021-06-26,C659M,"LAS PALMAS DE GRAN CANARIA, PL. DE LA FERIA",LAS PALMAS,15,"22,2","0,0","20,3",05:10,"24,0",13:10,30,"2,2","8,1",16:20,"1017,7",00,"1015,0",Varias,70,79,22:20,65,14:00,Gran Canaria
2021-06-27,C659M,"LAS PALMAS DE GRAN CANARIA, PL. DE LA FERIA",LAS PALMAS,15,"22,0","0,0","20,3",23:59,"23,7",13:00,33,"1,9","7,2",18:20,"1018,9",23,"1015,9",Varias,72,78,02:50,66,14:50,Gran Canaria
2021-06-28,C659M,"LAS PALMAS DE GRAN CANARIA, PL. DE LA FERIA",LAS PALMAS,15,"21,4","0,0","19,9",05:50,"23,0",13:50,99,"1,9","7,2",Varias,"1020,2",12,"1017,5",03,72,79,16:50,66,12:00,Gran Canaria
2021-06-29,C659M,"LAS PALMAS DE GRAN CANARIA, PL. DE LA FERIA",LAS PALMAS,15,"22,1","0,0","20,3",05:30,"23,9",15:30,34,"3,6","9,7",14:10,"1019,8",11,"1017,1",18,75,84,05:20,67,13:00,Gran Canaria
2021-06-30,C659M,"LAS PALMAS DE GRAN CANARIA, PL. DE LA FERIA",LAS PALMAS,15,"21,3","0,0","20,3",05:40,"22,3",15:10,31,"3,1","8,6",08:50,"1018,3",00,"1016,2",17,79,87,05:20,73,18:40,Gran Canaria
2021-07-01,C659M,"LAS PALMAS DE GRAN CANARIA, PL. DE LA FERIA",LAS PALMAS,15,"21,6","0,0","19,7",05:50,"23,6",12:50,34,"3,1","8,1",20:50,"1018,1",23,"1015,9",Varias,71,78,Varias,66,12:20,Gran Canaria
2021-07-02,C659M,"LAS PALMAS DE GRAN CANARIA, PL. DE LA FERIA",LAS PALMAS,15,"21,7","0,0","19,8",05:40,"23,6",13:50,31,"3,3","8,9",Varias,"1018,5",23,"1015,9",04,78,86,23:30,73,13:10,Gran Canaria
2021-07-03,C659M,"LAS PALMAS DE GRAN CANARIA, PL. DE LA FERIA",LAS PALMAS,15,"22,5","0,0","20,2",06:00,"24,8",12:40,27,"3,9","8,1",07:20,"1019,3",23,"1016,5",03,82,94,21:20,70,10:50,Gran Canaria
2021-07-04,C659M,"LAS PALMAS DE GRAN CANARIA, PL. DE LA FERIA",LAS PALMAS,15,"22,2","0,0","20,6",02:10,"23,9",14:50,32,"3,9","8,3",04:30,"1019,0",00,"1016,6",17,87,98,10:40,77,15:40,Gran Canaria
2021-07-05,C659M,"LAS PALMAS DE GRAN CANARIA, PL. DE LA FERIA",LAS PALMAS,15,"22,4","0,0","20,7",Varias,"24,2",15:30,29,"3,3","8,6",14:40,"1017,9",00,"1015,7",04,81,85,Varias,72,12:20,Gran Canaria
2021-07-06,C659M,"LAS PALMAS DE GRAN CANARIA, PL. DE LA FERIA",LAS PALMAS,15,"22,4","0,0","21,0",03:00,"23,8",14:00,31,"2,2","8,1",14:10,"1018,1",23,"1015,7",03,87,92,03:20,78,11:50,Gran Canaria
2021-07-07,C659M,"LAS PALMAS DE GRAN CANARIA, PL. DE LA FERIA",LAS PALMAS,15,"22,8","0,2","21,0",21:50,"24,5",15:30,33,"1,9","6,4",20:00,"1019,8",23,"1016,5",03,87,97,20:10,76,13:30,Gran Canaria
2021-07-08,C659M,"LAS PALMAS DE GRAN CANARIA, PL. DE LA FERIA",LAS PALMAS,15,"22,0","0,0","20,0",03:20,"24,0",15:10,99,"3,6","9,7",Varias,"1019,7",00,"1017,0",18,74,99,Varias,66,12:50,Gran Canaria
2021-07-09,C659M,"LAS PALMAS DE GRAN CANARIA, PL. DE LA FERIA",LAS PALMAS,15,"22,0","0,1","20,1",05:30,"24,0",12:50,34,"4,4","11,1",13:50,"1018,0",00,"1012,6",19,76,88,05:20,68,06:30,Gran Canaria
2021-07-10,C659M,"LAS PALMAS DE GRAN CANARIA, PL. DE LA FERIA",LAS PALMAS,15,"21,4","0,2","19,4",06:00,"23,4",14:40,30,"4,2","9,2",15:40,"1013,4",00,"1009,7",19,95,99,Varias,81,01:20,Gran Canaria
2021-07-11,C659M,"LAS PALMAS DE GRAN CANARIA, PL. DE LA FERIA",LAS PALMAS,15,"22,6","0,0","20,9",02:50,"24,3",13:40,30,"2,5","6,7",18:30,"1014,7",24,"1010,0",04,88,99,Varias,80,13:30,Gran Canaria
2021-07-12,C659M,"LAS PALMAS DE GRAN CANARIA, PL. DE LA FERIA",LAS PALMAS,15,"25,7","0,0","22,6",00:10,"28,8",04:30,23,"1,1","5,3",02:40,"1018,0",23,"1012,0",04,83,99,00:00,64,04:30,Gran Canaria
2021-07-13,C659M,"LAS PALMAS DE GRAN CANARIA, PL. DE LA FERIA",LAS PALMAS,15,"23,2","0,0","21,5",23:59,"24,9",14:20,30,"3,3","8,3",17:20,"1017,9",Varias,"1015,9",18,89,95,22:40,82,09:00,Gran Canaria
2021-07-14,C659M,"LAS PALMAS DE GRAN CANARIA, PL. DE LA FERIA",LAS PALMAS,15,"22,7","0,0","21,0",05:40,"24,4",12:50,32,"3,6","9,2",02:40,"1016,6",00,"1012,7",18,87,96,03:20,77,12:40,Gran Canaria
2021-07-15,C659M,"LAS PALMAS DE GRAN CANARIA, PL. DE LA FERIA",LAS PALMAS,15,"22,6","0,0","20,8",06:00,"24,3",15:40,31,"3,6","8,3",12:10,"1013,7",12,"1012,0",06,88,95,06:00,79,15:40,Gran Canaria
2021-07-16,C659M,"LAS PALMAS DE GRAN CANARIA, PL. DE LA FERIA",LAS PALMAS,15,"22,5","0,0","20,8",Varias,"24,2",15:50,32,"3,9","8,9",18:00,"1014,7",23,"1011,9",04,89,95,23:59,81,15:10,Gran Canaria
2021-07-17,C659M,"LAS PALMAS DE GRAN CANARIA, PL. DE LA FERIA",LAS PALMAS,15,"22,4","0,0","20,7",03:00,"24,2",16:40,35,"3,6","8,3",16:00,"1015,9",23,"1013,0",04,90,98,23:00,83,14:40,Gran Canaria
2021-07-18,C659M,"LAS PALMAS DE GRAN CANARIA, PL. DE LA FERIA",LAS PALMAS,15,"23,6","0,0","21,6",Varias,"25,7",16:00,31,"3,6","8,1",12:10,"1015,4",00,"1013,2",18,89,99,Varias,81,22:50,Gran Canaria
2021-07-19,C659M,"LAS PALMAS DE GRAN CANARIA, PL. DE LA FERIA",LAS PALMAS,15,"23,2","0,0","21,4",23:50,"25,0",13:30,30,"3,3","8,9",23:40,"1015,6",23,"1012,5",05,93,99,Varias,81,02:00,Gran Canaria
2021-07-20,C659M,"LAS PALMAS DE GRAN CANARIA, PL. DE LA FERIA",LAS PALMAS,15,"22,4","0,0","20,8",05:00,"24,0",14:50,31,"3,1","7,5",00:20,"1016,9",23,"1013,8",04,87,96,03:30,79,15:20,Gran Canaria
2021-07-21,C659M,"LAS PALMAS DE GRAN CANARIA, PL. DE LA FERIA",LAS PALMAS,15,"22,6","0,0","21,0",06:50,"24,2",13:50,34,"3,9","10,0",17:30,"1017,3",Varias,"1015,4",Varias,78,87,00:30,73,13:40,Gran Canaria
2021-07-22,C659M,"LAS PALMAS DE GRAN CANARIA, PL. DE LA FERIA",LAS PALMAS,15,"22,7","0,0","21,0",03:50,"24,4",13:20,32,"5,8","12,8",08:00,"1016,7",12,"1013,5",19,84,98,Varias,78,12:50,Gran Canaria
2021-07-23,C659M,"LAS PALMAS DE GRAN CANARIA, PL. DE LA FERIA",LAS PALMAS,15,"23,2","0,0","21,4",04:00,"24,9",13:20,30,"4,7","11,1",11:10,"1014,7",00,"1011,8",18,95,99,Varias,88,Varias,Gran Canaria
2021-07-24,C659M,"LAS PALMAS DE GRAN CANARIA, PL. DE LA FERIA",LAS PALMAS,15,"22,9","0,0","21,5",05:00,"24,3",13:40,31,"3,3","7,8",12:50,"1015,4",23,"1011,5",05,94,99,Varias,87,14:50,Gran Canaria
2021-07-25,C659M,"LAS PALMAS DE GRAN CANARIA, PL. DE LA FERIA",LAS PALMAS,15,"23,0","0,0","21,3",05:00,"24,8",14:50,30,"3,1","8,6",13:40,"1016,7",Varias,"1013,7",Varias,89,99,Varias,83,15:00,Gran Canaria
2021-07-26,C659M,"LAS PALMAS DE GRAN CANARIA, PL. DE LA FERIA",LAS PALMAS,15,"22,7","1,1","21,1",23:10,"24,3",16:00,32,"3,1","8,3",15:10,"1016,2",00,"1013,8",18,98,99,Varias,91,09:10,Gran Canaria
2021-07-27,C659M,"LAS PALMAS DE GRAN CANARIA, PL. DE LA FERIA",LAS PALMAS,15,"22,7","0,0","20,9",23:50,"24,5",16:40,34,"3,3","8,9",13:50,"1015,0",00,"1011,6",18,88,99,Varias,79,11:40,Gran Canaria
2021-07-28,C659M,"LAS PALMAS DE GRAN CANARIA, PL. DE LA FERIA",LAS PALMAS,15,"23,0","0,0","21,1",02:00,"24,8",13:00,33,"3,1","8,3",13:30,"1013,3",00,"1011,1",06,91,99,Varias,81,12:50,Gran Canaria
2021-07-29,C659M,"LAS PALMAS DE GRAN CANARIA, PL. DE LA FERIA",LAS PALMAS,15,"23,0","0,0","21,5",03:30,"24,4",15:20,35,"3,1","9,2",14:30,"1014,8",23,"1011,0",06,91,98,10:50,84,16:10,Gran Canaria
2021-07-30,C659M,"LAS PALMAS DE GRAN CANARIA, PL. DE LA FERIA",LAS PALMAS,15,"23,2","0,0","21,5",06:50,"25,0",13:30,32,"3,6","9,2",14:30,"1017,2",23,"1013,3",03,90,98,21:30,82,12:00,Gran Canaria
2021-07-31,C659M,"LAS PALMAS DE GRAN CANARIA, PL. DE LA FERIA",LAS PALMAS,15,,"0,0",,,,,35,"2,8","8,1",18:10,"1018,1",23,"1015,1",03,,99,05:50,79,15:10,Gran Canaria
2021-08-01,C659M,"LAS PALMAS DE GRAN CANARIA, PL. DE LA FERIA",LAS PALMAS,15,"22,6","0,0","21,5",06:40,"23,6",14:30,34,"2,8","8,3",14:50,"1018,4",Varias,"1016,1",03,88,98,03:00,76,13:30,Gran Canaria
2021-08-02,C659M,"LAS PALMAS DE GRAN CANARIA, PL. DE LA FERIA",LAS PALMAS,15,"23,0","0,0","21,2",05:30,"24,9",14:30,29,"3,1","8,1",15:50,"1017,2",00,"1014,8",18,90,99,19:50,81,Varias,Gran Canaria
2021-08-03,C659M,"LAS PALMAS DE GRAN CANARIA, PL. DE LA FERIA",LAS PALMAS,15,"22,8","0,5","20,5",08:40,"25,2",15:00,32,"3,1","7,8",14:10,"1017,9",24,"1014,4",05,91,99,Varias,77,16:00,Gran Canaria
2021-08-04,C659M,"LAS PALMAS DE GRAN CANARIA, PL. DE LA FERIA",LAS PALMAS,15,"23,6","0,0","21,8",01:50,"25,5",13:30,32,"2,5","7,5",16:20,"1019,2",Varias,"1016,4",04,78,99,22:00,70,11:40,Gran Canaria
2021-08-05,C659M,"LAS PALMAS DE GRAN CANARIA, PL. DE LA FERIA",LAS PALMAS,15,"23,0","1,1","21,2",23:20,"24,9",15:00,32,"3,1","8,1",13:40,"1018,9",10,"1016,0",19,98,99,Varias,86,02:50,Gran Canaria
2021-08-06,C659M,"LAS PALMAS DE GRAN CANARIA, PL. DE LA FERIA",LAS PALMAS,15,"22,7","0,6","20,3",05:40,"25,1",13:10,99,"3,1","8,3",15:50,"1016,4",00,"1014,0",18,94,99,Varias,87,13:10,Gran Canaria
2021-08-07,C659M,"LAS PALMAS DE GRAN CANARIA, PL. DE LA FERIA",LAS PALMAS,15,"23,0","0,3","20,7",06:50,"25,4",15:00,34,"2,8","7,8",13:40,"1016,8",23,"1013,6",05,97,99,Varias,91,15:10,Gran Canaria
2021-08-08,C659M,"LAS PALMAS DE GRAN CANARIA, PL. DE LA FERIA",LAS PALMAS,15,"23,5","2,1","21,2",08:50,"25,8",16:00,30,"2,2","6,1",19:20,"1017,4",11,"1014,4",05,97,99,Varias,89,16:20,Gran Canaria
2021-08-09,C659M,"LAS PALMAS DE GRAN CANARIA, PL. DE LA FERIA",LAS PALMAS,15,"23,4","0,0","21,2",07:00,"25,5",15:40,99,"3,3","8,6",Varias,"1017,6",12,"1015,1",04,91,99,Varias,84,13:40,Gran Canaria
2021-08-10,C659M,"LAS PALMAS DE GRAN CANARIA, PL. DE LA FERIA",LAS PALMAS,15,"23,2","0,0","21,4",06:00,"25,1",14:40,31,"3,6","8,3",11:10,"1017,4",12,"1015,3",Varias,91,99,Varias,85,15:00,Gran Canaria
2021-08-11,C659M,"LAS PALMAS DE GRAN CANARIA, PL. DE LA FERIA",LAS PALMAS,15,"23,8","0,0","22,1",01:50,"25,5",14:20,28,"1,9","7,5",15:50,"1017,2",23,"1015,3",Varias,93,99,Varias,81,23:30,Gran Canaria
2021-08-12,C659M,"LAS PALMAS DE GRAN CANARIA, PL. DE LA FERIA",LAS PALMAS,15,"24,0","0,0","22,1",04:00,"26,0",16:00,99,"1,9","6,1",Varias,"1017,0",00,"1015,0",16,94,99,Varias,79,02:00,Gran Canaria
2021-08-13,C659M,"LAS PALMAS DE GRAN CANARIA, PL. DE LA FERIA",LAS PALMAS,15,"23,8","0,0","22,3",23:59,"25,3",14:50,32,"2,5","7,8",18:30,"1016,8",11,"1014,4",18,94,99,Varias,88,Varias,Gran Canaria
2021-08-14,C659M,"LAS PALMAS DE GRAN CANARIA, PL. DE LA FERIA",LAS PALMAS,15,"23,4","0,0","21,8",04:10,"25,0",13:50,33,"3,6","9,2",13:30,"1015,2",00,"1012,5",19,99,99,Varias,99,Varias,Gran Canaria
2021-08-15,C659M,"LAS PALMAS DE GRAN CANARIA, PL. DE LA FERIA",LAS PALMAS,15,"24,4","0,0","22,1",07:00,"26,6",16:20,32,"3,6","8,9",09:40,"1013,7",00,"1010,7",18,99,99,Varias,99,Varias,Gran Canaria
2021-08-16,C659M,"LAS PALMAS DE GRAN CANARIA, PL. DE LA FERIA",LAS PALMAS,15,"25,4","0,0","23,1",05:00,"27,8",13:40,30,"3,6","8,6",08:10,"1014,4",Varias,"1010,8",05,97,99,Varias,90,21:40,Gran Canaria
2021-08-17,C659M,"LAS PALMAS DE GRAN CANARIA, PL. DE LA FERIA",LAS PALMAS,15,"27,3","0,0","24,9",04:40,"29,7",15:20,29,"2,5","7,5",06:20,"1016,4",23,"1012,8",04,88,99,01:00,78,22:50,Gran Canaria
2021-08-18,C659M,"LAS PALMAS DE GRAN CANARIA, PL. DE LA FERIA",LAS PALMAS,15,"26,1","0,0","23,2",23:59,"29,0",12:50,32,"3,3","8,9",10:20,"1016,2",11,"1014,1",18,84,99,Varias,76,09:20,Gran Canaria
2021-08-19,C659M,"LAS PALMAS DE GRAN CANARIA, PL. DE LA FERIA",LAS PALMAS,15,"24,6","0,0","22,3",04:00,"26,9",14:20,29,"3,1","7,5",03:00,"1015,0",00,"1011,6",18,99,99,Varias,97,12:50,Gran Canaria
2021-08-20,C659M,"LAS PALMAS DE GRAN CANARIA, PL. DE LA FERIA",LAS PALMAS,15,"23,8","0,0","21,7",05:40,"25,8",15:30,08,"1,7","4,7",15:40,"1015,8",23,"1012,2",04,99,99,Varias,99,Varias,Gran Canaria
2021-08-21,C659M,"LAS PALMAS DE GRAN CANARIA, PL. DE LA FERIA",LAS PALMAS,15,"23,6","0,0","21,8",04:10,"25,5",15:50,08,"1,1","4,7",13:10,"1018,7",23,"1014,6",03,99,99,Varias,99,Varias,Gran Canaria
2021-08-22,C659M,"LAS PALMAS DE GRAN CANARIA, PL. DE LA FERIA",LAS PALMAS,15,"24,2","0,0","21,7",03:00,"26,6",14:20,32,"1,7","6,9",17:50,"1018,3",00,"1015,7",04,99,99,Varias,93,14:10,Gran Canaria
2021-08-23,C659M,"LAS PALMAS DE GRAN CANARIA, PL. DE LA FERIA",LAS PALMAS,15,"23,7","0,0","22,4",06:30,"25,0",14:00,29,"3,3","8,3",12:10,"1017,0",00,"1014,3",18,99,99,Varias,93,13:50,Gran Canaria
2021-08-24,C659M,"LAS PALMAS DE GRAN CANARIA, PL. DE LA FERIA",LAS PALMAS,15,"24,2","0,0","22,7",03:20,"25,6",14:10,33,"3,6","8,3",16:40,"1016,0",11,"1013,3",18,98,99,Varias,91,12:30,Gran Canaria
2021-08-25,C659M,"LAS PALMAS DE GRAN CANARIA, PL. DE LA FERIA",LAS PALMAS,15,"24,1","0,0","22,4",04:50,"25,8",15:20,28,"2,2","7,5",16:50,"1014,2",00,"1011,5",19,96,99,Varias,90,12:00,Gran Canaria
2021-08-26,C659M,"LAS PALMAS DE GRAN CANARIA, PL. DE LA FERIA",LAS PALMAS,15,"23,8","0,0","21,9",05:00,"25,8",16:50,32,"2,5","6,7",18:20,"1014,6",23,"1011,1",05,99,99,Varias,96,16:10,Gran Canaria
2021-08-27,C659M,"LAS PALMAS DE GRAN CANARIA, PL. DE LA FERIA",LAS PALMAS,15,"24,2","0,0","22,2",Varias,"26,2",17:00,99,"1,9","6,9",14:40,"1017,0",23,"1012,7",03,99,99,Varias,98,15:00,Gran Canaria
2021-08-28,C659M,"LAS PALMAS DE GRAN CANARIA, PL. DE LA FERIA",LAS PALMAS,15,"24,9","0,0","22,3",Varias,"27,5",14:50,34,"1,7","6,1",15:50,"1017,7",12,"1015,3",04,99,99,Varias,90,14:40,Gran Canaria
2021-08-29,C659M,"LAS PALMAS DE GRAN CANARIA, PL. DE LA FERIA",LAS PALMAS,15,"24,8","0,0","23,1",Varias,"26,6",15:50,29,"2,8","7,5",17:20,"1017,6",00,"1014,2",18,99,99,Varias,96,16:20,Gran Canaria
2021-08-30,C659M,"LAS PALMAS DE GRAN CANARIA, PL. DE LA FERIA",LAS PALMAS,15,"24,6","0,0","22,7",05:20,"26,6",14:00,08,"1,7","5,8",13:20,"1015,3",11,"1012,5",17,98,99,Varias,93,13:30,Gran Canaria
2021-08-31,C659M,"LAS PALMAS DE GRAN CANARIA, PL. DE LA FERIA",LAS PALMAS,15,,"0,0",,,,,30,"2,8","7,5",13:20,"1016,1",23,"1013,6",04,,99,Varias,99,Varias,Gran Canaria
2021-09-01,C659M,"LAS PALMAS DE GRAN CANARIA, PL. DE LA FERIA",LAS PALMAS,15,"25,4","0,0","23,5",04:00,"27,4",13:10,31,"2,8","8,1",17:10,"1016,8",23,"1014,3",03,99,99,Varias,99,Varias,Gran Canaria
2021-09-02,C659M,"LAS PALMAS DE GRAN CANARIA, PL. DE LA FERIA",LAS PALMAS,15,"24,9","0,0","23,3",23:59,"26,5",15:50,28,"1,4","6,4",01:10,"1016,9",Varias,"1014,8",17,99,99,Varias,99,Varias,Gran Canaria
2021-09-03,C659M,"LAS PALMAS DE GRAN CANARIA, PL. DE LA FERIA",LAS PALMAS,15,"24,8","0,0","22,9",06:40,"26,6",14:30,10,"1,7","5,0",16:00,"1016,1",11,"1013,3",20,99,99,Varias,96,14:20,Gran Canaria
2021-09-04,C659M,"LAS PALMAS DE GRAN CANARIA, PL. DE LA FERIA",LAS PALMAS,15,"24,6","0,0","22,6",05:00,"26,7",13:20,30,"1,7","5,6",14:50,"1013,7",00,"1010,5",19,99,99,Varias,98,14:30,Gran Canaria
2021-09-05,C659M,"LAS PALMAS DE GRAN CANARIA, PL. DE LA FERIA",LAS PALMAS,15,"24,4","0,0","22,3",06:10,"26,5",14:20,31,"1,7","4,7",01:10,"1013,4",11,"1010,3",Varias,99,99,Varias,99,Varias,Gran Canaria
2021-09-06,C659M,"LAS PALMAS DE GRAN CANARIA, PL. DE LA FERIA",LAS PALMAS,15,"25,2","0,0","23,0",06:20,"27,4",16:50,32,"1,9","5,3",18:40,"1015,2",22,"1010,8",04,99,99,Varias,99,Varias,Gran Canaria
2021-09-07,C659M,"LAS PALMAS DE GRAN CANARIA, PL. DE LA FERIA",LAS PALMAS,15,"25,8","0,0","24,2",Varias,"27,3",Varias,33,"2,2","8,6",17:40,"1016,9",22,"1013,0",04,98,99,Varias,94,11:00,Gran Canaria
2021-09-08,C659M,"LAS PALMAS DE GRAN CANARIA, PL. DE LA FERIA",LAS PALMAS,15,"25,5","0,0","23,8",Varias,"27,2",14:50,01,"1,7","6,4",19:30,"1017,5",10,"1014,9",04,98,99,Varias,92,12:30,Gran Canaria
2021-09-09,C659M,"LAS PALMAS DE GRAN CANARIA, PL. DE LA FERIA",LAS PALMAS,15,"25,8","0,0","23,9",01:20,"27,6",15:40,35,"1,1","6,1",22:40,"1017,9",11,"1015,6",04,97,99,Varias,92,13:30,Gran Canaria
2021-09-10,C659M,"LAS PALMAS DE GRAN CANARIA, PL. DE LA FERIA",LAS PALMAS,15,"25,1","0,0","23,3",23:59,"26,9",14:40,99,"1,9","6,7",Varias,"1017,0",00,"1015,0",05,98,99,Varias,91,14:00,Gran Canaria
2021-09-11,C659M,"LAS PALMAS DE GRAN CANARIA, PL. DE LA FERIA",LAS PALMAS,15,"25,0","0,0","23,0",05:00,"27,0",15:20,29,"1,4","6,7",16:30,"1016,1",00,"1013,2",Varias,99,99,Varias,96,15:10,Gran Canaria
2021-09-12,C659M,"LAS PALMAS DE GRAN CANARIA, PL. DE LA FERIA",LAS PALMAS,15,"24,8","0,0","23,3",Varias,"26,4",17:30,16,"1,7","8,3",07:40,"1015,6",08,"1009,8",18,98,99,Varias,90,17:40,Gran Canaria
2021-09-13,C659M,"LAS PALMAS DE GRAN CANARIA, PL. DE LA FERIA",LAS PALMAS,15,"24,8","0,0","23,1",06:00,"26,4",10:50,99,"1,1","5,3",16:30,"1011,9",22,"1008,8",05,95,99,Varias,82,09:10,Gran Canaria
2021-09-14,C659M,"LAS PALMAS DE GRAN CANARIA, PL. DE LA FERIA",LAS PALMAS,15,"25,2","0,0","23,3",05:00,"27,2",11:00,31,"2,8","8,1",18:00,"1015,3",23,"1010,1",04,92,98,01:10,83,11:00,Gran Canaria
2021-09-15,C659M,"LAS PALMAS DE GRAN CANARIA, PL. DE LA FERIA",LAS PALMAS,15,"24,4",,"22,1",08:30,"26,8",13:30,32,"3,3","8,3",15:10,"1017,5",22,"1013,9",04,77,99,08:20,64,12:20,Gran Canaria
2021-09-16,C659M,"LAS PALMAS DE GRAN CANARIA, PL. DE LA FERIA",LAS PALMAS,15,"25,2","0,0","23,4",06:00,"26,9",10:20,34,"2,2","8,3",14:50,"1018,3",22,"1015,6",04,71,81,05:20,62,15:40,Gran Canaria
2021-09-17,C659M,"LAS PALMAS DE GRAN CANARIA, PL. DE LA FERIA",LAS PALMAS,15,"25,0","0,0","23,2",06:00,"26,8",12:10,01,"1,4","6,4",15:00,"1017,8",00,"1014,3",17,72,78,Varias,61,14:20,Gran Canaria
2021-09-18,C659M,"LAS PALMAS DE GRAN CANARIA, PL. DE LA FERIA",LAS PALMAS,15,"24,7","0,0","22,9",06:20,"26,5",11:50,07,"1,4","6,4",14:30,"1017,3",22,"1014,2",04,73,80,20:30,59,11:20,Gran Canaria
2021-09-19,C659M,"LAS PALMAS DE GRAN CANARIA, PL. DE LA FERIA",LAS PALMAS,15,"24,6","0,1","22,8",06:30,"26,4",09:50,09,"1,1","6,4",15:00,"1019,0",Varias,"1015,2",06,69,82,Varias,61,17:40,Gran Canaria
2021-09-20,C659M,"LAS PALMAS DE GRAN CANARIA, PL. DE LA FERIA",LAS PALMAS,15,"25,2","0,0","23,0",03:00,"27,3",11:30,33,"2,2","7,8",10:00,"1019,3",11,"1016,7",17,59,74,05:40,43,11:00,Gran Canaria
2021-09-21,C659M,"LAS PALMAS DE GRAN CANARIA, PL. DE LA FERIA",LAS PALMAS,15,"24,6","0,0","23,0",04:30,"26,1",10:50,02,"1,9","6,7",16:30,"1017,6",00,"1014,0",17,68,74,Varias,55,17:10,Gran Canaria
2021-09-22,C659M,"LAS PALMAS DE GRAN CANARIA, PL. DE LA FERIA",LAS PALMAS,15,"24,8","0,0","22,9",23:59,"26,8",13:00,32,"2,2","6,9",15:20,"1014,9",00,"1012,2",18,58,70,19:00,47,Varias,Gran Canaria
2021-09-23,C659M,"LAS PALMAS DE GRAN CANARIA, PL. DE LA FERIA",LAS PALMAS,15,"24,4","0,0","22,5",05:00,"26,2",13:50,31,"2,5","7,8",15:30,"1014,1",11,"1011,0",04,65,72,21:30,59,Varias,Gran Canaria
2021-09-24,C659M,"LAS PALMAS DE GRAN CANARIA, PL. DE LA FERIA",LAS PALMAS,15,"23,7","0,0","22,0",05:00,"25,4",14:10,08,"1,7","4,7",15:00,"1016,5",22,"1012,8",02,65,74,10:00,62,Varias,Gran Canaria
2021-09-25,C659M,"LAS PALMAS DE GRAN CANARIA, PL. DE LA FERIA",LAS PALMAS,15,"23,4","0,0","21,0",05:40,"25,9",16:00,08,"1,7","5,0",11:10,"1017,2",22,"1015,2",Varias,67,77,23:40,58,16:00,Gran Canaria
2021-09-26,C659M,"LAS PALMAS DE GRAN CANARIA, PL. DE LA FERIA",LAS PALMAS,15,"23,8","0,0","22,1",07:00,"25,4",13:40,32,"1,4","5,0",21:30,"1018,7",22,"1015,9",05,75,82,23:59,67,13:40,Gran Canaria
2021-09-27,C659M,"LAS PALMAS DE GRAN CANARIA, PL. DE LA FERIA",LAS PALMAS,15,"24,5","0,0","23,0",02:40,"26,0",14:30,99,"1,7","5,0",Varias,"1020,2",22,"1017,6",Varias,77,83,Varias,70,13:30,Gran Canaria
2021-09-28,C659M,"LAS PALMAS DE GRAN CANARIA, PL. DE LA FERIA",LAS PALMAS,15,"24,1","0,0","23,1",02:00,"25,1",12:00,04,"1,7","6,1",14:40,"1020,7",Varias,"1017,9",03,73,83,01:10,67,13:20,Gran Canaria
2021-09-29,C659M,"LAS PALMAS DE GRAN CANARIA, PL. DE LA FERIA",LAS PALMAS,15,"24,2","0,3","22,8",22:20,"25,5",13:00,34,"1,7","8,3",16:40,"1020,3",00,"1017,7",17,71,82,08:50,60,13:50,Gran Canaria
2021-09-30,C659M,"LAS PALMAS DE GRAN CANARIA, PL. DE LA FERIA",LAS PALMAS,15,"23,8","0,0","22,6",05:10,"25,1",15:40,32,"2,8","7,5",04:50,"1018,0",00,"1014,5",17,77,82,23:59,67,Varias,Gran Canaria
2021-10-01,C659M,"LAS PALMAS DE GRAN CANARIA, PL. DE LA FERIA",LAS PALMAS,15,"24,5","0,0","23,0",23:59,"26,0",14:20,32,"1,7","6,4",20:40,"1016,7",10,"1014,1",04,81,86,Varias,76,Varias,Gran Canaria
2021-10-02,C659M,"LAS PALMAS DE GRAN CANARIA, PL. DE LA FERIA",LAS PALMAS,15,"24,3","0,0","22,5",06:40,"26,1",11:20,32,"1,9","5,8",02:50,"1016,5",11,"1014,4",05,81,88,06:30,73,11:20,Gran Canaria
2021-10-03,C659M,"LAS PALMAS DE GRAN CANARIA, PL. DE LA FERIA",LAS PALMAS,15,"24,1","0,0","22,3",06:00,"25,9",15:30,31,"1,4","5,8",03:30,"1019,5",22,"1014,9",05,73,87,00:40,63,15:30,Gran Canaria
2021-10-04,C659M,"LAS PALMAS DE GRAN CANARIA, PL. DE LA FERIA",LAS PALMAS,15,"24,0","0,0","22,2",23:59,"25,7",12:30,32,"2,8","8,1",17:00,"1019,2",10,"1016,8",17,73,87,07:50,58,Varias,Gran Canaria
2021-10-05,C659M,"LAS PALMAS DE GRAN CANARIA, PL. DE LA FERIA",LAS PALMAS,15,"23,6","0,0","22,1",06:00,"25,0",13:00,35,"1,7","6,7",09:50,"1018,9",10,"1015,6",17,58,67,18:10,52,10:00,Gran Canaria
2021-10-06,C659M,"LAS PALMAS DE GRAN CANARIA, PL. DE LA FERIA",LAS PALMAS,15,"24,1","0,0","22,3",Varias,"25,9",13:40,32,"1,9","6,9",14:00,"1017,0",11,"1014,7",05,66,75,20:50,57,13:20,Gran Canaria
2021-10-07,C659M,"LAS PALMAS DE GRAN CANARIA, PL. DE LA FERIA",LAS PALMAS,15,"23,7","0,0","22,4",00:10,"25,0",16:00,07,"1,4","5,6",12:30,"1016,6",Varias,"1014,7",Varias,71,77,20:00,66,16:00,Gran Canaria
2021-10-08,C659M,"LAS PALMAS DE GRAN CANARIA, PL. DE LA FERIA",LAS PALMAS,15,"23,8","0,0","22,1",04:00,"25,4",13:10,33,"1,4","5,8",15:50,"1017,2",11,"1014,6",05,68,80,23:40,62,13:00,Gran Canaria
2021-10-09,C659M,"LAS PALMAS DE GRAN CANARIA, PL. DE LA FERIA",LAS PALMAS,15,"23,2","0,0","22,2",Varias,"24,1",11:40,28,"3,1","8,6",12:40,"1017,6",11,"1014,6",17,75,81,Varias,70,Varias,Gran Canaria
2021-10-10,C659M,"LAS PALMAS DE GRAN CANARIA, PL. DE LA FERIA",LAS PALMAS,15,"23,8","0,0","21,9",07:00,"25,6",14:30,30,"3,3","8,3",15:30,"1015,0",00,"1012,4",15,70,82,04:10,60,13:20,Gran Canaria
2021-10-11,C659M,"LAS PALMAS DE GRAN CANARIA, PL. DE LA FERIA",LAS PALMAS,15,"23,8","0,0","21,8",23:59,"25,8",15:10,30,"2,5","7,2",16:10,"1014,9",24,"1011,7",Varias,61,73,00:00,47,14:20,Gran Canaria
2021-10-12,C659M,"LAS PALMAS DE GRAN CANARIA, PL. DE LA FERIA",LAS PALMAS,15,"23,0","0,0","20,7",06:20,"25,4",13:40,30,"1,9","6,9",15:20,"1015,5",10,"1013,4",16,66,70,Varias,55,13:40,Gran Canaria
2021-10-13,C659M,"LAS PALMAS DE GRAN CANARIA, PL. DE LA FERIA",LAS PALMAS,15,"23,4","0,0","21,3",03:30,"25,5",14:30,99,"1,1","5,8",Varias,"1016,1",11,"1013,8",04,68,75,23:30,57,14:20,Gran Canaria
2021-10-14,C659M,"LAS PALMAS DE GRAN CANARIA, PL. DE LA FERIA",LAS PALMAS,15,"23,4","0,0","21,5",05:00,"25,3",14:40,09,"1,7","5,6",14:50,"1016,8",23,"1014,0",04,68,77,01:40,58,14:10,Gran Canaria
2021-10-15,C659M,"LAS PALMAS DE GRAN CANARIA, PL. DE LA FERIA",LAS PALMAS,15,"23,8","0,0","22,3",03:40,"25,4",15:20,34,"1,7","6,1",15:30,"1016,8",11,"1014,3",05,68,79,22:10,60,10:40,Gran Canaria
2021-10-16,C659M,"LAS PALMAS DE GRAN CANARIA, PL. DE LA FERIA",LAS PALMAS,15,"23,5","0,0","22,0",07:00,"25,0",13:50,32,"1,7","5,0",17:10,"1015,8",00,"1013,3",15,77,85,23:50,68,08:30,Gran Canaria
2021-10-17,C659M,"LAS PALMAS DE GRAN CANARIA, PL. DE LA FERIA",LAS PALMAS,15,"24,1","0,0","20,9",07:00,"27,3",13:30,30,"1,1","4,2",03:10,"1015,3",22,"1012,8",16,76,89,05:30,52,23:50,Gran Canaria
2021-10-18,C659M,"LAS PALMAS DE GRAN CANARIA, PL. DE LA FERIA",LAS PALMAS,15,"23,9","0,0","21,4",04:40,"26,4",11:20,07,"0,8","3,3",13:30,"1016,7",10,"1013,7",04,77,91,19:30,51,00:20,Gran Canaria
2021-10-19,C659M,"LAS PALMAS DE GRAN CANARIA, PL. DE LA FERIA",LAS PALMAS,15,"23,6","0,0","22,0",07:00,"25,3",15:00,07,"1,1","3,9",15:30,"1017,6",24,"1014,1",04,77,86,21:00,56,04:00,Gran Canaria
2021-10-20,C659M,"LAS PALMAS DE GRAN CANARIA, PL. DE LA FERIA",LAS PALMAS,15,"23,7","0,0","22,2",Varias,"25,2",13:50,33,"1,4","4,7",20:30,"1019,5",Varias,"1016,3",05,76,83,08:40,61,05:10,Gran Canaria
2021-10-21,C659M,"LAS PALMAS DE GRAN CANARIA, PL. DE LA FERIA",LAS PALMAS,15,"23,8","0,0","22,4",02:00,"25,1",12:00,35,"1,4","6,4",13:50,"1020,2",11,"1017,8",Varias,74,84,02:20,68,11:10,Gran Canaria
2021-10-22,C659M,"LAS PALMAS DE GRAN CANARIA, PL. DE LA FERIA",LAS PALMAS,15,"23,2","1,7","21,5",18:00,"25,0",12:40,01,"1,1","7,2",16:20,"1018,8",00,"1015,7",18,72,81,Varias,52,11:30,Gran Canaria
2021-10-23,C659M,"LAS PALMAS DE GRAN CANARIA, PL. DE LA FERIA",LAS PALMAS,15,"22,2","0,1","20,2",01:50,"24,1",12:50,04,"1,1","7,2",01:50,"1017,5",11,"1014,7",04,64,87,00:20,52,12:10,Gran Canaria
2021-10-24,C659M,"LAS PALMAS DE GRAN CANARIA, PL. DE LA FERIA",LAS PALMAS,15,"22,6","0,0","20,6",01:10,"24,7",12:40,01,"1,4","5,8",00:20,"1018,7",10,"1015,6",04,65,76,Varias,56,12:10,Gran Canaria
2021-10-25,C659M,"LAS PALMAS DE GRAN CANARIA, PL. DE LA FERIA",LAS PALMAS,15,"23,4","1,1","21,2",06:00,"25,6",12:30,32,"1,9","6,4",13:10,"1018,4",10,"1016,0",04,70,82,14:50,61,12:20,Gran Canaria
2021-10-26,C659M,"LAS PALMAS DE GRAN CANARIA, PL. DE LA FERIA",LAS PALMAS,15,"23,0","1,4","21,4",05:00,"24,6",13:10,07,"1,4","6,9",14:00,"1018,7",11,"1015,9",17,65,78,Varias,56,09:30,Gran Canaria
2021-10-27,C659M,"LAS PALMAS DE GRAN CANARIA, PL. DE LA FERIA",LAS PALMAS,15,"22,1","0,0","19,9",02:40,"24,3",12:20,33,"1,7","6,7",16:20,"1017,5",00,"1014,7",16,59,84,02:40,52,08:10,Gran Canaria
2021-10-28,C659M,"LAS PALMAS DE GRAN CANARIA, PL. DE LA FERIA",LAS PALMAS,15,"22,4","0,0","20,6",03:00,"24,2",11:00,34,"1,7","7,5",14:20,"1017,5",22,"1014,6",04,63,76,06:10,47,14:50,Gran Canaria
2021-10-29,C659M,"LAS PALMAS DE GRAN CANARIA, PL. DE LA FERIA",LAS PALMAS,15,"22,0","0,0","19,9",04:00,"24,1",16:00,31,"1,4","5,8",17:10,"1018,2",11,"1014,9",16,62,65,Varias,53,10:50,Gran Canaria
2021-10-30,C659M,"LAS PALMAS DE GRAN CANARIA, PL. DE LA FERIA",LAS PALMAS,15,"21,6","0,0","19,6",07:20,"23,5",14:40,08,"1,1","4,4",13:40,"1019,6",23,"1016,0",Varias,66,71,18:40,57,09:10,Gran Canaria
2021-10-31,C659M,"LAS PALMAS DE GRAN CANARIA, PL. DE LA FERIA",LAS PALMAS,15,"21,5","0,0","19,1",07:20,"23,9",13:00,35,"1,4","5,0",17:30,"1021,2",10,"1018,4",Varias,70,76,Varias,65,Varias,Gran Canaria
2021-11-01,C659M,"LAS PALMAS DE GRAN CANARIA, PL. DE LA FERIA",LAS PALMAS,15,"22,8","0,0","20,8",01:00,"24,8",13:10,06,"0,8","5,0",14:10,"1020,4",00,"1017,4",17,65,76,00:00,60,13:00,Gran Canaria
2021-11-02,C659M,"LAS PALMAS DE GRAN CANARIA, PL. DE LA FERIA",LAS PALMAS,15,"22,5","0,0","20,3",06:20,"24,7",12:40,07,"1,7","4,4",10:20,"1018,8",10,"1015,9",Varias,70,82,Varias,60,12:40,Gran Canaria
2021-11-03,C659M,"LAS PALMAS DE GRAN CANARIA, PL. DE LA FERIA",LAS PALMAS,15,"23,0","0,0","20,9",Varias,"25,0",15:00,33,"1,7","6,7",13:50,"1017,5",11,"1014,3",16,70,79,02:10,52,14:10,Gran Canaria
2021-11-04,C659M,"LAS PALMAS DE GRAN CANARIA, PL. DE LA FERIA",LAS PALMAS,15,"22,6","5,2","20,7",18:00,"24,6",12:00,07,"1,9","7,2",18:50,"1017,0",24,"1013,2",05,82,91,18:10,65,22:50,Gran Canaria
2021-11-05,C659M,"LAS PALMAS DE GRAN CANARIA, PL. DE LA FERIA",LAS PALMAS,15,"21,6","0,0","20,0",16:10,"23,3",12:20,08,"1,4","8,6",16:10,"1018,6",11,"1015,9",05,61,70,Varias,47,12:10,Gran Canaria
2021-11-06,C659M,"LAS PALMAS DE GRAN CANARIA, PL. DE LA FERIA",LAS PALMAS,15,"21,6","0,0","20,2",06:00,"23,1",14:20,04,"1,4","8,3",00:20,"1019,0",11,"1016,3",17,60,66,18:10,50,11:30,Gran Canaria
2021-11-07,C659M,"LAS PALMAS DE GRAN CANARIA, PL. DE LA FERIA",LAS PALMAS,15,"20,9","0,0","20,0",23:00,"21,8",14:10,05,"1,7","8,1",08:20,"1018,8",11,"1016,1",05,57,67,07:30,50,12:50,Gran Canaria
2021-11-08,C659M,"LAS PALMAS DE GRAN CANARIA, PL. DE LA FERIA",LAS PALMAS,15,"21,3","0,0","19,7",Varias,"22,9",14:00,05,"1,1","6,1",03:20,"1018,2",10,"1015,8",16,58,66,01:50,51,11:10,Gran Canaria
2021-11-09,C659M,"LAS PALMAS DE GRAN CANARIA, PL. DE LA FERIA",LAS PALMAS,15,"21,1","0,0","19,5",01:30,"22,7",14:30,11,"0,6","5,6",12:00,"1016,6",Varias,"1014,0",15,59,69,Varias,53,Varias,Gran Canaria
2021-11-10,C659M,"LAS PALMAS DE GRAN CANARIA, PL. DE LA FERIA",LAS PALMAS,15,"20,7","0,0","19,2",03:00,"22,2",13:00,06,"1,1","4,7",11:00,"1016,5",10,"1013,7",04,64,74,23:30,60,Varias,Gran Canaria
2021-11-11,C659M,"LAS PALMAS DE GRAN CANARIA, PL. DE LA FERIA",LAS PALMAS,15,"21,5","0,0","20,0",Varias,"23,0",10:30,12,"0,8","4,4",10:40,"1017,5",11,"1014,4",03,71,76,Varias,64,10:00,Gran Canaria
2021-11-12,C659M,"LAS PALMAS DE GRAN CANARIA, PL. DE LA FERIA",LAS PALMAS,15,"21,9","0,3","20,2",00:40,"23,6",12:20,03,"1,4","5,0",18:20,"1015,9",00,"1012,9",17,68,78,01:40,60,23:10,Gran Canaria
2021-11-13,C659M,"LAS PALMAS DE GRAN CANARIA, PL. DE LA FERIA",LAS PALMAS,15,"21,2","0,4","19,4",07:50,"23,0",14:30,30,"0,8","6,7",15:20,"1014,6",Varias,"1012,6",15,63,76,03:20,55,10:50,Gran Canaria
2021-11-14,C659M,"LAS PALMAS DE GRAN CANARIA, PL. DE LA FERIA",LAS PALMAS,15,"20,8","0,1","18,8",07:00,"22,9",11:00,06,"1,7","5,0",14:20,"1017,7",23,"1013,6",05,67,70,Varias,61,11:00,Gran Canaria
2021-11-15,C659M,"LAS PALMAS DE GRAN CANARIA, PL. DE LA FERIA",LAS PALMAS,15,"20,4","0,0","17,7",07:20,"23,0",14:50,24,"1,7","4,7",06:40,"1018,8",11,"1015,6",16,66,72,Varias,57,08:50,Gran Canaria
2021-11-16,C659M,"LAS PALMAS DE GRAN CANARIA, PL. DE LA FERIA",LAS PALMAS,15,"21,0","0,0","19,2",03:00,"22,9",14:50,02,"1,1","4,2",21:00,"1016,1",00,"1013,0",16,69,73,05:30,61,14:40,Gran Canaria
2021-11-17,C659M,"LAS PALMAS DE GRAN CANARIA, PL. DE LA FERIA",LAS PALMAS,15,"21,3","0,0","19,5",07:00,"23,1",13:00,07,"0,8","5,6",12:10,"1014,2",00,"1010,7",18,57,68,03:00,51,04:30,Gran Canaria
2021-11-18,C659M,"LAS PALMAS DE GRAN CANARIA, PL. DE LA FERIA",LAS PALMAS,15,"20,4","0,0","18,5",07:10,"22,3",13:40,08,"1,1","4,2",15:00,"1012,1",23,"1010,1",06,64,70,05:00,55,13:40,Gran Canaria
2021-11-19,C659M,"LAS PALMAS DE GRAN CANARIA, PL. DE LA FERIA",LAS PALMAS,15,"20,2","0,0","18,0",07:00,"22,3",12:20,30,"1,4","5,8",13:10,"1016,3",23,"1010,7",Varias,63,70,Varias,55,13:20,Gran Canaria
2021-11-20,C659M,"LAS PALMAS DE GRAN CANARIA, PL. DE LA FERIA",LAS PALMAS,15,"20,4","0,0","17,3",04:50,"23,5",09:10,12,"1,9","6,7",13:20,"1017,3",11,"1014,1",18,65,74,14:20,48,09:00,Gran Canaria
2021-11-21,C659M,"LAS PALMAS DE GRAN CANARIA, PL. DE LA FERIA",LAS PALMAS,15,"19,8","0,0","17,3",02:50,"22,3",13:40,14,"1,4","6,4",10:50,"1014,7",00,"1011,1",15,76,84,19:00,58,00:10,Gran Canaria
2021-11-22,C659M,"LAS PALMAS DE GRAN CANARIA, PL. DE LA FERIA",LAS PALMAS,15,"21,4","0,0","19,1",03:40,"23,7",12:10,14,"1,1","4,4",12:10,"1014,6",23,"1011,6",04,76,87,21:50,64,15:10,Gran Canaria
2021-11-23,C659M,"LAS PALMAS DE GRAN CANARIA, PL. DE LA FERIA",LAS PALMAS,15,"22,0","0,0","19,1",06:20,"24,9",09:30,12,"1,4","3,9",11:10,"1017,7",24,"1013,3",05,78,85,12:50,60,09:30,Gran Canaria
2021-11-24,C659M,"LAS PALMAS DE GRAN CANARIA, PL. DE LA FERIA",LAS PALMAS,15,"21,0","0,3","18,8",07:00,"23,3",11:00,06,"1,1","5,8",23:20,"1018,3",10,"1015,3",17,78,86,03:20,70,13:40,Gran Canaria
2021-11-25,C659M,"LAS PALMAS DE GRAN CANARIA, PL. DE LA FERIA",LAS PALMAS,15,"20,0","0,0","19,1",23:00,"20,9",15:40,09,"1,7","7,5",01:40,"1016,9",Varias,"1011,5",24,68,89,01:50,60,15:30,Gran Canaria
2021-11-26,C659M,"LAS PALMAS DE GRAN CANARIA, PL. DE LA FERIA",LAS PALMAS,15,"18,0","18,2","15,9",19:50,"20,0",09:50,28,"1,1","8,6",19:20,"1015,6",Varias,"1009,6",05,78,95,11:10,56,23:50,Gran Canaria
2021-11-27,C659M,"LAS PALMAS DE GRAN CANARIA, PL. DE LA FERIA",LAS PALMAS,15,"19,2","1,6","17,3",22:10,"21,2",13:10,35,"2,8","10,3",15:00,"1020,7",23,"1015,1",04,58,79,22:00,51,01:40,Gran Canaria
2021-11-28,C659M,"LAS PALMAS DE GRAN CANARIA, PL. DE LA FERIA",LAS PALMAS,15,"19,8","1,3","18,3",03:30,"21,3",12:20,02,"1,9","8,3",12:40,"1024,5",24,"1019,8",03,67,82,14:20,59,15:20,Gran Canaria
2021-11-29,C659M,"LAS PALMAS DE GRAN CANARIA, PL. DE LA FERIA",LAS PALMAS,15,"19,0","0,1","17,3",10:50,"20,8",14:10,04,"2,2","9,4",10:50,"1025,7",10,"1021,6",17,65,77,10:30,52,09:50,Gran Canaria
2021-11-30,C659M,"LAS PALMAS DE GRAN CANARIA, PL. DE LA FERIA",LAS PALMAS,15,"20,0","0,0","18,4",04:20,"21,7",12:20,06,"1,1","5,8",02:20,"1024,3",11,"1020,5",16,64,71,23:20,57,12:30,Gran Canaria
2021-12-01,C659M,"LAS PALMAS DE GRAN CANARIA, PL. DE LA FERIA",LAS PALMAS,15,"19,2","0,0","16,7",06:10,"21,7",09:50,99,"1,7","5,8",Varias,"1023,5",Varias,"1020,3",05,67,76,04:30,59,08:20,Gran Canaria
2021-12-02,C659M,"LAS PALMAS DE GRAN CANARIA, PL. DE LA FERIA",LAS PALMAS,15,"20,2","0,1","18,6",05:40,"21,9",13:40,35,"1,7","7,5",23:40,"1023,6",10,"1020,6",18,65,72,18:30,51,11:10,Gran Canaria
2021-12-03,C659M,"LAS PALMAS DE GRAN CANARIA, PL. DE LA FERIA",LAS PALMAS,15,"19,8","0,1","18,2",08:00,"21,4",13:00,06,"2,2","8,3",07:20,"1021,2",00,"1018,5",17,67,79,07:00,53,13:40,Gran Canaria
2021-12-04,C659M,"LAS PALMAS DE GRAN CANARIA, PL. DE LA FERIA",LAS PALMAS,15,"20,0","0,0","18,4",03:00,"21,5",14:00,06,"2,5","7,2",01:30,"1023,8",24,"1019,9",03,58,78,04:20,41,13:30,Gran Canaria
2021-12-05,C659M,"LAS PALMAS DE GRAN CANARIA, PL. DE LA FERIA",LAS PALMAS,15,"19,6","0,0","18,3",04:00,"20,9",12:40,08,"2,2","7,2",03:00,"1024,8",Varias,"1021,8",16,66,73,05:00,51,00:30,Gran Canaria
2021-12-06,C659M,"LAS PALMAS DE GRAN CANARIA, PL. DE LA FERIA",LAS PALMAS,15,"19,6","0,0","18,5",23:59,"20,8",14:20,06,"1,7","7,2",10:00,"1023,5",Varias,"1020,2",16,64,71,Varias,58,09:20,Gran Canaria
2021-12-07,C659M,"LAS PALMAS DE GRAN CANARIA, PL. DE LA FERIA",LAS PALMAS,15,"18,4","0,0","16,9",07:20,"20,0",15:30,99,"0,8","3,6",Varias,"1023,3",11,"1020,3",18,77,81,Varias,71,Varias,Gran Canaria
2021-12-08,C659M,"LAS PALMAS DE GRAN CANARIA, PL. DE LA FERIA",LAS PALMAS,15,"19,9","1,3","18,2",08:00,"21,6",12:00,04,"0,8","6,1",15:50,"1024,4",11,"1021,2",02,70,81,00:00,59,19:50,Gran Canaria
2021-12-09,C659M,"LAS PALMAS DE GRAN CANARIA, PL. DE LA FERIA",LAS PALMAS,15,"19,1","0,0","17,3",04:20,"20,9",11:40,02,"1,7","11,1",18:40,"1024,1",00,"1020,9",17,72,93,04:00,58,10:50,Gran Canaria
2021-12-10,C659M,"LAS PALMAS DE GRAN CANARIA, PL. DE LA FERIA",LAS PALMAS,15,"19,2","0,0","18,4",23:59,"20,0",12:50,06,"2,5","7,5",05:10,"1022,9",10,"1019,6",Varias,75,81,17:50,67,00:00,Gran Canaria
2021-12-11,C659M,"LAS PALMAS DE GRAN CANARIA, PL. DE LA FERIA",LAS PALMAS,15,"19,6","0,0","18,1",04:00,"21,1",14:30,99,"1,7","5,3",Varias,"1021,2",00,"1017,6",16,70,80,03:10,60,17:10,Gran Canaria
2021-12-12,C659M,"LAS PALMAS DE GRAN CANARIA, PL. DE LA FERIA",LAS PALMAS,15,"19,4","0,0","17,8",22:50,"21,1",14:00,99,"1,1","5,0",Varias,"1018,7",10,"1016,4",Varias,71,76,Varias,60,Varias,Gran Canaria
2021-12-13,C659M,"LAS PALMAS DE GRAN CANARIA, PL. DE LA FERIA",LAS PALMAS,15,"19,4","0,0","17,1",04:50,"21,7",11:50,07,"1,1","3,9",12:40,"1019,3",10,"1015,8",16,73,81,03:30,52,23:59,Gran Canaria
2021-12-14,C659M,"LAS PALMAS DE GRAN CANARIA, PL. DE LA FERIA",LAS PALMAS,15,"19,4","0,2","16,7",04:50,"22,2",14:00,12,"1,4","5,8",12:00,"1016,6",00,"1012,1",Varias,66,80,20:00,50,00:20,Gran Canaria
2021-12-15,C659M,"LAS PALMAS DE GRAN CANARIA, PL. DE LA FERIA",LAS PALMAS,15,"18,0","4,7","16,0",09:00,"19,9",14:00,28,"1,7","5,6",08:50,"1013,6",11,"1010,9",05,70,90,09:10,59,14:20,Gran Canaria
2021-12-16,C659M,"LAS PALMAS DE GRAN CANARIA, PL. DE LA FERIA",LAS PALMAS,15,"18,3","0,0","15,6",04:20,"21,0",14:50,29,"1,1","5,8",13:10,"1014,4",23,"1011,2",16,65,70,Varias,55,14:10,Gran Canaria
2021-12-17,C659M,"LAS PALMAS DE GRAN CANARIA, PL. DE LA FERIA",LAS PALMAS,15,"18,4","0,0","15,4",04:20,"21,4",10:50,13,"1,7","6,1",14:00,"1014,9",11,"1012,4",15,55,65,20:40,46,22:50,Gran Canaria
2021-12-18,C659M,"LAS PALMAS DE GRAN CANARIA, PL. DE LA FERIA",LAS PALMAS,15,"18,4","0,0","15,4",07:30,"21,4",14:50,30,"1,7","7,2",16:30,"1014,2",00,"1011,3",06,59,75,22:50,35,02:10,Gran Canaria
2021-12-19,C659M,"LAS PALMAS DE GRAN CANARIA, PL. DE LA FERIA",LAS PALMAS,15,"20,0","0,0","16,4",05:00,"23,6",16:20,30,"1,7","4,7",16:30,"1015,4",11,"1012,2",16,70,78,19:50,57,11:00,Gran Canaria
2021-12-20,C659M,"LAS PALMAS DE GRAN CANARIA, PL. DE LA FERIA",LAS PALMAS,15,"19,8","0,0","17,0",07:40,"22,7",13:20,31,"1,1","6,1",13:50,"1015,6",11,"1013,0",16,76,84,18:10,54,09:10,Gran Canaria
2021-12-21,C659M,"LAS PALMAS DE GRAN CANARIA, PL. DE LA FERIA",LAS PALMAS,15,"20,4","0,0","17,8",03:30,"22,9",17:00,30,"0,8","6,1",11:10,"1017,3",23,"1013,0",05,73,80,18:40,56,11:00,Gran Canaria
2021-12-22,C659M,"LAS PALMAS DE GRAN CANARIA, PL. DE LA FERIA",LAS PALMAS,15,"20,0","0,0","17,8",07:00,"22,1",11:30,11,"0,8","3,9",12:30,"1019,6",10,"1016,5",05,80,91,Varias,67,10:40,Gran Canaria
2021-12-23,C659M,"LAS PALMAS DE GRAN CANARIA, PL. DE LA FERIA",LAS PALMAS,15,"19,0","0,0","16,9",06:00,"21,2",10:40,16,"1,1","3,9",09:40,"1019,4",11,"1015,6",Varias,83,89,04:20,70,10:10,Gran Canaria
2021-12-24,C659M,"LAS PALMAS DE GRAN CANARIA, PL. DE LA FERIA",LAS PALMAS,15,"19,2","0,0","16,9",04:20,"21,6",12:00,10,"0,8","3,6",14:00,"1017,3",10,"1014,4",15,77,88,01:30,68,16:10,Gran Canaria
2021-12-25,C659M,"LAS PALMAS DE GRAN CANARIA, PL. DE LA FERIA",LAS PALMAS,15,"19,4","0,0","17,3",04:00,"21,6",14:50,31,"1,7","6,4",14:30,"1018,4",11,"1015,1",04,74,85,07:10,63,Varias,Gran Canaria
2021-12-26,C659M,"LAS PALMAS DE GRAN CANARIA, PL. DE LA FERIA",LAS PALMAS,15,"20,2","0,5","17,4",06:20,"23,1",14:10,29,"1,9","5,6",15:30,"1019,5",11,"1016,8",04,75,92,23:59,63,14:10,Gran Canaria
2021-12-27,C659M,"LAS PALMAS DE GRAN CANARIA, PL. DE LA FERIA",LAS PALMAS,15,"19,8","0,0","18,1",09:30,"21,4",16:20,08,"0,8","4,2",08:50,"1021,0",11,"1017,9",04,78,93,00:10,69,16:10,Gran Canaria
2021-12-28,C659M,"LAS PALMAS DE GRAN CANARIA, PL. DE LA FERIA",LAS PALMAS,15,"19,9","0,0","18,9",07:40,"20,9",14:50,12,"1,4","5,3",10:00,"1021,5",11,"1018,5",16,76,87,00:00,68,14:00,Gran Canaria
2021-12-29,C659M,"LAS PALMAS DE GRAN CANARIA, PL. DE LA FERIA",LAS PALMAS,15,"19,5","0,0","17,3",22:50,"21,7",11:10,13,"1,4","7,2",12:00,"1020,0",00,"1015,8",17,82,90,20:30,70,11:00,Gran Canaria
2021-12-30,C659M,"LAS PALMAS DE GRAN CANARIA, PL. DE LA FERIA",LAS PALMAS,15,"21,5","0,0","17,0",00:50,"26,0",10:40,15,"1,9","9,4",13:10,"1017,8",11,"1015,1",Varias,64,89,05:00,37,10:20,Gran Canaria
2021-12-31,C659M,"LAS PALMAS DE GRAN CANARIA, PL. DE LA FERIA",LAS PALMAS,15,"22,0","0,0","17,8",23:30,"26,2",11:00,18,"1,7","8,3",15:20,"1019,6",23,"1016,7",05,57,82,18:30,30,03:40,Gran Canaria
2022-01-01,C659M,"LAS PALMAS DE GRAN CANARIA, PL. DE LA FERIA",LAS PALMAS,15,"20,8","0,0","18,1",01:50,"23,5",11:20,13,"1,1","5,6",15:00,"1022,2",23,"1018,8",06,55,76,17:30,23,08:30,Gran Canaria
2022-01-02,C659M,"LAS PALMAS DE GRAN CANARIA, PL. DE LA FERIA",LAS PALMAS,15,"20,8","0,0","17,1",05:30,"24,4",13:40,14,"1,1","6,1",13:10,"1024,4",11,"1021,6",Varias,46,74,22:40,26,00:20,Gran Canaria
2022-01-03,C659M,"LAS PALMAS DE GRAN CANARIA, PL. DE LA FERIA",LAS PALMAS,15,"20,2","0,0","16,8",08:00,"23,6",12:50,99,"0,8","5,3",Varias,"1023,7",11,"1020,2",17,55,80,08:30,32,04:00,Gran Canaria
2022-01-04,C659M,"LAS PALMAS DE GRAN CANARIA, PL. DE LA FERIA",LAS PALMAS,15,"19,6","0,0","16,9",07:40,"22,2",10:10,31,"0,8","5,3",19:50,"1022,7",22,"1019,7",05,72,81,11:00,32,04:00,Gran Canaria
2022-01-05,C659M,"LAS PALMAS DE GRAN CANARIA, PL. DE LA FERIA",LAS PALMAS,15,"19,2","0,0","17,6",23:00,"20,8",12:40,07,"1,1","8,3",15:10,"1023,2",11,"1020,5",15,66,78,09:20,55,16:20,Gran Canaria
2022-01-06,C659M,"LAS PALMAS DE GRAN CANARIA, PL. DE LA FERIA",LAS PALMAS,15,"18,6","1,0","17,3",03:20,"19,9",15:40,35,"1,7","7,5",17:00,"1022,2",11,"1020,0",16,69,83,23:59,57,00:30,Gran Canaria
2022-01-07,C659M,"LAS PALMAS DE GRAN CANARIA, PL. DE LA FERIA",LAS PALMAS,15,"18,0","0,1","16,6",07:20,"19,5",15:00,33,"1,4","8,6",09:00,"1022,3",10,"1018,5",Varias,77,91,07:10,63,22:40,Gran Canaria
2022-01-08,C659M,"LAS PALMAS DE GRAN CANARIA, PL. DE LA FERIA",LAS PALMAS,15,"18,9","0,0","17,2",23:59,"20,6",12:20,06,"1,4","6,9",03:10,"1021,4",Varias,"1018,3",15,75,81,Varias,68,00:10,Gran Canaria
2022-01-09,C659M,"LAS PALMAS DE GRAN CANARIA, PL. DE LA FERIA",LAS PALMAS,15,"19,5","0,0","17,2",00:10,"21,8",12:40,14,"2,2","8,3",12:30,"1022,1",11,"1019,1",18,46,70,00:00,38,16:40,Gran Canaria
2022-01-10,C659M,"LAS PALMAS DE GRAN CANARIA, PL. DE LA FERIA",LAS PALMAS,15,"18,4","0,0","17,2",21:30,"19,6",17:40,10,"2,5","9,7",07:00,"1020,1",00,"1015,1",16,49,69,05:00,29,23:59,Gran Canaria
2022-01-11,C659M,"LAS PALMAS DE GRAN CANARIA, PL. DE LA FERIA",LAS PALMAS,15,"18,9","0,0","16,0",04:50,"21,8",10:10,08,"1,9","5,0",14:30,"1017,5",22,"1014,8",04,51,66,20:40,27,Varias,Gran Canaria
2022-01-12,C659M,"LAS PALMAS DE GRAN CANARIA, PL. DE LA FERIA",LAS PALMAS,15,"18,2","0,0","15,9",08:00,"20,5",14:30,13,"1,1","4,7",14:30,"1018,9",11,"1015,7",17,69,77,22:50,56,00:10,Gran Canaria
2022-01-13,C659M,"LAS PALMAS DE GRAN CANARIA, PL. DE LA FERIA",LAS PALMAS,15,"18,3","0,0","15,8",04:40,"20,8",14:10,17,"1,1","4,2",10:20,"1018,5",11,"1015,8",05,73,81,07:30,64,12:00,Gran Canaria
2022-01-14,C659M,"LAS PALMAS DE GRAN CANARIA, PL. DE LA FERIA",LAS PALMAS,15,"19,2","0,0","16,5",01:20,"21,9",16:10,15,"2,5","11,1",14:30,"1018,9",11,"1016,1",05,41,77,00:30,23,04:20,Gran Canaria
2022-01-15,C659M,"LAS PALMAS DE GRAN CANARIA, PL. DE LA FERIA",LAS PALMAS,15,"19,2","0,0","18,0",08:20,"20,5",00:30,13,"2,8","10,0",10:30,"1020,1",24,"1016,7",17,47,56,23:50,35,16:20,Gran Canaria
2022-01-16,C659M,"LAS PALMAS DE GRAN CANARIA, PL. DE LA FERIA",LAS PALMAS,15,"19,4","0,8","17,8",07:00,"20,9",23:00,16,"3,1","12,2",12:40,"1019,5",11,"1015,7",00,47,61,18:50,32,22:50,Gran Canaria
2022-01-17,C659M,"LAS PALMAS DE GRAN CANARIA, PL. DE LA FERIA",LAS PALMAS,15,"18,5","7,9","16,1",23:20,"20,9",00:40,18,"3,1","13,1",00:30,"1021,8",12,"1017,3",00,79,91,23:59,34,00:30,Gran Canaria
2022-01-18,C659M,"LAS PALMAS DE GRAN CANARIA, PL. DE LA FERIA",LAS PALMAS,15,"17,2",,"15,5",04:00,"19,0",13:40,16,"2,8","10,3",11:30,"1020,4",00,"1017,4",18,76,93,01:00,68,Varias,Gran Canaria
2022-01-19,C659M,"LAS PALMAS DE GRAN CANARIA, PL. DE LA FERIA",LAS PALMAS,15,"18,8","0,0","17,4",05:20,"20,2",12:30,12,"3,6","12,5",15:30,"1019,7",00,"1016,2",18,47,68,Varias,36,19:50,Gran Canaria
2022-01-20,C659M,"LAS PALMAS DE GRAN CANARIA, PL. DE LA FERIA",LAS PALMAS,15,"19,2","0,0","17,3",23:59,"21,1",14:00,14,"2,8","10,3",13:20,"1017,1",00,"1010,5",17,53,66,10:00,41,00:40,Gran Canaria
2022-01-21,C659M,"LAS PALMAS DE GRAN CANARIA, PL. DE LA FERIA",LAS PALMAS,15,"18,9","0,0","16,5",05:50,"21,3",11:20,20,"1,1","6,4",01:40,"1012,1",23,"1009,5",06,74,86,Varias,53,04:50,Gran Canaria
2022-01-22,C659M,"LAS PALMAS DE GRAN CANARIA, PL. DE LA FERIA",LAS PALMAS,15,"19,2","0,0","16,7",08:00,"21,7",10:10,08,"1,1","3,6",14:20,"1016,6",23,"1011,1",03,76,84,00:00,63,09:40,Gran Canaria
2022-01-23,C659M,"LAS PALMAS DE GRAN CANARIA, PL. DE LA FERIA",LAS PALMAS,15,"18,4","0,0","15,9",07:20,"20,8",14:50,17,"0,6","5,0",14:30,"1020,2",22,"1015,9",Varias,71,81,Varias,55,09:20,Gran Canaria
2022-01-24,C659M,"LAS PALMAS DE GRAN CANARIA, PL. DE LA FERIA",LAS PALMAS,15,"19,3","1,3","17,2",Varias,"21,4",15:20,34,"1,4","6,4",21:40,"1022,0",24,"1018,5",06,77,88,21:50,60,00:10,Gran Canaria
2022-01-25,C659M,"LAS PALMAS DE GRAN CANARIA, PL. DE LA FERIA",LAS PALMAS,15,"18,6","1,2","17,1",06:00,"20,0",12:30,33,"2,8","9,2",19:10,"1021,9",00,"1019,3",16,66,86,00:50,53,14:30,Gran Canaria
2022-01-26,C659M,"LAS PALMAS DE GRAN CANARIA, PL. DE LA FERIA",LAS PALMAS,15,"18,5","2,1","16,3",03:40,"20,7",12:20,35,"2,2","8,6",01:20,"1020,0",00,"1016,1",16,69,83,05:50,59,12:10,Gran Canaria
2022-01-27,C659M,"LAS PALMAS DE GRAN CANARIA, PL. DE LA FERIA",LAS PALMAS,15,"17,6","0,1","15,1",04:20,"20,0",12:20,07,"1,7","7,2",04:10,"1017,2",00,"1013,6",Varias,70,81,06:50,57,15:10,Gran Canaria
2022-01-28,C659M,"LAS PALMAS DE GRAN CANARIA, PL. DE LA FERIA",LAS PALMAS,15,"17,9","0,8","15,3",07:40,"20,5",13:50,24,"1,7","5,0",05:10,"1016,3",23,"1013,7",Varias,62,72,22:40,50,15:30,Gran Canaria
2022-01-29,C659M,"LAS PALMAS DE GRAN CANARIA, PL. DE LA FERIA",LAS PALMAS,15,"18,8","0,0","16,8",23:59,"20,8",Varias,35,"2,2","6,7",13:20,"1017,6",22,"1014,8",06,59,79,08:30,46,15:10,Gran Canaria
2022-01-30,C659M,"LAS PALMAS DE GRAN CANARIA, PL. DE LA FERIA",LAS PALMAS,15,"18,4","0,0","15,8",08:10,"21,1",14:20,26,"1,4","3,9",04:10,"1017,9",24,"1014,5",17,65,73,22:20,52,12:10,Gran Canaria
2022-01-31,C659M,"LAS PALMAS DE GRAN CANARIA, PL. DE LA FERIA",LAS PALMAS,15,"18,6","0,0","15,9",07:00,"21,2",13:40,30,"1,1","4,2",12:20,"1020,2",11,"1016,9",17,66,74,Varias,54,12:50,Gran Canaria
2022-02-01,C659M,"LAS PALMAS DE GRAN CANARIA, PL. DE LA FERIA",LAS PALMAS,15,"19,6","1,2","17,2",02:30,"21,9",11:10,17,"2,2","7,8",12:40,"1018,7",20,"1015,6",15,57,76,21:00,28,23:59,Gran Canaria
2022-02-02,C659M,"LAS PALMAS DE GRAN CANARIA, PL. DE LA FERIA",LAS PALMAS,15,"22,1","0,3","18,4",06:00,"25,8",14:20,30,"0,8","11,7",23:20,"1019,9",23,"1015,4",16,57,85,22:30,20,15:00,Gran Canaria
2022-02-03,C659M,"LAS PALMAS DE GRAN CANARIA, PL. DE LA FERIA",LAS PALMAS,15,"21,8","0,0","19,4",06:00,"24,2",11:20,29,"2,5","8,9",00:20,"1019,8",00,"1014,3",15,60,80,09:00,44,11:00,Gran Canaria
2022-02-04,C659M,"LAS PALMAS DE GRAN CANARIA, PL. DE LA FERIA",LAS PALMAS,15,"22,0","0,0","18,4",23:50,"25,6",05:20,15,"2,8","8,9",11:00,"1016,4",11,"1014,3",16,46,73,00:10,14,05:40,Gran Canaria
2022-02-05,C659M,"LAS PALMAS DE GRAN CANARIA, PL. DE LA FERIA",LAS PALMAS,15,"19,6","0,0","17,1",06:20,"22,2",13:40,14,"1,1","6,4",13:20,"1016,1",00,"1013,3",16,51,68,19:50,33,04:40,Gran Canaria
2022-02-06,C659M,"LAS PALMAS DE GRAN CANARIA, PL. DE LA FERIA",LAS PALMAS,15,"19,7","0,0","17,1",06:40,"22,3",12:30,08,"0,8","5,6",16:40,"1017,4",23,"1014,1",05,77,84,08:20,50,02:00,Gran Canaria
2022-02-07,C659M,"LAS PALMAS DE GRAN CANARIA, PL. DE LA FERIA",LAS PALMAS,15,"19,7","0,0","18,0",07:40,"21,4",15:20,07,"1,1","5,0",13:40,"1017,2",00,"1013,2",Varias,82,88,19:10,46,23:59,Gran Canaria
2022-02-08,C659M,"LAS PALMAS DE GRAN CANARIA, PL. DE LA FERIA",LAS PALMAS,15,"20,9","0,0","18,2",03:00,"23,6",12:00,17,"2,2","12,8",10:20,"1014,7",23,"1011,6",16,44,72,21:10,27,Varias,Gran Canaria
2022-02-09,C659M,"LAS PALMAS DE GRAN CANARIA, PL. DE LA FERIA",LAS PALMAS,15,"20,8","0,0","18,3",03:00,"23,3",07:30,16,"2,5","11,9",12:30,"1019,1",23,"1013,4",05,44,73,03:40,22,07:20,Gran Canaria
2022-02-10,C659M,"LAS PALMAS DE GRAN CANARIA, PL. DE LA FERIA",LAS PALMAS,15,"21,8","0,0","18,9",23:40,"24,7",13:50,15,"3,1","10,3",11:30,"1020,8",22,"1017,7",02,45,73,22:40,19,03:40,Gran Canaria
2022-02-11,C659M,"LAS PALMAS DE GRAN CANARIA, PL. DE LA FERIA",LAS PALMAS,15,"21,6","0,0","18,9",01:00,"24,3",12:20,29,"1,7","6,1",23:10,"1021,8",10,"1018,9",15,43,77,22:40,22,08:50,Gran Canaria
2022-02-12,C659M,"LAS PALMAS DE GRAN CANARIA, PL. DE LA FERIA",LAS PALMAS,15,"20,0","0,0","18,3",07:00,"21,6",13:50,31,"2,5","7,5",14:00,"1022,0",11,"1019,2",04,71,81,02:20,54,04:00,Gran Canaria
2022-02-13,C659M,"LAS PALMAS DE GRAN CANARIA, PL. DE LA FERIA",LAS PALMAS,15,"19,0","0,0","17,0",07:50,"21,1",12:50,35,"1,9","5,8",17:50,"1022,6",23,"1018,9",16,70,77,00:50,62,10:50,Gran Canaria
2022-02-14,C659M,"LAS PALMAS DE GRAN CANARIA, PL. DE LA FERIA",LAS PALMAS,15,"19,1","0,0","16,9",07:00,"21,3",13:20,06,"1,1","6,1",15:50,"1023,5",23,"1020,5",06,68,79,17:00,60,13:20,Gran Canaria
2022-02-15,C659M,"LAS PALMAS DE GRAN CANARIA, PL. DE LA FERIA",LAS PALMAS,15,"19,1","0,3","17,7",23:00,"20,5",11:20,03,"1,4","7,8",14:40,"1025,5",12,"1022,7",05,61,74,00:10,51,13:40,Gran Canaria
2022-02-16,C659M,"LAS PALMAS DE GRAN CANARIA, PL. DE LA FERIA",LAS PALMAS,15,"18,6","0,0","17,2",06:50,"20,1",16:00,06,"2,2","8,6",02:50,"1026,8",11,"1023,5",18,68,80,Varias,57,04:40,Gran Canaria
2022-02-17,C659M,"LAS PALMAS DE GRAN CANARIA, PL. DE LA FERIA",LAS PALMAS,15,"19,5","0,0","17,7",23:50,"21,3",12:50,32,"1,7","4,7",06:40,"1025,0",00,"1019,9",Varias,74,82,06:00,65,12:50,Gran Canaria
2022-02-18,C659M,"LAS PALMAS DE GRAN CANARIA, PL. DE LA FERIA",LAS PALMAS,15,"18,8","0,0","17,3",06:00,"20,3",13:00,31,"1,9","8,3",14:50,"1021,7",11,"1019,0",18,59,78,00:00,53,Varias,Gran Canaria
2022-02-19,C659M,"LAS PALMAS DE GRAN CANARIA, PL. DE LA FERIA",LAS PALMAS,15,"18,4","3,0","15,8",21:30,"20,9",12:20,05,"1,7","10,3",22:40,"1023,3",23,"1018,8",05,69,92,21:30,53,11:50,Gran Canaria
2022-02-20,C659M,"LAS PALMAS DE GRAN CANARIA, PL. DE LA FERIA",LAS PALMAS,15,"17,4","1,4","15,2",04:50,"19,7",14:50,31,"3,3","11,1",17:10,"1023,2",00,"1019,4",18,60,80,04:40,49,12:30,Gran Canaria
2022-02-21,C659M,"LAS PALMAS DE GRAN CANARIA, PL. DE LA FERIA",LAS PALMAS,15,"17,2","0,0","15,0",06:00,"19,3",13:30,11,"1,7","5,8",14:30,"1019,9",00,"1016,4",17,63,80,02:20,55,11:10,Gran Canaria
2022-02-22,C659M,"LAS PALMAS DE GRAN CANARIA, PL. DE LA FERIA",LAS PALMAS,15,"17,8","0,0","14,6",04:20,"21,0",13:30,99,"1,9","6,1",15:50,"1017,7",00,"1011,2",16,69,79,21:40,62,09:10,Gran Canaria
2022-02-23,C659M,"LAS PALMAS DE GRAN CANARIA, PL. DE LA FERIA",LAS PALMAS,15,"18,2","0,0","15,5",06:30,"20,9",13:00,32,"1,7","6,7",13:30,"1015,1",22,"1011,7",04,65,77,00:00,51,17:30,Gran Canaria
2022-02-24,C659M,"LAS PALMAS DE GRAN CANARIA, PL. DE LA FERIA",LAS PALMAS,15,"19,0","0,2","16,7",03:00,"21,3",12:20,33,"3,3","8,6",18:00,"1015,9",12,"1013,1",05,72,78,21:00,63,10:30,Gran Canaria
2022-02-25,C659M,"LAS PALMAS DE GRAN CANARIA, PL. DE LA FERIA",LAS PALMAS,15,"19,5","3,8","17,9",06:00,"21,1",14:00,32,"3,6","9,4",18:30,"1015,9",11,"1013,3",18,72,84,06:10,63,Varias,Gran Canaria
2022-02-26,C659M,"LAS PALMAS DE GRAN CANARIA, PL. DE LA FERIA",LAS PALMAS,15,"17,4","9,8","15,3",09:50,"19,4",14:00,33,"3,3","10,8",09:40,"1017,1",Varias,"1012,8",04,74,92,09:50,66,16:00,Gran Canaria
2022-02-27,C659M,"LAS PALMAS DE GRAN CANARIA, PL. DE LA FERIA",LAS PALMAS,15,"18,0","0,0","15,8",00:20,"20,2",15:20,35,"3,6","11,1",13:00,"1019,9",23,"1015,7",05,64,90,00:20,52,17:10,Gran Canaria
2022-02-28,C659M,"LAS PALMAS DE GRAN CANARIA, PL. DE LA FERIA",LAS PALMAS,15,"18,6","0,0","17,1",00:30,"20,1",15:30,32,"2,8","10,3",17:10,"1021,5",24,"1018,6",Varias,57,75,00:20,51,09:00,Gran Canaria
2022-03-01,C659M,"LAS PALMAS DE GRAN CANARIA, PL. DE LA FERIA",LAS PALMAS,15,"19,3","0,0","17,7",05:00,"20,9",12:50,32,"2,5","9,4",00:40,"1023,7",23,"1020,3",04,66,71,01:40,61,07:30,Gran Canaria
2022-03-02,C659M,"LAS PALMAS DE GRAN CANARIA, PL. DE LA FERIA",LAS PALMAS,15,"19,4","0,0","17,8",07:40,"20,9",11:50,34,"1,4","6,7",23:10,"1025,1",23,"1022,4",04,65,73,19:40,61,12:20,Gran Canaria
2022-03-03,C659M,"LAS PALMAS DE GRAN CANARIA, PL. DE LA FERIA",LAS PALMAS,15,"19,4","0,9","17,3",03:50,"21,4",12:20,28,"2,2","8,1",16:40,"1025,3",10,"1022,5",17,65,77,05:30,51,11:00,Gran Canaria
2022-03-04,C659M,"LAS PALMAS DE GRAN CANARIA, PL. DE LA FERIA",LAS PALMAS,15,"18,1","0,9","16,3",Varias,"19,9",11:50,02,"2,5","9,4",11:30,"1023,9",00,"1021,1",18,70,93,08:30,51,12:30,Gran Canaria
2022-03-05,C659M,"LAS PALMAS DE GRAN CANARIA, PL. DE LA FERIA",LAS PALMAS,15,"17,6","0,0","16,1",06:30,"19,2",16:20,34,"3,6","9,7",04:50,"1021,9",00,"1018,6",17,61,72,23:20,53,12:20,Gran Canaria
2022-03-06,C659M,"LAS PALMAS DE GRAN CANARIA, PL. DE LA FERIA",LAS PALMAS,15,"19,0","0,0","17,2",00:30,"20,7",14:50,33,"4,2","10,3",10:30,"1020,0",00,"1015,5",16,60,69,00:00,53,06:40,Gran Canaria
2022-03-07,C659M,"LAS PALMAS DE GRAN CANARIA, PL. DE LA FERIA",LAS PALMAS,15,"18,6","0,0","16,3",02:30,"21,0",15:20,32,"2,8","8,3",00:20,"1019,3",23,"1015,4",05,55,83,01:20,44,13:10,Gran Canaria
2022-03-08,C659M,"LAS PALMAS DE GRAN CANARIA, PL. DE LA FERIA",LAS PALMAS,15,"18,8","0,0","16,9",03:50,"20,7",12:00,34,"1,9","5,8",00:30,"1019,6",10,"1016,9",18,58,76,23:00,49,11:50,Gran Canaria
2022-03-09,C659M,"LAS PALMAS DE GRAN CANARIA, PL. DE LA FERIA",LAS PALMAS,15,"18,8","0,0","16,9",05:00,"20,8",12:40,08,"1,1","5,0",14:10,"1019,7",23,"1016,6",Varias,73,79,04:50,63,11:20,Gran Canaria
2022-03-10,C659M,"LAS PALMAS DE GRAN CANARIA, PL. DE LA FERIA",LAS PALMAS,15,"18,8","0,0","17,2",Varias,"20,4",11:50,08,"1,9","5,8",12:30,"1020,4",Varias,"1017,3",17,57,71,00:10,51,11:40,Gran Canaria
2022-03-11,C659M,"LAS PALMAS DE GRAN CANARIA, PL. DE LA FERIA",LAS PALMAS,15,"18,5","0,0","16,2",07:10,"20,8",15:50,32,"1,9","7,2",15:50,"1021,1",12,"1018,0",05,65,74,21:10,56,14:00,Gran Canaria
2022-03-12,C659M,"LAS PALMAS DE GRAN CANARIA, PL. DE LA FERIA",LAS PALMAS,15,"19,6","0,0","17,9",01:00,"21,2",13:50,30,"2,2","8,3",14:40,"1020,6",11,"1018,0",18,71,80,07:20,64,13:40,Gran Canaria
2022-03-13,C659M,"LAS PALMAS DE GRAN CANARIA, PL. DE LA FERIA",LAS PALMAS,15,"19,4","0,0","17,3",05:20,"21,5",14:20,30,"3,3","10,0",18:50,"1019,1",00,"1014,8",24,67,79,05:40,57,14:10,Gran Canaria
2022-03-14,C659M,"LAS PALMAS DE GRAN CANARIA, PL. DE LA FERIA",LAS PALMAS,15,"16,4","4,2","13,4",Varias,"19,5",00:40,31,"7,8","18,6",14:00,"1015,0",01,"1010,2",18,57,84,01:00,47,20:10,Gran Canaria
2022-03-15,C659M,"LAS PALMAS DE GRAN CANARIA, PL. DE LA FERIA",LAS PALMAS,15,"16,6","0,9","13,3",00:10,"19,8",12:50,32,"5,0","16,4",00:10,"1017,6",Varias,"1010,4",04,65,76,12:50,49,02:20,Gran Canaria
2022-03-16,C659M,"LAS PALMAS DE GRAN CANARIA, PL. DE LA FERIA",LAS PALMAS,15,"18,4","0,8","16,9",01:40,"19,8",11:50,31,"4,4","10,8",03:30,"1020,6",23,"1016,1",05,62,81,13:40,53,08:30,Gran Canaria
2022-03-17,C659M,"LAS PALMAS DE GRAN CANARIA, PL. DE LA FERIA",LAS PALMAS,15,"18,8","0,0","17,1",22:00,"20,6",15:30,32,"2,5","9,7",19:40,"1020,6",Varias,"1017,6",Varias,63,77,09:30,52,17:40,Gran Canaria
2022-03-18,C659M,"LAS PALMAS DE GRAN CANARIA, PL. DE LA FERIA",LAS PALMAS,15,"18,9","0,0","16,9",03:50,"20,9",14:10,02,"1,9","8,6",01:30,"1018,4",00,"1015,2",16,66,73,08:40,55,00:00,Gran Canaria
2022-03-19,C659M,"LAS PALMAS DE GRAN CANARIA, PL. DE LA FERIA",LAS PALMAS,15,"19,5","0,0","17,3",04:40,"21,7",14:50,31,"1,4","8,1",23:59,"1016,5",00,"1014,1",Varias,63,71,01:40,49,15:00,Gran Canaria
2022-03-20,C659M,"LAS PALMAS DE GRAN CANARIA, PL. DE LA FERIA",LAS PALMAS,15,"19,0","0,0","17,3",Varias,"20,6",12:50,33,"3,3","9,2",09:10,"1018,6",24,"1014,3",04,56,73,07:10,45,13:00,Gran Canaria
2022-03-21,C659M,"LAS PALMAS DE GRAN CANARIA, PL. DE LA FERIA",LAS PALMAS,15,"18,8","0,0","16,7",06:50,"20,8",14:10,33,"1,7","8,1",15:30,"1019,1",12,"1016,8",06,61,66,07:00,50,Varias,Gran Canaria
2022-03-22,C659M,"LAS PALMAS DE GRAN CANARIA, PL. DE LA FERIA",LAS PALMAS,15,"18,4","1,5","15,9",09:00,"20,9",14:10,99,"2,5","9,2",15:30,"1018,7",00,"1016,1",17,62,88,08:50,54,14:10,Gran Canaria
2022-03-23,C659M,"LAS PALMAS DE GRAN CANARIA, PL. DE LA FERIA",LAS PALMAS,15,"18,3","0,0","16,0",04:30,"20,6",13:50,31,"4,4","11,7",10:00,"1017,6",11,"1015,1",18,59,91,01:50,50,14:30,Gran Canaria
2022-03-24,C659M,"LAS PALMAS DE GRAN CANARIA, PL. DE LA FERIA",LAS PALMAS,15,"18,2","0,3","16,3",06:30,"20,1",13:30,31,"4,7","12,5",05:00,"1015,9",00,"1012,6",16,58,76,23:20,51,12:30,Gran Canaria
2022-03-25,C659M,"LAS PALMAS DE GRAN CANARIA, PL. DE LA FERIA",LAS PALMAS,15,"18,4","0,4","16,5",00:50,"20,4",16:10,30,"2,5","7,5",05:50,"1014,0",00,"1011,6",17,72,78,12:10,63,11:00,Gran Canaria
2022-03-26,C659M,"LAS PALMAS DE GRAN CANARIA, PL. DE LA FERIA",LAS PALMAS,15,"18,1","0,0","15,3",04:40,"20,9",12:50,13,"1,9","9,2",17:10,"1012,5",00,"1006,5",19,68,72,00:00,56,22:20,Gran Canaria
2022-03-27,C659M,"LAS PALMAS DE GRAN CANARIA, PL. DE LA FERIA",LAS PALMAS,15,"18,8","0,0","15,6",04:50,"21,9",17:20,11,"1,1","6,9",17:50,"1008,9",23,"1003,6",05,64,77,Varias,42,20:00,Gran Canaria
2022-03-28,C659M,"LAS PALMAS DE GRAN CANARIA, PL. DE LA FERIA",LAS PALMAS,15,"20,6","0,2","17,1",07:20,"24,2",16:40,20,"1,7","11,7",12:30,"1010,1",24,"1004,5",17,62,84,23:50,43,12:10,Gran Canaria
2022-03-29,C659M,"LAS PALMAS DE GRAN CANARIA, PL. DE LA FERIA",LAS PALMAS,15,"18,8","0,0","16,3",05:40,"21,3",13:30,30,"3,9","11,1",02:00,"1014,8",23,"1009,9",00,73,86,00:20,63,13:40,Gran Canaria
