fecha,indicativo,nombre,provincia,altitud,tmed,prec,tmin,horatmin,tmax,horatmax,dir,velmedia,racha,horaracha,sol,presMax,horaPresMax,presMin,horaPresMin,hrMedia,hrMax,horaHrMax,hrMin,horaHrMin,isla
2021-01-01,C249I,FUERTEVENTURA AEROPUERTO,LAS PALMAS,25,"18,2","0,0","15,9",23:13,"20,6",14:09,01,"7,8","13,9",06:00,"2,7","1018,8",Varias,"1016,2",16,58,71,17:25,48,12:56,Fuerteventura
2021-01-02,C249I,FUERTEVENTURA AEROPUERTO,LAS PALMAS,25,"18,0","0,0","15,6",02:13,"20,4",12:45,02,"6,4","11,4",Varias,"2,0","1016,9",00,"1013,6",19,59,72,Varias,46,12:46,Fuerteventura
2021-01-03,C249I,FUERTEVENTURA AEROPUERTO,LAS PALMAS,25,"18,1","0,0","16,1",06:40,"20,1",11:49,99,"4,7","9,7",Varias,"2,8","1015,3",Varias,"1012,0",16,61,70,02:19,49,12:27,Fuerteventura
2021-01-04,C249I,FUERTEVENTURA AEROPUERTO,LAS PALMAS,25,"16,7","0,0","14,3",06:37,"19,1",13:30,17,"4,4","9,7",15:46,"0,4","1013,2",01,"1008,2",24,69,76,Varias,63,12:36,Fuerteventura
2021-01-05,C249I,FUERTEVENTURA AEROPUERTO,LAS PALMAS,25,"20,8","0,0","16,2",00:07,"25,4",13:32,30,"4,4","12,5",14:01,"8,8","1008,8",Varias,"1005,5",15,66,86,Varias,50,14:50,Fuerteventura
2021-01-06,C249I,FUERTEVENTURA AEROPUERTO,LAS PALMAS,25,"21,6","1,2","19,3",02:14,"23,9",13:51,24,"10,0","17,5",15:22,"1,1","1006,7",00,"1001,5",15,77,87,20:28,67,15:19,Fuerteventura
2021-01-07,C249I,FUERTEVENTURA AEROPUERTO,LAS PALMAS,25,"21,9","2,5","19,2",04:07,"24,6",11:52,23,"9,2","20,0",13:45,"4,6","1004,3",01,"1000,9",23,76,88,Varias,63,16:01,Fuerteventura
2021-01-08,C249I,FUERTEVENTURA AEROPUERTO,LAS PALMAS,25,"18,6","1,5","16,0",23:53,"21,2",12:15,99,"7,8","20,0",Varias,"5,2","1012,2",Varias,"999,3",03,72,84,00:18,58,11:46,Fuerteventura
2021-01-09,C249I,FUERTEVENTURA AEROPUERTO,LAS PALMAS,25,"15,6","1,0","12,4",04:51,"18,9",15:21,35,"6,9","14,4",16:57,"6,1","1018,1",Varias,"1011,9",02,71,86,12:40,46,14:59,Fuerteventura
2021-01-10,C249I,FUERTEVENTURA AEROPUERTO,LAS PALMAS,25,"16,8","1,5","13,7",23:57,"19,9",15:42,33,"6,7","15,0",11:10,"6,1","1019,3",Varias,"1016,3",06,64,90,Varias,49,15:27,Fuerteventura
2021-01-11,C249I,FUERTEVENTURA AEROPUERTO,LAS PALMAS,25,"16,0","0,2","12,9",03:27,"19,2",13:02,35,"5,0","14,4",13:35,"4,0","1021,1",Varias,"1018,1",05,69,82,Varias,53,13:09,Fuerteventura
2021-01-12,C249I,FUERTEVENTURA AEROPUERTO,LAS PALMAS,25,"16,6","0,0","13,8",01:46,"19,3",12:29,03,"6,1","11,7",21:13,"2,8","1022,8",Varias,"1019,8",05,66,84,03:01,48,11:30,Fuerteventura
2021-01-13,C249I,FUERTEVENTURA AEROPUERTO,LAS PALMAS,25,"17,6","0,0","15,1",23:45,"20,1",13:46,99,"5,0","11,4",Varias,"8,8","1025,2",Varias,"1022,2",04,55,76,02:34,32,16:27,Fuerteventura
2021-01-14,C249I,FUERTEVENTURA AEROPUERTO,LAS PALMAS,25,"17,2","0,0","14,2",04:17,"20,1",11:58,03,"7,2","14,4",23:29,"5,8","1026,5",Varias,"1023,5",15,61,76,05:01,51,15:54,Fuerteventura
2021-01-15,C249I,FUERTEVENTURA AEROPUERTO,LAS PALMAS,25,"18,1","0,0","16,4",03:47,"19,8",14:49,03,"8,3","14,4",Varias,"1,7","1024,5",Varias,"1021,6",16,57,69,19:22,47,15:25,Fuerteventura
2021-01-16,C249I,FUERTEVENTURA AEROPUERTO,LAS PALMAS,25,"18,4","0,0","16,5",23:53,"20,4",13:56,99,"8,9","13,9",Varias,"6,7","1023,2",Varias,"1020,5",15,64,70,23:56,53,14:48,Fuerteventura
2021-01-17,C249I,FUERTEVENTURA AEROPUERTO,LAS PALMAS,25,"17,3","0,0","14,8",23:55,"19,8",Varias,99,"5,0","10,8",Varias,"6,1","1023,9",Varias,"1020,7",04,66,81,Varias,58,11:46,Fuerteventura
2021-01-18,C249I,FUERTEVENTURA AEROPUERTO,LAS PALMAS,25,"16,0","0,0","12,5",07:40,"19,6",Varias,32,"3,1","6,1",08:14,"9,5","1023,9",Varias,"1021,2",04,73,86,07:36,62,16:25,Fuerteventura
2021-01-19,C249I,FUERTEVENTURA AEROPUERTO,LAS PALMAS,25,"16,4","0,0","13,2",23:51,"19,5",14:38,99,"3,3","6,7",Varias,"8,4","1023,5",Varias,"1019,5",17,69,81,23:30,62,12:21,Fuerteventura
2021-01-20,C249I,FUERTEVENTURA AEROPUERTO,LAS PALMAS,25,"15,2","0,0","10,9",07:21,"19,6",14:18,99,"2,5","5,8",Varias,"9,9","1021,3",Varias,"1018,9",16,74,87,07:30,62,14:24,Fuerteventura
2021-01-21,C249I,FUERTEVENTURA AEROPUERTO,LAS PALMAS,25,"19,2","0,0","16,4",03:43,"21,9",16:01,99,"4,4","8,3",Varias,"5,8","1023,1",24,"1020,1",02,77,83,Varias,71,15:58,Fuerteventura
2021-01-22,C249I,FUERTEVENTURA AEROPUERTO,LAS PALMAS,25,"18,7","0,0","16,5",02:50,"20,9",13:17,02,"5,3","10,3",22:10,"1,3","1023,9",Varias,"1020,8",15,84,92,23:49,79,00:00,Fuerteventura
2021-01-23,C249I,FUERTEVENTURA AEROPUERTO,LAS PALMAS,25,"19,0","0,0","17,2",08:30,"20,8",13:52,04,"5,8","11,4",19:30,"5,1","1023,1",00,"1018,9",16,76,92,04:30,66,14:44,Fuerteventura
2021-01-24,C249I,FUERTEVENTURA AEROPUERTO,LAS PALMAS,25,"18,3","0,0","15,4",07:32,"21,2",13:41,99,"4,4","8,3",Varias,"7,1","1020,4",Varias,"1017,4",17,77,87,Varias,71,15:04,Fuerteventura
2021-01-25,C249I,FUERTEVENTURA AEROPUERTO,LAS PALMAS,25,"18,4","0,0","15,1",07:13,"21,8",14:51,03,"6,1","11,4",22:38,"8,3","1021,3",Varias,"1017,8",05,76,83,Varias,68,11:50,Fuerteventura
2021-01-26,C249I,FUERTEVENTURA AEROPUERTO,LAS PALMAS,25,"19,6","0,0","17,8",01:28,"21,5",14:39,03,"8,1","13,9",05:07,"7,2","1021,4",Varias,"1018,4",16,76,84,Varias,68,13:23,Fuerteventura
2021-01-27,C249I,FUERTEVENTURA AEROPUERTO,LAS PALMAS,25,"18,0","0,0","15,7",23:59,"20,3",13:50,03,"3,9","10,8",00:09,"7,4","1020,3",Varias,"1017,2",Varias,84,89,Varias,54,23:44,Fuerteventura
2021-01-28,C249I,FUERTEVENTURA AEROPUERTO,LAS PALMAS,25,"18,6","0,0","15,0",Varias,"22,3",Varias,28,"2,5","6,7",07:35,"10,1","1019,7",Varias,"1017,2",05,67,88,21:31,40,09:22,Fuerteventura
2021-01-29,C249I,FUERTEVENTURA AEROPUERTO,LAS PALMAS,25,"17,4","0,0","13,0",07:32,"21,7",14:42,01,"2,2","6,7",00:54,"10,0","1021,8",Varias,"1019,1",03,85,96,02:11,65,08:49,Fuerteventura
2021-01-30,C249I,FUERTEVENTURA AEROPUERTO,LAS PALMAS,25,"18,6","0,0","16,5",01:43,"20,8",13:18,99,"6,1","12,8",Varias,"7,8","1022,9",Varias,"1020,4",17,77,92,01:07,68,13:52,Fuerteventura
2021-01-31,C249I,FUERTEVENTURA AEROPUERTO,LAS PALMAS,25,"20,1","0,0","16,5",07:52,"23,7",15:49,03,"6,1","14,4",04:03,"9,6","1022,1",00,"1017,2",17,67,93,Varias,50,15:49,Fuerteventura
2021-02-01,C249I,FUERTEVENTURA AEROPUERTO,LAS PALMAS,25,"18,9","0,0","16,1",05:11,"21,7",12:30,03,"7,2","12,8",01:23,"9,8","1019,1",00,"1016,1",18,77,88,Varias,70,11:12,Fuerteventura
2021-02-02,C249I,FUERTEVENTURA AEROPUERTO,LAS PALMAS,25,"18,8","0,0","17,6",Varias,"20,0",15:48,03,"3,9","11,4",02:09,"3,5","1018,0",Varias,"1014,8",15,79,87,00:00,73,Varias,Fuerteventura
2021-02-03,C249I,FUERTEVENTURA AEROPUERTO,LAS PALMAS,25,"18,6","0,0","16,6",23:51,"20,7",17:48,29,"4,2","8,9",18:58,"8,4","1016,7",00,"1012,2",24,72,83,03:24,63,17:56,Fuerteventura
2021-02-04,C249I,FUERTEVENTURA AEROPUERTO,LAS PALMAS,25,"15,8","2,8","13,4",05:15,"18,1",09:59,30,"5,6","16,9",13:24,"0,8","1012,2",00,"1005,6",17,75,88,10:50,64,12:38,Fuerteventura
2021-02-05,C249I,FUERTEVENTURA AEROPUERTO,LAS PALMAS,25,"15,4","2,1","12,4",23:53,"18,4",13:57,28,"4,4","12,8",02:50,"3,7","1012,0",Varias,"1004,2",03,69,87,20:10,54,13:55,Fuerteventura
2021-02-06,C249I,FUERTEVENTURA AEROPUERTO,LAS PALMAS,25,"16,0","0,6","11,4",06:59,"20,5",15:26,34,"6,1","15,0",15:30,"8,0","1017,7",Varias,"1011,2",01,66,84,07:21,44,14:48,Fuerteventura
2021-02-07,C249I,FUERTEVENTURA AEROPUERTO,LAS PALMAS,25,"17,2","0,0","13,8",06:54,"20,7",13:49,35,"5,3","11,4",09:43,"4,3","1019,6",Varias,"1016,6",03,63,83,Varias,46,13:56,Fuerteventura
2021-02-08,C249I,FUERTEVENTURA AEROPUERTO,LAS PALMAS,25,"18,6","0,0","15,9",00:00,"21,4",16:46,28,"4,2","9,7",14:07,"4,9","1019,5",Varias,"1015,9",15,64,79,Varias,56,11:30,Fuerteventura
2021-02-09,C249I,FUERTEVENTURA AEROPUERTO,LAS PALMAS,25,"18,8","0,0","14,9",04:31,"22,7",12:33,99,"3,9","7,8",Varias,"7,5","1018,8",Varias,"1015,7",05,70,84,04:21,51,12:11,Fuerteventura
2021-02-10,C249I,FUERTEVENTURA AEROPUERTO,LAS PALMAS,25,"18,6","0,0","15,3",03:08,"22,0",16:32,35,"3,6","8,3",16:43,"3,7","1019,0",Varias,"1015,8",16,73,88,05:40,58,16:31,Fuerteventura
2021-02-11,C249I,FUERTEVENTURA AEROPUERTO,LAS PALMAS,25,"19,6","0,0","16,7",03:09,"22,6",14:52,99,"4,7","10,3",Varias,"5,1","1019,6",Varias,"1017,1",15,64,80,23:53,52,17:30,Fuerteventura
2021-02-12,C249I,FUERTEVENTURA AEROPUERTO,LAS PALMAS,25,"19,8","0,0","17,6",00:28,"21,9",13:05,99,"8,1","11,7",Varias,"8,0","1020,4",Varias,"1018,0",16,72,82,Varias,61,14:14,Fuerteventura
2021-02-13,C249I,FUERTEVENTURA AEROPUERTO,LAS PALMAS,25,"19,4","0,0","17,2",23:37,"21,5",13:13,03,"7,8","12,5",08:00,"6,0","1020,2",Varias,"1017,4",16,73,82,Varias,65,Varias,Fuerteventura
2021-02-14,C249I,FUERTEVENTURA AEROPUERTO,LAS PALMAS,25,"18,6","0,0","16,8",22:05,"20,4",13:48,99,"5,6","10,3",Varias,"6,4","1019,4",Varias,"1016,8",17,76,91,Varias,69,12:19,Fuerteventura
2021-02-15,C249I,FUERTEVENTURA AEROPUERTO,LAS PALMAS,25,"19,2","0,0","15,2",07:57,"23,3",17:06,03,"3,9","8,3",00:21,"7,4","1021,2",Varias,"1017,8",05,57,89,Varias,34,16:07,Fuerteventura
2021-02-16,C249I,FUERTEVENTURA AEROPUERTO,LAS PALMAS,25,"19,0","0,0","16,3",07:16,"21,8",Varias,04,"5,0","11,4",22:46,"9,6","1022,9",Varias,"1017,2",19,53,82,Varias,37,11:36,Fuerteventura
2021-02-17,C249I,FUERTEVENTURA AEROPUERTO,LAS PALMAS,25,"18,0","0,0","15,8",23:44,"20,3",15:56,10,"6,4","12,8",06:03,"9,0","1018,9",Varias,"1015,0",18,44,81,02:54,25,22:11,Fuerteventura
2021-02-18,C249I,FUERTEVENTURA AEROPUERTO,LAS PALMAS,25,"18,6","0,0","16,1",23:56,"21,0",13:34,99,"5,3","8,3",Varias,"8,6","1017,0",Varias,"1014,5",16,71,85,Varias,59,16:33,Fuerteventura
2021-02-19,C249I,FUERTEVENTURA AEROPUERTO,LAS PALMAS,25,"17,0","0,0","13,8",05:35,"20,3",14:45,32,"3,3","6,1",08:19,"9,5","1016,8",Varias,"1013,9",19,78,90,08:00,47,23:54,Fuerteventura
2021-02-20,C249I,FUERTEVENTURA AEROPUERTO,LAS PALMAS,25,"18,4","0,8","12,3",05:46,"24,6",15:07,99,"6,9","18,6",19:06,"5,9","1015,0",00,"1007,0",19,47,89,23:23,30,12:51,Fuerteventura
2021-02-21,C249I,FUERTEVENTURA AEROPUERTO,LAS PALMAS,25,"18,4","0,0","14,8",23:36,"22,0",15:01,34,"4,4","11,7",13:29,"7,5","1018,3",Varias,"1010,4",02,58,90,01:21,39,16:40,Fuerteventura
2021-02-22,C249I,FUERTEVENTURA AEROPUERTO,LAS PALMAS,25,"16,5","0,0","12,7",06:50,"20,3",15:36,33,"3,6","6,1",20:44,"10,7","1020,9",Varias,"1017,1",04,69,81,Varias,59,15:23,Fuerteventura
2021-02-23,C249I,FUERTEVENTURA AEROPUERTO,LAS PALMAS,25,"18,2","0,0","14,8",07:01,"21,5",13:22,05,"4,2","7,8",13:26,"9,9","1021,9",Varias,"1019,4",16,80,89,Varias,70,14:45,Fuerteventura
2021-02-24,C249I,FUERTEVENTURA AEROPUERTO,LAS PALMAS,25,"18,4","0,0","14,8",07:33,"21,9",13:56,03,"6,4","11,4",22:10,"10,4","1022,3",Varias,"1018,7",05,75,86,Varias,69,09:02,Fuerteventura
2021-02-25,C249I,FUERTEVENTURA AEROPUERTO,LAS PALMAS,25,"18,5","0,0","15,4",23:22,"21,6",12:46,99,"8,6","12,8",Varias,"8,2","1024,4",Varias,"1021,4",03,74,83,05:10,57,22:10,Fuerteventura
2021-02-26,C249I,FUERTEVENTURA AEROPUERTO,LAS PALMAS,25,"18,0","0,0","14,9",04:58,"21,1",12:51,02,"8,9","16,1",17:38,"6,6","1023,7",00,"1019,4",17,58,73,21:06,42,14:09,Fuerteventura
2021-02-27,C249I,FUERTEVENTURA AEROPUERTO,LAS PALMAS,25,"17,2",Ip,"13,4",08:11,"21,0",15:03,01,"8,3","14,4",08:03,"6,4","1020,5",00,"1013,3",24,55,86,Varias,39,14:41,Fuerteventura
2021-02-28,C249I,FUERTEVENTURA AEROPUERTO,LAS PALMAS,25,"17,6","0,5","14,0",07:24,"21,2",15:03,34,"5,3","11,7",15:13,"6,7","1013,4",00,"1010,0",15,67,80,01:24,49,14:59,Fuerteventura
2021-03-01,C249I,FUERTEVENTURA AEROPUERTO,LAS PALMAS,25,"19,6","0,0","14,5",04:45,"24,8",12:04,34,"5,8","13,9",11:35,"7,4","1016,9",Varias,"1011,6",04,59,79,01:01,42,12:05,Fuerteventura
2021-03-02,C249I,FUERTEVENTURA AEROPUERTO,LAS PALMAS,25,"18,6","0,0","15,6",06:30,"21,5",14:11,05,"6,7","11,7",15:23,"9,3","1019,4",Varias,"1016,1",04,72,82,07:08,62,14:42,Fuerteventura
2021-03-03,C249I,FUERTEVENTURA AEROPUERTO,LAS PALMAS,25,"18,7","0,0","16,1",Varias,"21,3",Varias,99,"6,7","11,4",Varias,"9,2","1019,4",Varias,"1016,5",18,68,81,Varias,59,17:33,Fuerteventura
2021-03-04,C249I,FUERTEVENTURA AEROPUERTO,LAS PALMAS,25,"19,0","0,0","15,0",06:11,"22,9",15:27,99,"6,1","11,4",Varias,"10,4","1018,4",Varias,"1015,8",19,62,78,01:32,47,15:27,Fuerteventura
2021-03-05,C249I,FUERTEVENTURA AEROPUERTO,LAS PALMAS,25,"19,7","0,0","15,8",07:47,"23,6",14:46,30,"5,8","13,3",13:55,"5,6","1016,8",00,"1012,6",16,66,79,05:38,52,12:00,Fuerteventura
2021-03-06,C249I,FUERTEVENTURA AEROPUERTO,LAS PALMAS,25,"19,4",Ip,"16,2",02:45,"22,7",13:28,34,"8,6","16,1",Varias,"7,2","1018,5",Varias,"1013,6",05,60,76,Varias,44,15:16,Fuerteventura
2021-03-07,C249I,FUERTEVENTURA AEROPUERTO,LAS PALMAS,25,"19,4","0,0","16,2",06:36,"22,6",14:39,34,"8,9","15,0",12:40,"6,7","1019,9",Varias,"1016,8",16,58,76,01:18,41,14:37,Fuerteventura
2021-03-08,C249I,FUERTEVENTURA AEROPUERTO,LAS PALMAS,25,"18,4",Ip,"16,1",23:55,"20,8",17:11,35,"5,8","12,8",16:37,"2,4","1017,8",00,"1014,1",16,66,82,Varias,52,16:40,Fuerteventura
2021-03-09,C249I,FUERTEVENTURA AEROPUERTO,LAS PALMAS,25,"18,2","0,0","15,2",03:47,"21,3",14:06,35,"10,0","19,7",09:38,"5,1","1017,6",Varias,"1014,2",17,53,82,03:43,39,13:09,Fuerteventura
2021-03-10,C249I,FUERTEVENTURA AEROPUERTO,LAS PALMAS,25,"18,8","0,0","16,2",06:49,"21,5",13:22,99,"10,0","16,1",Varias,"7,2","1019,7",Varias,"1016,0",05,56,72,22:12,49,13:02,Fuerteventura
2021-03-11,C249I,FUERTEVENTURA AEROPUERTO,LAS PALMAS,25,"19,0","0,0","16,2",01:49,"21,7",14:16,02,"7,2","14,4",00:32,"9,9","1021,8",Varias,"1018,3",03,74,87,Varias,65,15:39,Fuerteventura
2021-03-12,C249I,FUERTEVENTURA AEROPUERTO,LAS PALMAS,25,"18,7","0,0","16,7",23:52,"20,7",14:48,99,"6,7","10,8",Varias,"6,2","1021,7",Varias,"1017,7",19,75,88,02:25,66,14:49,Fuerteventura
2021-03-13,C249I,FUERTEVENTURA AEROPUERTO,LAS PALMAS,25,"19,0","0,0","16,6",00:21,"21,5",13:54,03,"6,9","11,7",05:29,"4,4","1018,9",11,"1016,1",05,69,81,23:21,57,11:40,Fuerteventura
2021-03-14,C249I,FUERTEVENTURA AEROPUERTO,LAS PALMAS,25,"18,8","0,0","16,6",05:51,"21,0",14:42,99,"4,4","9,7",Varias,"6,7","1017,6",Varias,"1014,4",17,76,84,07:54,70,12:48,Fuerteventura
2021-03-15,C249I,FUERTEVENTURA AEROPUERTO,LAS PALMAS,25,"18,1","0,0","14,1",05:20,"22,1",15:03,03,"5,0","12,5",Varias,"10,1","1015,7",Varias,"1012,8",16,73,84,Varias,62,13:50,Fuerteventura
2021-03-16,C249I,FUERTEVENTURA AEROPUERTO,LAS PALMAS,25,"19,0","0,0","16,8",03:41,"21,2",13:19,03,"6,7","10,3",09:20,"7,9","1014,9",Varias,"1011,8",18,74,83,20:10,65,13:20,Fuerteventura
2021-03-17,C249I,FUERTEVENTURA AEROPUERTO,LAS PALMAS,25,"18,8","0,0","16,0",06:50,"21,7",14:07,04,"6,1","10,8",18:48,"9,9","1013,6",Varias,"1010,5",16,70,81,00:02,61,12:19,Fuerteventura
2021-03-18,C249I,FUERTEVENTURA AEROPUERTO,LAS PALMAS,25,"19,6","0,0","16,1",Varias,"23,2",15:32,35,"7,2","12,5",16:01,"8,0","1013,2",Varias,"1011,0",16,60,74,Varias,43,16:00,Fuerteventura
2021-03-19,C249I,FUERTEVENTURA AEROPUERTO,LAS PALMAS,25,"20,2","0,0","16,3",04:38,"24,0",14:21,35,"7,8","13,3",13:42,"10,6","1014,3",Varias,"1011,1",04,57,76,04:49,36,13:48,Fuerteventura
2021-03-20,C249I,FUERTEVENTURA AEROPUERTO,LAS PALMAS,25,"19,3","0,0","15,8",04:55,"22,8",14:54,01,"8,3","14,4",14:26,"8,3","1014,7",Varias,"1012,4",03,55,68,Varias,41,14:28,Fuerteventura
2021-03-21,C249I,FUERTEVENTURA AEROPUERTO,LAS PALMAS,25,"18,6","0,0","16,2",Varias,"21,0",13:27,99,"8,9","13,9",Varias,"8,7","1015,9",Varias,"1013,0",04,56,75,00:18,45,13:46,Fuerteventura
2021-03-22,C249I,FUERTEVENTURA AEROPUERTO,LAS PALMAS,25,"17,8","0,0","14,8",05:22,"20,9",13:00,02,"6,9","12,5",Varias,"9,4","1015,5",Varias,"1012,5",05,62,73,23:59,52,11:57,Fuerteventura
2021-03-23,C249I,FUERTEVENTURA AEROPUERTO,LAS PALMAS,25,"18,6","0,0","15,1",07:04,"22,1",14:30,99,"3,9","10,3",Varias,"9,3","1017,1",Varias,"1014,1",03,65,78,Varias,45,14:29,Fuerteventura
2021-03-24,C249I,FUERTEVENTURA AEROPUERTO,LAS PALMAS,25,"20,3","0,0","16,3",07:27,"24,3",14:17,99,"3,6","6,7",Varias,"10,2","1018,5",Varias,"1015,6",04,60,72,Varias,35,19:59,Fuerteventura
2021-03-25,C249I,FUERTEVENTURA AEROPUERTO,LAS PALMAS,25,"20,5","0,0","17,1",07:08,"23,9",11:24,07,"3,9","8,9",23:55,"10,2","1017,6",00,"1011,2",24,52,66,Varias,36,11:14,Fuerteventura
2021-03-26,C249I,FUERTEVENTURA AEROPUERTO,LAS PALMAS,25,,"0,0",,,,,,,,,,,,,,,,,,,Fuerteventura
2021-03-27,C249I,FUERTEVENTURA AEROPUERTO,LAS PALMAS,25,"20,4","0,0","15,4",06:48,"25,3",16:05,19,"7,5","15,3",16:15,"9,5","1012,3",Varias,"1008,9",17,72,83,Varias,44,15:30,Fuerteventura
2021-03-28,C249I,FUERTEVENTURA AEROPUERTO,LAS PALMAS,25,"19,5","0,0","14,7",06:50,"24,3",15:58,20,"5,8","12,8",15:43,"10,2","1012,6",10,"1009,2",16,71,84,07:18,50,18:59,Fuerteventura
2021-03-29,C249I,FUERTEVENTURA AEROPUERTO,LAS PALMAS,25,"20,3","0,2","16,7",06:55,"23,9",16:25,17,"6,1","12,5",Varias,"7,6","1013,6",Varias,"1009,7",04,69,84,Varias,53,16:52,Fuerteventura
2021-03-30,C249I,FUERTEVENTURA AEROPUERTO,LAS PALMAS,25,"18,6","0,0","15,4",07:09,"21,7",14:01,28,"3,1","7,2",21:38,"10,8","1013,2",00,"1008,3",18,75,85,07:03,65,17:17,Fuerteventura
2021-03-31,C249I,FUERTEVENTURA AEROPUERTO,LAS PALMAS,25,"20,8","0,0","15,1",06:30,"26,5",14:11,99,"5,6","13,3",Varias,,"1011,6",Varias,"1007,2",14,62,84,Varias,36,14:27,Fuerteventura
2021-04-01,C249I,FUERTEVENTURA AEROPUERTO,LAS PALMAS,25,"21,0","0,0","16,6",06:30,"25,4",15:53,03,"4,7","12,8",18:03,"10,0","1016,8",Varias,"1011,0",04,70,82,Varias,40,16:21,Fuerteventura
2021-04-02,C249I,FUERTEVENTURA AEROPUERTO,LAS PALMAS,25,"20,1","0,0","17,7",03:21,"22,5",12:54,04,"7,8","12,5",14:27,"8,3","1017,0",Varias,"1013,6",15,69,84,00:59,61,10:57,Fuerteventura
2021-04-03,C249I,FUERTEVENTURA AEROPUERTO,LAS PALMAS,25,"19,8","0,0","17,2",01:45,"22,5",13:03,99,"7,2","11,7",Varias,"6,9","1015,1",00,"1012,0",16,64,75,Varias,52,12:17,Fuerteventura
2021-04-04,C249I,FUERTEVENTURA AEROPUERTO,LAS PALMAS,25,"19,9","0,0","17,4",23:55,"22,4",13:26,36,"6,7","10,8",03:39,"8,6","1014,7",Varias,"1011,2",17,57,71,Varias,48,12:00,Fuerteventura
2021-04-05,C249I,FUERTEVENTURA AEROPUERTO,LAS PALMAS,25,"18,8","0,0","15,6",06:30,"22,0",13:11,99,"5,3","9,7",Varias,"6,4","1014,0",Varias,"1011,5",16,63,73,Varias,51,11:53,Fuerteventura
2021-04-06,C249I,FUERTEVENTURA AEROPUERTO,LAS PALMAS,25,"19,7","0,0","15,6",06:44,"23,8",13:56,33,"5,0","11,7",13:34,,"1013,5",00,"1010,5",17,56,76,06:56,38,14:01,Fuerteventura
2021-04-07,C249I,FUERTEVENTURA AEROPUERTO,LAS PALMAS,25,"18,4","0,0","15,0",06:22,"21,7",14:02,29,"3,3","7,2",07:21,"10,8","1015,3",Varias,"1011,4",03,70,77,06:40,58,20:04,Fuerteventura
2021-04-08,C249I,FUERTEVENTURA AEROPUERTO,LAS PALMAS,25,"18,5","0,0","15,0",05:39,"22,0",14:52,28,"3,3","6,1",07:31,"10,1","1016,3",Varias,"1013,3",18,70,83,Varias,61,03:57,Fuerteventura
2021-04-09,C249I,FUERTEVENTURA AEROPUERTO,LAS PALMAS,25,"21,2","0,0","17,5",04:57,"24,8",17:13,34,"3,6","9,2",17:19,"8,7","1014,5",00,"1011,5",16,68,83,Varias,53,17:13,Fuerteventura
2021-04-10,C249I,FUERTEVENTURA AEROPUERTO,LAS PALMAS,25,,"0,0",,,,,,,,,,,,,,,,,,,Fuerteventura
2021-04-11,C249I,FUERTEVENTURA AEROPUERTO,LAS PALMAS,25,"19,8","0,0","16,9",06:19,"22,6",14:05,99,"5,6","9,2",Varias,"10,0","1016,6",Varias,"1012,1",04,74,81,Varias,56,18:48,Fuerteventura
2021-04-12,C249I,FUERTEVENTURA AEROPUERTO,LAS PALMAS,25,"20,4","0,0","17,7",06:27,"23,2",14:57,03,"5,8","11,4",19:05,"10,8","1017,2",Varias,"1013,5",17,74,82,Varias,63,12:34,Fuerteventura
2021-04-13,C249I,FUERTEVENTURA AEROPUERTO,LAS PALMAS,25,"21,7","0,0","17,2",05:33,"26,2",15:37,99,"5,3","13,3",Varias,"10,0","1016,8",00,"1013,0",18,65,78,Varias,38,17:36,Fuerteventura
2021-04-14,C249I,FUERTEVENTURA AEROPUERTO,LAS PALMAS,25,"23,2","0,0","18,9",02:01,"27,4",14:16,31,"4,4","13,3",14:56,"6,1","1014,9",00,"1011,5",16,63,84,Varias,46,13:57,Fuerteventura
2021-04-15,C249I,FUERTEVENTURA AEROPUERTO,LAS PALMAS,25,"22,4","0,0","18,6",06:09,"26,1",14:16,99,"5,8","12,5",Varias,"6,7","1013,4",Varias,"1011,1",04,59,76,06:18,43,13:17,Fuerteventura
2021-04-16,C249I,FUERTEVENTURA AEROPUERTO,LAS PALMAS,25,"22,1","0,0","18,3",04:50,"25,9",13:40,99,"7,5","13,9",Varias,"6,4","1014,4",Varias,"1011,4",06,61,80,22:55,42,13:21,Fuerteventura
2021-04-17,C249I,FUERTEVENTURA AEROPUERTO,LAS PALMAS,25,"21,0","0,0","18,5",05:40,"23,6",13:44,01,"7,5","12,5",Varias,"9,6","1016,5",Varias,"1013,5",03,71,82,Varias,55,10:43,Fuerteventura
2021-04-18,C249I,FUERTEVENTURA AEROPUERTO,LAS PALMAS,25,"20,5","0,0","18,0",06:05,"23,0",13:02,99,"7,5","11,4",Varias,"10,4","1016,9",Varias,"1014,5",03,66,74,Varias,56,11:55,Fuerteventura
2021-04-19,C249I,FUERTEVENTURA AEROPUERTO,LAS PALMAS,25,"20,4","0,0","17,4",06:46,"23,4",14:19,99,"6,9","11,4",Varias,"10,7","1016,5",00,"1013,8",18,70,84,Varias,62,12:50,Fuerteventura
2021-04-20,C249I,FUERTEVENTURA AEROPUERTO,LAS PALMAS,25,"20,2","0,0","16,9",06:04,"23,5",12:22,03,"6,9","12,5",16:41,"11,8","1014,9",00,"1012,2",16,69,78,Varias,55,09:23,Fuerteventura
2021-04-21,C249I,FUERTEVENTURA AEROPUERTO,LAS PALMAS,25,"20,5","0,0","17,2",05:48,"23,8",12:05,03,"6,4","12,5",11:31,,"1014,2",Varias,"1011,2",16,68,79,Varias,50,11:32,Fuerteventura
2021-04-22,C249I,FUERTEVENTURA AEROPUERTO,LAS PALMAS,25,"22,2","0,0","18,5",04:06,"26,0",15:29,34,"4,7","10,8",16:10,"10,3","1013,5",00,"1010,9",17,62,75,Varias,47,16:05,Fuerteventura
2021-04-23,C249I,FUERTEVENTURA AEROPUERTO,LAS PALMAS,25,"20,9","0,0","16,9",06:04,"24,9",17:43,29,"3,1","9,2",17:42,,"1012,3",00,"1009,6",17,68,76,Varias,58,17:47,Fuerteventura
2021-04-24,C249I,FUERTEVENTURA AEROPUERTO,LAS PALMAS,25,"22,2","0,0","18,1",05:30,"26,3",15:09,31,"5,0","12,8",16:38,"10,1","1011,3",00,"1008,2",18,60,76,Varias,35,15:05,Fuerteventura
2021-04-25,C249I,FUERTEVENTURA AEROPUERTO,LAS PALMAS,25,"21,5","0,0","17,1",06:06,"25,9",13:40,28,"5,8","13,9",16:21,"9,1","1010,0",Varias,"1006,9",05,56,74,02:33,38,13:31,Fuerteventura
2021-04-26,C249I,FUERTEVENTURA AEROPUERTO,LAS PALMAS,25,"21,8","0,0","18,4",06:13,"25,1",14:07,29,"6,1","12,8",13:28,"7,3","1010,5",Varias,"1007,9",04,60,78,Varias,46,14:50,Fuerteventura
2021-04-27,C249I,FUERTEVENTURA AEROPUERTO,LAS PALMAS,25,"20,2","0,0","16,9",06:54,"23,4",18:29,32,"3,6","8,3",18:50,"8,4","1010,4",00,"1007,5",16,66,78,04:56,50,18:30,Fuerteventura
2021-04-28,C249I,FUERTEVENTURA AEROPUERTO,LAS PALMAS,25,"19,8","0,0","16,6",05:05,"23,1",13:34,03,"4,2","10,3",16:44,"6,9","1011,0",Varias,"1008,0",04,70,78,06:29,61,13:34,Fuerteventura
2021-04-29,C249I,FUERTEVENTURA AEROPUERTO,LAS PALMAS,25,"19,4","0,0","16,1",06:18,"22,6",13:39,99,"3,3","6,1",Varias,"9,0","1010,9",00,"1008,6",17,69,80,Varias,60,15:42,Fuerteventura
2021-04-30,C249I,FUERTEVENTURA AEROPUERTO,LAS PALMAS,25,"20,8","0,0","16,7",06:14,"25,0",14:11,35,"6,9","16,1",14:44,"4,8","1013,7",Varias,"1008,8",05,59,78,09:21,44,13:52,Fuerteventura
2021-05-01,C249I,FUERTEVENTURA AEROPUERTO,LAS PALMAS,25,"19,6","0,0","16,5",06:01,"22,6",11:37,99,"6,1","11,7",Varias,"5,9","1014,7",Varias,"1012,0",16,63,72,23:45,50,12:16,Fuerteventura
2021-05-02,C249I,FUERTEVENTURA AEROPUERTO,LAS PALMAS,25,"20,2","0,0","17,0",06:15,"23,3",11:48,02,"7,8","12,5",07:58,,"1014,5",00,"1011,2",17,61,71,01:22,45,12:18,Fuerteventura
2021-05-03,C249I,FUERTEVENTURA AEROPUERTO,LAS PALMAS,25,"20,4","0,0","17,3",04:30,"23,5",13:18,01,"8,3","13,9",18:09,"8,6","1014,5",22,"1011,7",05,57,72,Varias,50,18:27,Fuerteventura
2021-05-04,C249I,FUERTEVENTURA AEROPUERTO,LAS PALMAS,25,"20,6","0,0","17,0",06:15,"24,2",14:18,02,"8,3","16,1",14:15,"5,9","1015,3",Varias,"1012,7",05,54,68,03:05,40,14:19,Fuerteventura
2021-05-05,C249I,FUERTEVENTURA AEROPUERTO,LAS PALMAS,25,"20,9","0,0","17,5",05:24,"24,3",14:49,01,"9,2","15,0",10:04,"6,1","1015,9",Varias,"1013,5",03,61,74,23:59,50,15:09,Fuerteventura
2021-05-06,C249I,FUERTEVENTURA AEROPUERTO,LAS PALMAS,25,"20,6","0,0","17,6",03:30,"23,6",Varias,99,"8,9","12,5",Varias,"12,1","1016,1",Varias,"1013,3",04,69,77,23:56,59,09:07,Fuerteventura
2021-05-07,C249I,FUERTEVENTURA AEROPUERTO,LAS PALMAS,25,"20,2","0,0","17,1",05:56,"23,4",12:35,05,"5,8","11,4",16:44,"8,7","1016,6",Varias,"1012,8",19,72,81,06:10,62,12:06,Fuerteventura
2021-05-08,C249I,FUERTEVENTURA AEROPUERTO,LAS PALMAS,25,"22,1","0,0","18,2",05:49,"26,0",13:04,04,"6,7","13,3",12:05,"10,4","1015,3",Varias,"1012,8",03,58,76,00:30,44,12:14,Fuerteventura
2021-05-09,C249I,FUERTEVENTURA AEROPUERTO,LAS PALMAS,25,"22,2","0,1","17,6",04:21,"26,9",13:55,99,"5,0","11,4",Varias,"9,5","1014,9",00,"1012,3",18,62,87,Varias,42,12:09,Fuerteventura
2021-05-10,C249I,FUERTEVENTURA AEROPUERTO,LAS PALMAS,25,"21,2","0,0","18,7",05:56,"23,6",17:55,02,"6,1","12,8",18:04,"8,6","1018,5",Varias,"1013,1",03,65,81,00:02,49,17:53,Fuerteventura
2021-05-11,C249I,FUERTEVENTURA AEROPUERTO,LAS PALMAS,25,"20,6","0,0","17,5",04:39,"23,6",12:30,35,"8,6","13,3",18:41,"11,3","1019,7",Varias,"1016,9",04,59,71,01:09,50,18:34,Fuerteventura
2021-05-12,C249I,FUERTEVENTURA AEROPUERTO,LAS PALMAS,25,"20,8","0,0","18,2",02:41,"23,4",16:18,99,"9,2","13,9",Varias,"9,6","1019,3",00,"1016,9",18,62,74,Varias,54,10:31,Fuerteventura
2021-05-13,C249I,FUERTEVENTURA AEROPUERTO,LAS PALMAS,25,"21,8","0,0","18,2",00:56,"25,5",13:20,34,"10,6","16,4",17:15,"8,1","1017,9",00,"1014,5",18,62,80,Varias,48,13:20,Fuerteventura
2021-05-14,C249I,FUERTEVENTURA AEROPUERTO,LAS PALMAS,25,"22,4","0,0","18,7",Varias,"26,1",13:56,34,"13,1","21,1",16:15,"11,1","1015,0",00,"1011,3",17,62,78,Varias,48,13:49,Fuerteventura
2021-05-15,C249I,FUERTEVENTURA AEROPUERTO,LAS PALMAS,25,"22,3","0,0","19,1",03:36,"25,5",12:24,35,"11,1","19,7",07:48,"3,9","1012,1",00,"1009,0",06,67,78,Varias,55,12:43,Fuerteventura
2021-05-16,C249I,FUERTEVENTURA AEROPUERTO,LAS PALMAS,25,"22,0","0,0","19,1",06:14,"25,0",10:38,99,"7,5","13,3",Varias,"9,0","1014,2",Varias,"1009,8",04,75,87,20:18,56,10:17,Fuerteventura
2021-05-17,C249I,FUERTEVENTURA AEROPUERTO,LAS PALMAS,25,"22,0","0,0","19,3",23:48,"24,8",17:21,03,"6,9","13,3",10:08,"7,3","1015,6",Varias,"1011,8",05,65,79,Varias,56,17:34,Fuerteventura
2021-05-18,C249I,FUERTEVENTURA AEROPUERTO,LAS PALMAS,25,"23,2","0,0","18,7",02:30,"27,7",13:03,36,"8,9","15,0",16:22,"5,5","1015,5",Varias,"1012,9",19,59,80,Varias,45,13:03,Fuerteventura
2021-05-19,C249I,FUERTEVENTURA AEROPUERTO,LAS PALMAS,25,"21,8","0,0","19,7",05:51,"23,9",12:35,99,"9,2","14,4",Varias,"1,7","1014,5",00,"1011,4",16,73,82,Varias,62,12:41,Fuerteventura
2021-05-20,C249I,FUERTEVENTURA AEROPUERTO,LAS PALMAS,25,"23,4","0,0","20,1",02:27,"26,6",Varias,02,"7,5","15,0",17:31,"11,2","1012,6",00,"1009,7",18,63,75,Varias,47,22:15,Fuerteventura
2021-05-21,C249I,FUERTEVENTURA AEROPUERTO,LAS PALMAS,25,"23,9","0,0","21,7",23:48,"26,1",14:08,99,"7,8","15,0",Varias,,"1012,6",Varias,"1008,9",21,67,77,Varias,50,00:18,Fuerteventura
2021-05-22,C249I,FUERTEVENTURA AEROPUERTO,LAS PALMAS,25,"22,2","0,0","19,5",23:40,"24,8",13:16,99,"9,4","16,1",Varias,"10,7","1013,8",Varias,"1008,4",05,73,84,20:07,62,13:17,Fuerteventura
2021-05-23,C249I,FUERTEVENTURA AEROPUERTO,LAS PALMAS,25,"21,0","0,0","18,4",22:45,"23,5",12:48,99,"13,1","18,1",Varias,"9,8","1017,4",Varias,"1012,8",03,66,76,Varias,56,12:22,Fuerteventura
2021-05-24,C249I,FUERTEVENTURA AEROPUERTO,LAS PALMAS,25,"21,3","0,0","17,7",03:19,"24,9",15:53,99,"10,8","16,4",Varias,"11,2","1016,9",Varias,"1014,7",15,59,73,Varias,45,15:55,Fuerteventura
2021-05-25,C249I,FUERTEVENTURA AEROPUERTO,LAS PALMAS,25,"21,6","0,0","18,5",00:22,"24,6",15:44,99,"10,8","15,3",Varias,"5,7","1017,9",Varias,"1014,9",17,63,75,Varias,50,16:16,Fuerteventura
2021-05-26,C249I,FUERTEVENTURA AEROPUERTO,LAS PALMAS,25,"21,4","0,0","17,6",05:42,"25,1",15:20,35,"8,3","13,3",19:28,"11,3","1017,4",00,"1012,5",18,59,72,Varias,46,15:41,Fuerteventura
2021-05-27,C249I,FUERTEVENTURA AEROPUERTO,LAS PALMAS,25,"20,7","0,0","17,1",05:35,"24,3",13:32,03,"6,4","11,7",Varias,"8,3","1013,6",00,"1011,0",16,61,72,Varias,54,17:22,Fuerteventura
2021-05-28,C249I,FUERTEVENTURA AEROPUERTO,LAS PALMAS,25,"21,6","0,0","18,8",23:55,"24,3",13:32,03,"5,8","11,7",14:23,"6,3","1014,8",Varias,"1010,8",04,63,74,Varias,55,17:33,Fuerteventura
2021-05-29,C249I,FUERTEVENTURA AEROPUERTO,LAS PALMAS,25,"20,6","0,0","17,2",06:16,"24,0",12:39,99,"5,8","9,2",Varias,"8,7","1014,9",Varias,"1011,7",20,70,77,Varias,59,10:55,Fuerteventura
2021-05-30,C249I,FUERTEVENTURA AEROPUERTO,LAS PALMAS,25,"21,4","0,0","19,3",03:20,"23,5",12:30,05,"7,2","11,4",15:35,"3,8","1014,1",Varias,"1010,9",05,75,84,Varias,64,10:49,Fuerteventura
2021-05-31,C249I,FUERTEVENTURA AEROPUERTO,LAS PALMAS,25,"21,2","0,0","19,0",23:57,"23,5",14:10,03,"7,5","11,7",01:53,"5,8","1013,8",Varias,"1011,6",17,69,78,00:00,61,15:10,Fuerteventura
2021-06-01,C249I,FUERTEVENTURA AEROPUERTO,LAS PALMAS,25,"20,8","0,0","18,5",Varias,"23,2",13:14,35,"6,9","10,3",07:41,"11,0","1013,2",Varias,"1010,2",18,66,76,Varias,58,13:23,Fuerteventura
2021-06-02,C249I,FUERTEVENTURA AEROPUERTO,LAS PALMAS,25,"20,5","0,0","17,6",04:43,"23,4",15:20,03,"4,7","8,9",08:15,"11,9","1014,8",Varias,"1011,0",02,67,78,Varias,60,15:21,Fuerteventura
2021-06-03,C249I,FUERTEVENTURA AEROPUERTO,LAS PALMAS,25,"21,4","0,0","18,6",05:59,"24,3",13:30,05,"6,9","12,5",16:37,"9,1","1019,1",Varias,"1013,6",02,71,80,Varias,60,13:32,Fuerteventura
2021-06-04,C249I,FUERTEVENTURA AEROPUERTO,LAS PALMAS,25,"21,2","0,0","18,4",Varias,"23,9",12:16,03,"9,2","13,9",17:19,"4,8","1020,8",Varias,"1017,1",03,63,82,Varias,50,17:32,Fuerteventura
2021-06-05,C249I,FUERTEVENTURA AEROPUERTO,LAS PALMAS,25,"20,6","0,0","17,7",05:41,"23,6",14:31,99,"8,9","13,3",Varias,"10,3","1020,5",00,"1017,1",18,62,75,Varias,54,Varias,Fuerteventura
2021-06-06,C249I,FUERTEVENTURA AEROPUERTO,LAS PALMAS,25,"21,2","0,0","18,0",05:43,"24,3",11:52,03,"8,1","12,5",16:07,"11,8","1018,1",00,"1013,3",19,68,77,23:14,60,11:53,Fuerteventura
2021-06-07,C249I,FUERTEVENTURA AEROPUERTO,LAS PALMAS,25,"22,0","0,0","20,0",05:46,"23,9",13:56,02,"5,6","13,9",15:57,"1,6","1015,7",Varias,"1011,7",16,77,89,Varias,70,13:58,Fuerteventura
2021-06-08,C249I,FUERTEVENTURA AEROPUERTO,LAS PALMAS,25,"21,5","0,0","19,6",06:07,"23,4",12:58,99,"5,8","9,7",20:23,"4,8","1015,3",Varias,"1011,8",18,81,89,Varias,73,13:39,Fuerteventura
2021-06-09,C249I,FUERTEVENTURA AEROPUERTO,LAS PALMAS,25,"24,5","0,0","20,2",01:41,"28,8",12:24,99,"9,4","14,4",Varias,"8,9","1015,9",Varias,"1011,4",03,51,81,00:00,33,17:48,Fuerteventura
2021-06-10,C249I,FUERTEVENTURA AEROPUERTO,LAS PALMAS,25,"28,3","0,0","22,2",03:06,"34,4",09:31,05,"7,5","12,5",13:02,"6,1","1014,4",00,"1009,1",06,57,77,Varias,25,09:22,Fuerteventura
2021-06-11,C249I,FUERTEVENTURA AEROPUERTO,LAS PALMAS,25,"23,6","0,0","20,9",22:54,"26,3",09:54,99,"6,9","12,8",Varias,"10,5","1013,8",Varias,"1010,6",05,59,81,Varias,31,06:17,Fuerteventura
2021-06-12,C249I,FUERTEVENTURA AEROPUERTO,LAS PALMAS,25,"21,8","0,0","19,4",03:53,"24,1",12:24,99,"7,2","11,7",Varias,"11,8","1016,8",Varias,"1012,6",04,73,87,Varias,63,13:48,Fuerteventura
2021-06-13,C249I,FUERTEVENTURA AEROPUERTO,LAS PALMAS,25,"22,0","0,0","19,5",Varias,"24,4",13:11,01,"8,1","13,3",19:06,"8,3","1018,4",Varias,"1015,8",03,70,79,01:33,63,13:12,Fuerteventura
2021-06-14,C249I,FUERTEVENTURA AEROPUERTO,LAS PALMAS,25,"22,2","0,0","20,0",03:21,"24,5",12:00,35,"7,5","12,8",08:54,"9,3","1018,3",Varias,"1015,5",18,69,78,Varias,59,12:05,Fuerteventura
2021-06-15,C249I,FUERTEVENTURA AEROPUERTO,LAS PALMAS,25,"22,4","0,0","19,5",05:30,"25,2",11:15,03,"6,1","11,4",11:31,"10,3","1016,9",00,"1013,7",16,72,83,Varias,54,11:15,Fuerteventura
2021-06-16,C249I,FUERTEVENTURA AEROPUERTO,LAS PALMAS,25,"23,7","0,0","19,3",05:40,"28,1",14:41,34,"8,1","14,4",17:46,"10,3","1015,9",Varias,"1013,2",16,59,78,06:38,41,14:28,Fuerteventura
2021-06-17,C249I,FUERTEVENTURA AEROPUERTO,LAS PALMAS,25,"24,1","0,0","20,9",03:18,"27,3",13:31,34,"8,1","14,4",17:25,"4,2","1016,3",Varias,"1013,6",04,64,78,Varias,50,13:28,Fuerteventura
2021-06-18,C249I,FUERTEVENTURA AEROPUERTO,LAS PALMAS,25,"22,5","0,0","19,5",23:50,"25,5",15:27,35,"8,9","15,3",Varias,"7,7","1017,1",Varias,"1014,2",03,59,78,Varias,33,16:05,Fuerteventura
2021-06-19,C249I,FUERTEVENTURA AEROPUERTO,LAS PALMAS,25,"21,5","0,0","18,1",04:41,"24,9",13:00,03,"8,6","15,0",13:30,"8,9","1017,7",Varias,"1015,6",03,53,69,Varias,41,17:34,Fuerteventura
2021-06-20,C249I,FUERTEVENTURA AEROPUERTO,LAS PALMAS,25,"22,0","0,0","18,5",04:22,"25,4",15:14,01,"7,8","12,8",Varias,"7,3","1017,0",Varias,"1014,5",16,62,79,Varias,52,15:16,Fuerteventura
2021-06-21,C249I,FUERTEVENTURA AEROPUERTO,LAS PALMAS,25,"23,0","0,0","19,8",23:58,"26,1",16:59,99,"5,8","12,5",Varias,"6,3","1016,4",Varias,"1013,2",05,68,86,08:42,46,17:44,Fuerteventura
2021-06-22,C249I,FUERTEVENTURA AEROPUERTO,LAS PALMAS,25,"22,2","0,0","19,1",02:11,"25,3",14:02,99,"6,9","11,7",19:12,"3,9","1016,8",Varias,"1014,8",04,65,76,Varias,52,10:45,Fuerteventura
2021-06-23,C249I,FUERTEVENTURA AEROPUERTO,LAS PALMAS,25,"22,0","0,0","19,6",02:47,"24,5",13:50,01,"8,6","15,0",08:15,"5,2","1016,5",00,"1013,2",17,64,75,Varias,54,17:18,Fuerteventura
2021-06-24,C249I,FUERTEVENTURA AEROPUERTO,LAS PALMAS,25,"22,0","0,0","18,6",05:30,"25,4",13:40,03,"6,4","12,8",17:23,"10,0","1015,9",Varias,"1013,4",17,62,72,Varias,51,12:29,Fuerteventura
2021-06-25,C249I,FUERTEVENTURA AEROPUERTO,LAS PALMAS,25,"21,2","0,0","18,5",05:53,"24,0",16:26,03,"6,1","11,4",Varias,"12,4","1016,4",Varias,"1013,2",18,65,77,Varias,59,11:11,Fuerteventura
2021-06-26,C249I,FUERTEVENTURA AEROPUERTO,LAS PALMAS,25,"22,0","0,0","19,9",04:22,"24,1",13:54,99,"6,4","10,3",Varias,"9,6","1016,1",00,"1012,6",18,72,84,Varias,64,Varias,Fuerteventura
2021-06-27,C249I,FUERTEVENTURA AEROPUERTO,LAS PALMAS,25,"22,4","0,0","19,7",05:32,"25,2",17:35,04,"7,2","12,5",Varias,"12,0","1016,5",Varias,"1013,8",04,68,81,01:54,57,18:10,Fuerteventura
2021-06-28,C249I,FUERTEVENTURA AEROPUERTO,LAS PALMAS,25,"22,2","0,0","19,6",04:48,"24,7",13:33,99,"8,9","13,3",Varias,"10,0","1017,2",Varias,"1015,0",18,68,77,00:10,60,10:52,Fuerteventura
2021-06-29,C249I,FUERTEVENTURA AEROPUERTO,LAS PALMAS,25,"23,0","0,0","19,3",05:34,"26,8",14:04,01,"9,7","16,9",14:58,"11,4","1016,8",00,"1013,9",18,66,80,Varias,52,15:30,Fuerteventura
2021-06-30,C249I,FUERTEVENTURA AEROPUERTO,LAS PALMAS,25,"22,6","0,0","19,1",05:22,"26,0",14:49,99,"8,3","13,9",Varias,"10,6","1015,8",23,"1013,6",17,66,75,Varias,52,15:18,Fuerteventura
2021-07-01,C249I,FUERTEVENTURA AEROPUERTO,LAS PALMAS,25,"21,7","0,0","19,3",05:26,"24,1",13:53,03,"7,5","11,4",Varias,"9,1","1015,8",Varias,"1013,7",18,70,81,Varias,61,10:47,Fuerteventura
2021-07-02,C249I,FUERTEVENTURA AEROPUERTO,LAS PALMAS,25,"22,0","0,0","18,6",05:52,"25,3",15:16,04,"7,2","12,8",Varias,"11,1","1016,0",Varias,"1013,6",04,76,81,Varias,60,08:24,Fuerteventura
2021-07-03,C249I,FUERTEVENTURA AEROPUERTO,LAS PALMAS,25,"25,0","0,0","20,5",01:49,"29,5",16:45,99,"7,5","13,3",Varias,"11,4","1016,0",Varias,"1013,4",04,53,75,01:26,45,16:46,Fuerteventura
2021-07-04,C249I,FUERTEVENTURA AEROPUERTO,LAS PALMAS,25,"23,4","0,0","20,1",06:08,"26,6",17:56,04,"8,9","17,5",09:27,"12,4","1015,9",Varias,"1013,3",17,70,85,Varias,62,17:59,Fuerteventura
2021-07-05,C249I,FUERTEVENTURA AEROPUERTO,LAS PALMAS,25,"22,6","0,0","20,0",06:17,"25,1",13:58,99,"7,5","10,8",Varias,"11,0","1015,3",00,"1012,7",17,77,86,Varias,68,14:00,Fuerteventura
2021-07-06,C249I,FUERTEVENTURA AEROPUERTO,LAS PALMAS,25,"22,8","0,0","20,7",04:35,"24,9",12:56,02,"7,2","11,7",23:53,"10,0","1015,5",Varias,"1013,3",01,79,89,Varias,71,15:05,Fuerteventura
2021-07-07,C249I,FUERTEVENTURA AEROPUERTO,LAS PALMAS,25,"22,7","0,0","20,2",Varias,"25,2",14:28,99,"7,2","12,5",Varias,"9,9","1017,2",Varias,"1013,8",04,78,87,Varias,68,14:29,Fuerteventura
2021-07-08,C249I,FUERTEVENTURA AEROPUERTO,LAS PALMAS,25,"23,4","0,0","20,0",05:32,"26,8",16:20,35,"10,0","16,4",23:07,"11,2","1017,1",00,"1013,3",18,66,84,01:01,50,15:32,Fuerteventura
2021-07-09,C249I,FUERTEVENTURA AEROPUERTO,LAS PALMAS,25,"23,6","0,0","20,1",05:39,"27,2",12:54,99,"10,3","16,4",Varias,"7,7","1014,4",00,"1009,8",19,65,81,Varias,50,12:55,Fuerteventura
2021-07-10,C249I,FUERTEVENTURA AEROPUERTO,LAS PALMAS,25,"25,2","0,0","21,7",Varias,"28,8",14:22,33,"8,1","12,5",08:43,"8,9","1010,4",Varias,"1006,9",17,65,81,Varias,52,15:20,Fuerteventura
2021-07-11,C249I,FUERTEVENTURA AEROPUERTO,LAS PALMAS,25,"26,2","0,0","20,1",06:19,"32,3",17:58,99,"4,7","12,5",19:30,"6,0","1014,0",Varias,"1008,4",19,69,89,Varias,48,18:51,Fuerteventura
2021-07-12,C249I,FUERTEVENTURA AEROPUERTO,LAS PALMAS,25,"26,9","0,0","22,8",00:00,"31,0",10:19,99,"6,4","11,4",Varias,"8,6","1016,7",Varias,"1011,2",04,63,88,00:00,46,08:34,Fuerteventura
2021-07-13,C249I,FUERTEVENTURA AEROPUERTO,LAS PALMAS,25,"24,5","0,0","22,6",23:55,"26,4",18:22,99,"6,9","12,5",Varias,"10,0","1016,1",00,"1012,1",18,73,78,Varias,51,02:51,Fuerteventura
2021-07-14,C249I,FUERTEVENTURA AEROPUERTO,LAS PALMAS,25,"24,6","0,0","21,2",05:37,"28,1",17:41,01,"8,6","12,8",17:42,"11,4","1012,8",00,"1009,3",18,62,74,10:33,47,17:43,Fuerteventura
2021-07-15,C249I,FUERTEVENTURA AEROPUERTO,LAS PALMAS,25,"23,0","0,0","20,5",06:15,"25,4",14:06,99,"7,5","11,7",Varias,"11,8","1011,2",Varias,"1009,5",05,77,83,Varias,67,00:00,Fuerteventura
2021-07-16,C249I,FUERTEVENTURA AEROPUERTO,LAS PALMAS,25,"24,6","0,0","20,5",04:47,"28,7",17:38,03,"7,2","11,4",10:39,"11,5","1011,7",Varias,"1009,3",17,68,82,Varias,47,10:40,Fuerteventura
2021-07-17,C249I,FUERTEVENTURA AEROPUERTO,LAS PALMAS,25,"22,6","0,0","20,3",06:09,"25,0",13:38,05,"6,7","10,3",11:16,"11,2","1013,0",Varias,"1010,2",03,78,85,06:50,63,21:53,Fuerteventura
2021-07-18,C249I,FUERTEVENTURA AEROPUERTO,LAS PALMAS,25,"27,2","0,0","22,6",00:00,"31,7",11:26,01,"3,3","11,7",22:00,"11,2","1012,3",Varias,"1010,3",18,57,71,00:00,38,11:32,Fuerteventura
2021-07-19,C249I,FUERTEVENTURA AEROPUERTO,LAS PALMAS,25,"28,2","0,0","23,7",00:18,"32,6",17:07,99,"5,3","11,7",Varias,"11,4","1011,9",Varias,"1009,4",18,52,71,00:16,29,09:39,Fuerteventura
2021-07-20,C249I,FUERTEVENTURA AEROPUERTO,LAS PALMAS,25,"23,2","0,0","20,6",06:25,"25,8",18:21,02,"7,2","13,3",19:48,"11,3","1014,3",Varias,"1011,0",02,75,82,Varias,57,00:21,Fuerteventura
2021-07-21,C249I,FUERTEVENTURA AEROPUERTO,LAS PALMAS,25,"24,1","0,0","20,1",Varias,"28,1",14:13,01,"9,7","16,1",10:49,"11,8","1014,5",Varias,"1012,0",17,62,79,01:01,49,14:15,Fuerteventura
2021-07-22,C249I,FUERTEVENTURA AEROPUERTO,LAS PALMAS,25,"24,8","0,0","20,9",03:30,"28,7",14:20,35,"10,3","16,1",10:40,"10,3","1013,4",Varias,"1009,9",18,62,76,Varias,51,13:24,Fuerteventura
2021-07-23,C249I,FUERTEVENTURA AEROPUERTO,LAS PALMAS,25,"25,6","0,0","21,8",Varias,"29,3",12:44,34,"9,4","15,3",09:05,"9,7","1010,9",Varias,"1007,8",18,66,77,Varias,52,12:18,Fuerteventura
2021-07-24,C249I,FUERTEVENTURA AEROPUERTO,LAS PALMAS,25,"24,6","0,0","22,2",23:56,"27,0",17:28,35,"7,8","13,3",17:27,"6,1","1012,8",Varias,"1007,8",03,69,82,21:28,60,17:30,Fuerteventura
2021-07-25,C249I,FUERTEVENTURA AEROPUERTO,LAS PALMAS,25,"24,5","0,0","21,4",05:30,"27,6",12:19,05,"7,2","11,4",14:59,"10,4","1013,6",Varias,"1010,7",03,69,79,00:00,53,18:46,Fuerteventura
2021-07-26,C249I,FUERTEVENTURA AEROPUERTO,LAS PALMAS,25,"24,4","0,0","21,1",06:16,"27,6",16:45,02,"8,1","13,3",16:00,"11,9","1013,1",Varias,"1010,7",17,75,85,21:48,59,00:00,Fuerteventura
2021-07-27,C249I,FUERTEVENTURA AEROPUERTO,LAS PALMAS,25,"24,4","0,0","21,9",05:35,"26,9",16:23,02,"8,3","13,3",15:11,"7,5","1012,4",00,"1008,7",17,69,83,08:13,56,16:24,Fuerteventura
2021-07-28,C249I,FUERTEVENTURA AEROPUERTO,LAS PALMAS,25,"23,6","0,0","21,5",23:28,"25,8",13:21,35,"7,5","11,7",09:32,"2,1","1011,0",00,"1008,7",04,73,83,Varias,65,09:49,Fuerteventura
2021-07-29,C249I,FUERTEVENTURA AEROPUERTO,LAS PALMAS,25,"24,2","0,0","21,1",04:02,"27,4",16:59,99,"8,1","12,5",Varias,"9,5","1012,1",Varias,"1008,3",05,72,83,Varias,57,17:00,Fuerteventura
2021-07-30,C249I,FUERTEVENTURA AEROPUERTO,LAS PALMAS,25,"24,3","0,0","21,0",01:14,"27,6",17:39,01,"8,6","12,8",17:11,"9,9","1014,1",Varias,"1010,3",03,70,80,06:33,57,17:36,Fuerteventura
2021-07-31,C249I,FUERTEVENTURA AEROPUERTO,LAS PALMAS,25,"23,8","0,0","21,6",Varias,"26,0",14:02,99,"8,3","13,3",Varias,"10,9","1015,0",Varias,"1011,6",03,74,79,23:55,59,03:36,Fuerteventura
2021-08-01,C249I,FUERTEVENTURA AEROPUERTO,LAS PALMAS,25,"23,1","0,0","20,9",04:30,"25,3",14:31,99,"11,1","15,3",Varias,"9,8","1015,2",Varias,"1012,8",03,73,82,Varias,64,13:29,Fuerteventura
2021-08-02,C249I,FUERTEVENTURA AEROPUERTO,LAS PALMAS,25,"23,4","0,0","20,7",06:16,"26,0",12:49,01,"8,9","14,4",Varias,"10,5","1014,2",00,"1012,0",17,68,79,Varias,62,17:57,Fuerteventura
2021-08-03,C249I,FUERTEVENTURA AEROPUERTO,LAS PALMAS,25,"23,6",Ip,"21,3",07:52,"25,8",14:25,35,"5,6","11,4",02:32,"5,1","1015,8",Varias,"1012,6",04,74,85,Varias,66,Varias,Fuerteventura
2021-08-04,C249I,FUERTEVENTURA AEROPUERTO,LAS PALMAS,25,"24,4","0,0","21,7",Varias,"27,0",17:26,03,"8,1","11,7",16:35,"9,2","1016,3",Varias,"1014,3",03,64,77,Varias,59,17:27,Fuerteventura
2021-08-05,C249I,FUERTEVENTURA AEROPUERTO,LAS PALMAS,25,"24,2","0,0","20,6",03:46,"27,8",17:21,35,"8,3","13,3",18:03,"11,7","1016,2",00,"1013,0",19,71,83,Varias,58,17:11,Fuerteventura
2021-08-06,C249I,FUERTEVENTURA AEROPUERTO,LAS PALMAS,25,"25,0","0,0","21,7",Varias,"28,2",11:47,99,"6,7","12,5",Varias,"12,5","1013,9",00,"1011,3",16,67,84,02:01,53,11:14,Fuerteventura
2021-08-07,C249I,FUERTEVENTURA AEROPUERTO,LAS PALMAS,25,"23,6","0,0","21,1",05:17,"26,0",Varias,99,"7,2","11,4",Varias,"8,0","1014,4",Varias,"1011,5",05,73,88,Varias,62,12:09,Fuerteventura
2021-08-08,C249I,FUERTEVENTURA AEROPUERTO,LAS PALMAS,25,"24,6","0,0","21,4",05:30,"27,7",16:59,01,"8,1","13,9",17:13,"10,1","1015,1",Varias,"1012,1",03,66,82,Varias,48,17:12,Fuerteventura
2021-08-09,C249I,FUERTEVENTURA AEROPUERTO,LAS PALMAS,25,"24,3","0,0","20,5",04:56,"28,1",15:07,35,"8,3","15,0",Varias,"8,7","1015,4",Varias,"1012,8",03,59,77,03:47,40,16:17,Fuerteventura
2021-08-10,C249I,FUERTEVENTURA AEROPUERTO,LAS PALMAS,25,"24,4","0,0","20,5",06:30,"28,4",15:11,34,"6,9","16,4",15:28,"10,0","1015,1",00,"1013,2",16,59,76,Varias,42,11:59,Fuerteventura
2021-08-11,C249I,FUERTEVENTURA AEROPUERTO,LAS PALMAS,25,"23,2","0,0","20,3",06:23,"26,1",14:19,03,"5,8","12,8",17:56,"10,8","1015,4",Varias,"1013,3",17,66,76,Varias,56,17:55,Fuerteventura
2021-08-12,C249I,FUERTEVENTURA AEROPUERTO,LAS PALMAS,25,"24,1","0,0","21,8",04:40,"26,4",14:10,99,"6,1","10,3",15:15,"7,4","1015,1",00,"1013,1",17,70,83,02:52,63,11:04,Fuerteventura
2021-08-13,C249I,FUERTEVENTURA AEROPUERTO,LAS PALMAS,25,"23,8","0,0","21,7",05:51,"26,0",13:24,02,"6,7","12,8",22:19,"9,4","1014,5",Varias,"1011,7",18,77,88,Varias,69,11:58,Fuerteventura
2021-08-14,C249I,FUERTEVENTURA AEROPUERTO,LAS PALMAS,25,"24,0",Ip,"21,2",06:45,"26,8",15:17,99,"4,4","11,7",Varias,"10,0","1013,7",00,"1009,7",19,84,92,Varias,72,15:19,Fuerteventura
2021-08-15,C249I,FUERTEVENTURA AEROPUERTO,LAS PALMAS,25,"25,0","0,0","22,0",03:35,"28,1",14:14,04,"3,9","10,3",Varias,"10,2","1011,9",00,"1008,4",17,81,92,02:30,53,23:38,Fuerteventura
2021-08-16,C249I,FUERTEVENTURA AEROPUERTO,LAS PALMAS,25,"27,6","0,0","24,5",04:40,"30,8",12:09,01,"5,6","13,9",12:17,"10,4","1012,7",Varias,"1008,5",04,53,65,Varias,47,06:26,Fuerteventura
2021-08-17,C249I,FUERTEVENTURA AEROPUERTO,LAS PALMAS,25,"27,9","0,0","25,7",04:58,"30,1",12:52,02,"7,8","13,9",18:53,"11,0","1013,8",Varias,"1010,3",05,53,59,Varias,37,21:32,Fuerteventura
2021-08-18,C249I,FUERTEVENTURA AEROPUERTO,LAS PALMAS,25,"26,3","0,0","23,3",23:51,"29,3",12:00,01,"6,1","15,0",02:28,"10,9","1013,8",00,"1011,1",18,57,77,Varias,40,09:35,Fuerteventura
2021-08-19,C249I,FUERTEVENTURA AEROPUERTO,LAS PALMAS,25,"24,9","0,0","22,4",Varias,"27,4",13:06,35,"5,3","9,2",Varias,"11,2","1012,2",00,"1009,5",04,60,82,Varias,34,02:43,Fuerteventura
2021-08-20,C249I,FUERTEVENTURA AEROPUERTO,LAS PALMAS,25,"23,2","0,0","20,3",04:37,"26,0",Varias,04,"4,4","9,2",15:43,"10,6","1014,9",Varias,"1010,6",03,74,86,Varias,65,08:31,Fuerteventura
2021-08-21,C249I,FUERTEVENTURA AEROPUERTO,LAS PALMAS,25,"23,4","0,0","21,3",05:23,"25,4",14:03,02,"6,4","10,8",19:33,"6,6","1017,0",Varias,"1013,7",02,76,84,Varias,69,13:30,Fuerteventura
2021-08-22,C249I,FUERTEVENTURA AEROPUERTO,LAS PALMAS,25,"23,6","0,0","20,9",04:55,"26,3",14:06,35,"6,9","12,5",20:37,"11,2","1016,9",00,"1013,1",18,76,85,00:11,66,18:54,Fuerteventura
2021-08-23,C249I,FUERTEVENTURA AEROPUERTO,LAS PALMAS,25,"24,8","0,0","21,3",01:49,"28,3",16:33,02,"8,1","16,9",19:00,"10,4","1014,5",00,"1011,2",17,69,80,00:00,55,16:37,Fuerteventura
2021-08-24,C249I,FUERTEVENTURA AEROPUERTO,LAS PALMAS,25,"24,3","0,0","22,0",03:31,"26,6",12:26,03,"7,2","15,0",16:42,"8,2","1013,7",Varias,"1011,0",18,66,76,00:02,59,18:06,Fuerteventura
2021-08-25,C249I,FUERTEVENTURA AEROPUERTO,LAS PALMAS,25,"24,2","0,0","22,0",00:55,"26,3",13:56,07,"6,1","10,3",12:25,"9,3","1012,2",00,"1009,7",17,69,81,Varias,61,10:58,Fuerteventura
2021-08-26,C249I,FUERTEVENTURA AEROPUERTO,LAS PALMAS,25,"23,6","0,0","20,9",04:30,"26,3",12:56,99,"5,8","8,3",Varias,"11,0","1012,8",Varias,"1009,5",04,75,83,Varias,65,13:02,Fuerteventura
2021-08-27,C249I,FUERTEVENTURA AEROPUERTO,LAS PALMAS,25,"23,8","0,0","21,2",06:04,"26,3",12:11,99,"5,8","9,7",Varias,"11,2","1014,9",Varias,"1011,3",03,76,88,Varias,68,12:52,Fuerteventura
2021-08-28,C249I,FUERTEVENTURA AEROPUERTO,LAS PALMAS,25,"24,0","0,0","21,3",Varias,"26,8",14:19,99,"5,8","9,2",Varias,"11,4","1015,8",Varias,"1013,1",05,76,88,Varias,65,09:35,Fuerteventura
2021-08-29,C249I,FUERTEVENTURA AEROPUERTO,LAS PALMAS,25,"24,0","0,0","21,6",05:56,"26,5",Varias,99,"5,8","9,7",Varias,"11,6","1015,3",Varias,"1012,0",18,77,82,Varias,69,13:10,Fuerteventura
2021-08-30,C249I,FUERTEVENTURA AEROPUERTO,LAS PALMAS,25,"24,5","0,0","21,6",06:24,"27,4",18:02,04,"6,4","11,4",16:20,"11,4","1013,3",Varias,"1010,2",16,73,82,Varias,63,18:03,Fuerteventura
2021-08-31,C249I,FUERTEVENTURA AEROPUERTO,LAS PALMAS,25,"25,0","0,0","22,2",05:59,"27,8",10:47,35,"6,1","10,3",18:45,"8,1","1014,4",Varias,"1011,7",04,78,83,Varias,64,Varias,Fuerteventura
2021-09-01,C249I,FUERTEVENTURA AEROPUERTO,LAS PALMAS,25,"24,6","0,0","21,9",06:15,"27,4",14:59,99,"5,0","11,4",Varias,"11,6","1015,1",Varias,"1012,9",03,77,82,Varias,65,18:56,Fuerteventura
2021-09-02,C249I,FUERTEVENTURA AEROPUERTO,LAS PALMAS,25,"24,9","0,0","22,9",23:30,"26,9",13:37,03,"5,8","11,4",21:19,"10,9","1015,2",Varias,"1013,2",02,77,85,Varias,70,08:33,Fuerteventura
2021-09-03,C249I,FUERTEVENTURA AEROPUERTO,LAS PALMAS,25,"24,6","0,0","22,6",03:51,"26,5",Varias,99,"5,8","9,7",Varias,"9,9","1014,8",Varias,"1011,9",18,73,84,00:07,64,12:20,Fuerteventura
2021-09-04,C249I,FUERTEVENTURA AEROPUERTO,LAS PALMAS,25,"24,3","0,0","22,1",06:48,"26,5",13:44,99,"3,6","8,3",Varias,"10,7","1012,7",00,"1009,3",18,76,86,Varias,68,13:46,Fuerteventura
2021-09-05,C249I,FUERTEVENTURA AEROPUERTO,LAS PALMAS,25,"23,5","0,0","20,9",05:33,"26,1",15:29,99,"1,9","9,7",19:24,"10,5","1012,2",Varias,"1009,0",03,78,88,Varias,72,15:30,Fuerteventura
2021-09-06,C249I,FUERTEVENTURA AEROPUERTO,LAS PALMAS,25,"27,2","0,0","23,1",06:30,"31,4",16:53,30,"4,4","13,9",17:06,"10,3","1013,5",Varias,"1009,6",04,72,88,Varias,51,17:05,Fuerteventura
2021-09-07,C249I,FUERTEVENTURA AEROPUERTO,LAS PALMAS,25,"26,3","0,0","23,5",05:52,"29,1",17:39,99,"6,7","11,4",Varias,"9,3","1014,9",Varias,"1011,5",17,74,90,Varias,56,17:49,Fuerteventura
2021-09-08,C249I,FUERTEVENTURA AEROPUERTO,LAS PALMAS,25,"25,0","0,0","22,6",06:37,"27,4",14:02,03,"6,4","12,8",23:06,"10,4","1015,6",Varias,"1013,1",04,79,88,Varias,72,12:42,Fuerteventura
2021-09-09,C249I,FUERTEVENTURA AEROPUERTO,LAS PALMAS,25,"25,2","0,0","23,1",06:38,"27,3",14:27,02,"8,3","13,3",15:29,"10,5","1016,2",Varias,"1013,2",16,79,88,Varias,65,17:01,Fuerteventura
2021-09-10,C249I,FUERTEVENTURA AEROPUERTO,LAS PALMAS,25,"25,0","0,0","22,9",05:57,"27,2",13:09,02,"7,2","11,7",01:37,"8,7","1015,5",Varias,"1013,2",04,79,88,03:24,70,13:10,Fuerteventura
2021-09-11,C249I,FUERTEVENTURA AEROPUERTO,LAS PALMAS,25,"24,4","0,0","22,4",06:24,"26,4",14:15,02,"4,7","8,3",Varias,"8,6","1015,2",00,"1011,9",18,81,89,Varias,73,11:35,Fuerteventura
2021-09-12,C249I,FUERTEVENTURA AEROPUERTO,LAS PALMAS,25,"25,6",Ip,"23,1",05:33,"28,0",11:14,24,"1,7","11,7",08:53,"0,6","1013,4",Varias,"1008,5",17,84,89,Varias,62,11:12,Fuerteventura
2021-09-13,C249I,FUERTEVENTURA AEROPUERTO,LAS PALMAS,25,"24,2","0,0","21,6",06:59,"26,8",13:59,31,"2,8","8,9",06:31,"3,5","1011,2",Varias,"1007,6",04,78,88,Varias,63,13:56,Fuerteventura
2021-09-14,C249I,FUERTEVENTURA AEROPUERTO,LAS PALMAS,25,"25,7","0,0","22,3",06:06,"29,1",11:26,30,"3,1","8,3",10:56,"8,1","1013,8",Varias,"1008,9",04,76,86,Varias,53,11:26,Fuerteventura
2021-09-15,C249I,FUERTEVENTURA AEROPUERTO,LAS PALMAS,25,"25,3","0,0","21,9",04:03,"28,7",13:51,03,"5,8","12,8",Varias,"8,1","1015,5",Varias,"1012,5",03,69,80,Varias,57,Varias,Fuerteventura
2021-09-16,C249I,FUERTEVENTURA AEROPUERTO,LAS PALMAS,25,"25,0","0,0","22,4",04:35,"27,6",11:52,99,"5,6","9,7",Varias,"9,8","1016,3",Varias,"1013,8",03,74,82,06:57,64,09:37,Fuerteventura
2021-09-17,C249I,FUERTEVENTURA AEROPUERTO,LAS PALMAS,25,"24,7","0,0","21,8",05:54,"27,6",14:04,04,"6,1","11,7",Varias,"9,6","1015,9",00,"1011,7",17,73,79,Varias,63,13:43,Fuerteventura
2021-09-18,C249I,FUERTEVENTURA AEROPUERTO,LAS PALMAS,25,"24,6","0,0","21,8",06:33,"27,3",13:30,99,"6,4","10,8",Varias,"9,9","1015,9",Varias,"1012,6",03,72,81,Varias,60,13:37,Fuerteventura
2021-09-19,C249I,FUERTEVENTURA AEROPUERTO,LAS PALMAS,25,"24,6","0,0","22,3",23:54,"27,0",13:18,03,"7,5","11,4",10:58,"7,3","1017,5",Varias,"1013,6",04,69,82,Varias,55,13:15,Fuerteventura
2021-09-20,C249I,FUERTEVENTURA AEROPUERTO,LAS PALMAS,25,"24,0","0,0","21,2",05:51,"26,8",10:29,35,"6,1","10,8",20:47,"3,9","1017,2",Varias,"1014,4",17,66,75,Varias,49,09:45,Fuerteventura
2021-09-21,C249I,FUERTEVENTURA AEROPUERTO,LAS PALMAS,25,"24,0","0,0","20,7",05:56,"27,3",11:28,99,"6,9","11,4",Varias,"9,5","1015,6",00,"1011,8",17,65,77,Varias,54,17:21,Fuerteventura
2021-09-22,C249I,FUERTEVENTURA AEROPUERTO,LAS PALMAS,25,"24,6","0,0","21,9",23:59,"27,2",13:16,03,"5,0","10,3",16:41,"7,4","1013,0",00,"1010,0",17,66,74,23:54,57,13:17,Fuerteventura
2021-09-23,C249I,FUERTEVENTURA AEROPUERTO,LAS PALMAS,25,"23,2","0,0","20,7",06:00,"25,7",14:14,99,"4,4","7,8",Varias,"5,1","1012,6",Varias,"1009,9",04,72,81,Varias,65,15:26,Fuerteventura
2021-09-24,C249I,FUERTEVENTURA AEROPUERTO,LAS PALMAS,25,"23,6","0,0","20,7",06:30,"26,5",13:19,99,"5,8","9,2",Varias,"10,8","1015,1",Varias,"1011,5",03,69,81,Varias,59,15:52,Fuerteventura
2021-09-25,C249I,FUERTEVENTURA AEROPUERTO,LAS PALMAS,25,"23,5","0,0","20,6",06:40,"26,4",13:59,99,"5,6","8,9",Varias,"10,3","1016,0",Varias,"1013,9",16,69,77,Varias,59,13:59,Fuerteventura
2021-09-26,C249I,FUERTEVENTURA AEROPUERTO,LAS PALMAS,25,"24,2","0,0","22,1",04:53,"26,4",12:28,03,"5,8","10,3",Varias,"9,7","1017,1",Varias,"1014,7",04,74,87,Varias,66,12:35,Fuerteventura
2021-09-27,C249I,FUERTEVENTURA AEROPUERTO,LAS PALMAS,25,"24,6","0,0","22,6",03:46,"26,6",14:12,99,"8,1","11,7",Varias,"4,8","1018,6",Varias,"1016,0",04,78,87,00:19,70,12:38,Fuerteventura
2021-09-28,C249I,FUERTEVENTURA AEROPUERTO,LAS PALMAS,25,"24,4","0,0","22,4",23:49,"26,4",Varias,02,"10,6","15,0",20:27,"8,9","1018,7",Varias,"1016,0",04,74,86,00:01,65,13:43,Fuerteventura
2021-09-29,C249I,FUERTEVENTURA AEROPUERTO,LAS PALMAS,25,"24,4","0,0","22,2",01:11,"26,5",Varias,03,"11,1","16,1",08:00,"9,2","1017,3",00,"1014,5",15,69,80,Varias,60,11:01,Fuerteventura
2021-09-30,C249I,FUERTEVENTURA AEROPUERTO,LAS PALMAS,25,"24,8","0,0","22,8",Varias,"26,7",13:03,99,"6,9","12,8",Varias,"8,0","1015,2",00,"1012,1",17,78,87,Varias,72,10:22,Fuerteventura
2021-10-01,C249I,FUERTEVENTURA AEROPUERTO,LAS PALMAS,25,"24,0","0,0","21,2",07:26,"26,8",13:36,99,"5,3","10,8",Varias,"9,8","1015,5",Varias,"1012,0",05,81,89,Varias,75,13:49,Fuerteventura
2021-10-02,C249I,FUERTEVENTURA AEROPUERTO,LAS PALMAS,25,"24,6","0,0","21,8",23:58,"27,4",09:29,99,"6,7","10,3",Varias,"10,2","1014,8",Varias,"1012,1",06,82,90,Varias,59,09:27,Fuerteventura
2021-10-03,C249I,FUERTEVENTURA AEROPUERTO,LAS PALMAS,25,,"0,0",,,,,,,,,,,,,,,,,,,Fuerteventura
2021-10-04,C249I,FUERTEVENTURA AEROPUERTO,LAS PALMAS,25,,"0,0",,,,,,,,,,,,,,,,,,,Fuerteventura
2021-10-05,C249I,FUERTEVENTURA AEROPUERTO,LAS PALMAS,25,"23,0","0,0","20,2",05:13,"25,8",12:57,02,"7,5","12,8",01:39,"6,4","1016,6",Varias,"1012,9",16,69,77,19:27,60,12:58,Fuerteventura
2021-10-06,C249I,FUERTEVENTURA AEROPUERTO,LAS PALMAS,25,"24,5","0,0","22,1",04:09,"26,9",14:34,02,"3,9","11,7",14:42,"9,5","1015,3",Varias,"1012,7",15,72,81,Varias,64,09:39,Fuerteventura
2021-10-07,C249I,FUERTEVENTURA AEROPUERTO,LAS PALMAS,25,"22,6","0,0","19,3",06:40,"25,8",12:41,99,"4,4","8,3",Varias,"8,1","1015,4",Varias,"1013,2",04,76,82,06:30,69,12:26,Fuerteventura
2021-10-08,C249I,FUERTEVENTURA AEROPUERTO,LAS PALMAS,25,"23,2","0,0","21,1",04:42,"25,4",13:34,99,"6,1","9,2",Varias,"8,1","1015,6",Varias,"1013,0",16,75,81,Varias,66,12:25,Fuerteventura
2021-10-09,C249I,FUERTEVENTURA AEROPUERTO,LAS PALMAS,25,"24,6","0,0","21,0",06:03,"28,2",13:59,02,"7,8","15,0",12:55,"8,3","1015,0",Varias,"1011,8",16,67,81,Varias,54,13:59,Fuerteventura
2021-10-10,C249I,FUERTEVENTURA AEROPUERTO,LAS PALMAS,25,"24,2","0,0","20,9",06:21,"27,4",16:15,34,"7,5","12,8",16:27,"7,2","1012,4",00,"1009,6",15,69,81,Varias,54,16:16,Fuerteventura
2021-10-11,C249I,FUERTEVENTURA AEROPUERTO,LAS PALMAS,25,"23,7","0,0","20,5",23:57,"26,9",14:04,04,"5,0","11,4",15:49,"2,4","1013,4",Varias,"1009,9",03,59,72,Varias,50,14:06,Fuerteventura
2021-10-12,C249I,FUERTEVENTURA AEROPUERTO,LAS PALMAS,25,"22,9","0,0","19,3",01:20,"26,5",14:09,04,"5,3","11,4",15:12,"9,0","1014,0",Varias,"1011,3",15,64,74,Varias,51,14:01,Fuerteventura
2021-10-13,C249I,FUERTEVENTURA AEROPUERTO,LAS PALMAS,25,"23,0","0,0","19,8",04:34,"26,3",14:26,03,"5,3","10,3",19:33,"8,3","1014,4",Varias,"1012,2",16,71,79,Varias,56,14:19,Fuerteventura
2021-10-14,C249I,FUERTEVENTURA AEROPUERTO,LAS PALMAS,25,"23,3","0,0","20,7",03:03,"25,9",13:53,04,"5,8","10,3",17:28,"10,0","1015,1",Varias,"1012,3",17,69,77,21:55,60,09:21,Fuerteventura
2021-10-15,C249I,FUERTEVENTURA AEROPUERTO,LAS PALMAS,25,"24,0","0,0","22,0",06:34,"25,9",13:36,02,"5,8","9,2",01:22,"6,7","1015,3",Varias,"1012,8",05,74,85,Varias,66,11:51,Fuerteventura
2021-10-16,C249I,FUERTEVENTURA AEROPUERTO,LAS PALMAS,25,"23,2","0,0","20,6",07:02,"25,7",14:29,99,"4,4","7,8",Varias,"9,2","1014,5",00,"1012,0",15,82,88,Varias,74,14:30,Fuerteventura
2021-10-17,C249I,FUERTEVENTURA AEROPUERTO,LAS PALMAS,25,"22,4",Ip,"18,9",07:05,"25,8",12:56,35,"3,9","6,7",07:35,"9,9","1014,4",Varias,"1012,2",16,83,91,20:14,69,22:34,Fuerteventura
2021-10-18,C249I,FUERTEVENTURA AEROPUERTO,LAS PALMAS,25,"23,2","0,0","20,9",02:37,"25,4",13:33,02,"4,2","6,7",23:50,"9,5","1015,6",Varias,"1012,9",15,84,90,Varias,77,12:38,Fuerteventura
2021-10-19,C249I,FUERTEVENTURA AEROPUERTO,LAS PALMAS,25,"23,2","0,0","21,4",Varias,"24,9",14:26,03,"4,7","7,8",18:03,"3,8","1016,4",Varias,"1013,1",04,82,89,Varias,74,12:02,Fuerteventura
2021-10-20,C249I,FUERTEVENTURA AEROPUERTO,LAS PALMAS,25,"23,0","0,0","21,2",01:06,"24,8",14:26,99,"5,6","9,7",Varias,"5,4","1018,2",Varias,"1014,9",04,80,89,01:16,72,14:09,Fuerteventura
2021-10-21,C249I,FUERTEVENTURA AEROPUERTO,LAS PALMAS,25,"23,1","0,0","20,5",06:54,"25,7",11:57,99,"6,9","11,4",Varias,"6,9","1018,2",Varias,"1015,7",05,79,86,Varias,72,12:56,Fuerteventura
2021-10-22,C249I,FUERTEVENTURA AEROPUERTO,LAS PALMAS,25,"22,6","0,0","20,6",06:11,"24,7",12:23,99,"5,8","11,7",Varias,"1,0","1016,9",Varias,"1013,7",18,72,84,Varias,59,12:25,Fuerteventura
2021-10-23,C249I,FUERTEVENTURA AEROPUERTO,LAS PALMAS,25,"23,2","0,0","20,8",00:52,"25,6",13:09,02,"7,5","12,8",03:34,"2,8","1015,8",22,"1013,1",04,60,74,00:09,49,11:32,Fuerteventura
2021-10-24,C249I,FUERTEVENTURA AEROPUERTO,LAS PALMAS,25,"22,6","0,0","19,9",06:40,"25,3",12:18,01,"4,7","9,7",00:44,"7,3","1017,2",Varias,"1014,2",04,65,73,Varias,55,12:02,Fuerteventura
2021-10-25,C249I,FUERTEVENTURA AEROPUERTO,LAS PALMAS,25,"22,7","0,2","20,1",Varias,"25,3",14:19,99,"4,4","8,3",Varias,"7,7","1016,3",Varias,"1013,8",16,75,83,Varias,62,12:36,Fuerteventura
2021-10-26,C249I,FUERTEVENTURA AEROPUERTO,LAS PALMAS,25,"22,2",Ip,"19,3",06:51,"25,1",13:24,99,"6,7","11,4",Varias,"8,6","1016,7",Varias,"1013,6",18,69,80,Varias,57,12:01,Fuerteventura
2021-10-27,C249I,FUERTEVENTURA AEROPUERTO,LAS PALMAS,25,"21,6","0,0","18,4",05:00,"24,9",12:44,03,"5,3","9,7",15:45,"7,3","1016,1",00,"1012,3",16,65,75,07:49,53,11:42,Fuerteventura
2021-10-28,C249I,FUERTEVENTURA AEROPUERTO,LAS PALMAS,25,"22,6","0,0","18,6",06:40,"26,6",13:10,99,"6,7","11,4",17:02,"6,2","1015,7",Varias,"1012,9",15,64,78,Varias,50,11:52,Fuerteventura
2021-10-29,C249I,FUERTEVENTURA AEROPUERTO,LAS PALMAS,25,"21,2","0,0","18,3",06:58,"24,1",Varias,99,"4,7","7,8",Varias,"9,6","1016,6",Varias,"1013,5",16,72,81,Varias,61,09:50,Fuerteventura
2021-10-30,C249I,FUERTEVENTURA AEROPUERTO,LAS PALMAS,25,"20,4","0,0","17,5",05:01,"23,4",13:19,01,"4,2","7,8",09:28,"10,3","1018,4",Varias,"1014,9",03,72,83,Varias,62,12:55,Fuerteventura
2021-10-31,C249I,FUERTEVENTURA AEROPUERTO,LAS PALMAS,25,"21,8","0,0","19,7",03:31,"23,8",15:08,05,"4,7","8,3",Varias,"8,9","1020,0",Varias,"1017,2",16,77,86,Varias,69,11:41,Fuerteventura
2021-11-01,C249I,FUERTEVENTURA AEROPUERTO,LAS PALMAS,25,"22,2","0,0","20,1",03:32,"24,2",13:49,04,"5,6","10,3",20:05,"9,6","1019,1",00,"1016,2",16,73,84,00:40,65,13:50,Fuerteventura
2021-11-02,C249I,FUERTEVENTURA AEROPUERTO,LAS PALMAS,25,"22,2","0,0","19,5",06:15,"24,9",13:21,02,"4,7","8,9",19:22,"8,1","1017,5",Varias,"1014,2",15,80,84,Varias,72,14:04,Fuerteventura
2021-11-03,C249I,FUERTEVENTURA AEROPUERTO,LAS PALMAS,25,"22,2","0,0","19,5",07:10,"25,0",Varias,99,"5,6","8,9",Varias,"7,7","1015,8",Varias,"1012,2",18,71,84,Varias,59,12:54,Fuerteventura
2021-11-04,C249I,FUERTEVENTURA AEROPUERTO,LAS PALMAS,25,"22,4","0,0","20,0",22:31,"24,9",11:23,99,"6,4","12,5",Varias,"4,5","1015,1",Varias,"1011,2",05,78,82,Varias,68,21:54,Fuerteventura
2021-11-05,C249I,FUERTEVENTURA AEROPUERTO,LAS PALMAS,25,"21,5","0,0","19,0",04:39,"24,0",11:56,02,"7,5","16,1",22:40,"4,2","1016,8",Varias,"1014,1",16,64,76,00:51,46,11:08,Fuerteventura
2021-11-06,C249I,FUERTEVENTURA AEROPUERTO,LAS PALMAS,25,"21,0","0,0","18,9",02:18,"23,1",Varias,99,"11,4","17,5",Varias,"7,4","1016,7",Varias,"1013,7",15,61,71,Varias,54,13:29,Fuerteventura
2021-11-07,C249I,FUERTEVENTURA AEROPUERTO,LAS PALMAS,25,"20,8","0,0","19,1",06:15,"22,5",13:49,03,"11,4","16,4",11:45,"7,5","1016,8",Varias,"1013,6",16,60,71,Varias,48,14:49,Fuerteventura
2021-11-08,C249I,FUERTEVENTURA AEROPUERTO,LAS PALMAS,25,"20,9","0,0","19,0",06:51,"22,8",12:53,03,"8,3","15,3",00:03,"9,2","1016,9",Varias,"1014,2",15,60,72,00:41,53,10:53,Fuerteventura
2021-11-09,C249I,FUERTEVENTURA AEROPUERTO,LAS PALMAS,25,"20,0","0,0","17,2",05:04,"22,9",11:47,99,"5,0","9,2",Varias,"8,9","1015,4",Varias,"1012,4",15,65,74,05:18,54,11:50,Fuerteventura
2021-11-10,C249I,FUERTEVENTURA AEROPUERTO,LAS PALMAS,25,"20,2","0,0","17,7",02:00,"22,8",12:43,04,"3,9","9,2",08:14,"8,3","1015,3",Varias,"1012,4",04,69,77,Varias,57,12:57,Fuerteventura
2021-11-11,C249I,FUERTEVENTURA AEROPUERTO,LAS PALMAS,25,"20,8","0,0","19,8",Varias,"21,9",13:08,99,"3,3","8,9",Varias,"0,6","1016,3",Varias,"1013,1",04,76,81,Varias,72,00:14,Fuerteventura
2021-11-12,C249I,FUERTEVENTURA AEROPUERTO,LAS PALMAS,25,"20,9","0,0","18,2",07:25,"23,6",14:21,06,"5,0","10,3",14:11,"5,4","1014,7",00,"1011,3",17,75,83,Varias,64,16:04,Fuerteventura
2021-11-13,C249I,FUERTEVENTURA AEROPUERTO,LAS PALMAS,25,"20,4","0,0","17,3",23:54,"23,5",13:40,32,"5,8","11,4",17:36,"7,5","1013,1",Varias,"1010,5",15,63,75,Varias,53,17:24,Fuerteventura
2021-11-14,C249I,FUERTEVENTURA AEROPUERTO,LAS PALMAS,25,"19,4","0,0","15,4",04:52,"23,3",13:17,04,"4,7","9,2",14:03,"9,5","1016,5",Varias,"1012,3",04,72,80,07:04,63,13:20,Fuerteventura
2021-11-15,C249I,FUERTEVENTURA AEROPUERTO,LAS PALMAS,25,"19,5","0,0","16,4",Varias,"22,6",14:05,99,"3,6","9,2",Varias,"9,7","1017,4",Varias,"1014,2",15,73,82,05:55,65,14:48,Fuerteventura
2021-11-16,C249I,FUERTEVENTURA AEROPUERTO,LAS PALMAS,25,"20,3","0,0","17,6",Varias,"23,0",14:01,04,"4,7","7,8",16:31,"7,9","1014,6",00,"1011,4",15,71,80,Varias,62,15:07,Fuerteventura
2021-11-17,C249I,FUERTEVENTURA AEROPUERTO,LAS PALMAS,25,"20,1","0,0","17,0",Varias,"23,2",12:47,99,"4,7","9,2",Varias,"7,1","1012,8",00,"1009,3",17,61,72,23:52,48,13:38,Fuerteventura
2021-11-18,C249I,FUERTEVENTURA AEROPUERTO,LAS PALMAS,25,"19,0","0,0","15,9",07:11,"22,1",13:30,99,"2,5","7,8",Varias,"6,6","1010,9",Varias,"1008,9",14,65,75,Varias,55,13:33,Fuerteventura
2021-11-19,C249I,FUERTEVENTURA AEROPUERTO,LAS PALMAS,25,"18,4","0,0","14,4",07:16,"22,4",17:09,29,"3,9","8,9",17:27,"7,1","1015,7",Varias,"1009,7",04,67,80,Varias,52,17:06,Fuerteventura
2021-11-20,C249I,FUERTEVENTURA AEROPUERTO,LAS PALMAS,25,"18,4","0,0","14,3",06:33,"22,4",13:28,30,"2,5","7,8",20:21,"8,9","1016,6",Varias,"1013,7",17,71,80,Varias,62,13:03,Fuerteventura
2021-11-21,C249I,FUERTEVENTURA AEROPUERTO,LAS PALMAS,25,"18,8","0,0","15,7",07:08,"22,0",14:00,28,"0,8","5,8",07:19,"8,0","1014,3",00,"1010,3",15,78,86,07:20,70,11:28,Fuerteventura
2021-11-22,C249I,FUERTEVENTURA AEROPUERTO,LAS PALMAS,25,"19,7","0,0","16,4",04:44,"23,0",14:13,28,"3,3","7,8",07:29,"4,7","1013,7",Varias,"1010,9",15,74,82,Varias,64,15:39,Fuerteventura
2021-11-23,C249I,FUERTEVENTURA AEROPUERTO,LAS PALMAS,25,"19,6","0,0","16,6",07:25,"22,6",13:35,99,"2,5","5,8",Varias,"4,4","1016,8",Varias,"1012,2",05,80,84,07:53,73,01:55,Fuerteventura
2021-11-24,C249I,FUERTEVENTURA AEROPUERTO,LAS PALMAS,25,"19,6","0,0","16,6",Varias,"22,6",14:57,99,"3,6","8,9",Varias,"7,2","1017,4",Varias,"1014,8",17,82,90,07:30,73,23:51,Fuerteventura
2021-11-25,C249I,FUERTEVENTURA AEROPUERTO,LAS PALMAS,25,"20,1","0,0","18,5",04:30,"21,7",12:41,05,"5,0","10,3",15:30,"0,5","1016,3",00,"1010,5",16,64,74,00:00,54,12:42,Fuerteventura
2021-11-26,C249I,FUERTEVENTURA AEROPUERTO,LAS PALMAS,25,"17,6","0,6","15,8",21:07,"19,3",04:03,02,"4,2","13,3",20:28,"0,0","1013,4",Varias,"1009,2",05,75,83,22:27,66,14:30,Fuerteventura
2021-11-27,C249I,FUERTEVENTURA AEROPUERTO,LAS PALMAS,25,"18,6","0,7","14,7",06:53,"22,6",14:09,01,"8,3","16,1",16:15,"7,4","1018,6",Varias,"1012,8",04,60,80,08:02,42,13:15,Fuerteventura
2021-11-28,C249I,FUERTEVENTURA AEROPUERTO,LAS PALMAS,25,"19,3",Ip,"16,1",05:44,"22,5",12:27,99,"9,2","16,1",Varias,"6,7","1022,6",Varias,"1017,5",03,68,90,02:54,47,12:34,Fuerteventura
2021-11-29,C249I,FUERTEVENTURA AEROPUERTO,LAS PALMAS,25,"19,6","0,0","17,8",Varias,"21,3",13:20,99,"11,4","16,9",07:08,"5,7","1023,4",Varias,"1019,9",16,63,72,Varias,56,11:40,Fuerteventura
2021-11-30,C249I,FUERTEVENTURA AEROPUERTO,LAS PALMAS,25,"19,4","0,0","17,1",01:00,"21,8",12:08,03,"5,6","11,4",00:29,"8,9","1022,9",Varias,"1019,3",16,67,74,Varias,58,12:05,Fuerteventura
2021-12-01,C249I,FUERTEVENTURA AEROPUERTO,LAS PALMAS,25,"18,6","0,0","15,9",06:32,"21,2",13:30,03,"4,2","12,5",23:31,"9,3","1022,5",Varias,"1019,4",05,71,79,07:24,60,13:38,Fuerteventura
2021-12-02,C249I,FUERTEVENTURA AEROPUERTO,LAS PALMAS,25,"20,4","0,0","18,2",05:06,"22,5",13:01,99,"9,2","15,0",Varias,"5,5","1021,6",Varias,"1018,0",17,67,72,04:52,56,13:36,Fuerteventura
2021-12-03,C249I,FUERTEVENTURA AEROPUERTO,LAS PALMAS,25,"19,3","0,0","17,0",04:53,"21,6",12:18,03,"11,9","18,1",04:47,"5,2","1019,5",Varias,"1016,3",15,65,84,04:57,53,10:03,Fuerteventura
2021-12-04,C249I,FUERTEVENTURA AEROPUERTO,LAS PALMAS,25,"19,6","0,0","17,8",23:46,"21,5",14:37,03,"6,9","11,7",23:10,"9,3","1022,9",Varias,"1019,0",04,55,80,Varias,34,13:16,Fuerteventura
2021-12-05,C249I,FUERTEVENTURA AEROPUERTO,LAS PALMAS,25,"19,5","0,0","17,6",Varias,"21,4",13:43,04,"9,4","13,9",Varias,"4,7","1023,3",Varias,"1020,2",16,68,78,00:46,60,12:54,Fuerteventura
2021-12-06,C249I,FUERTEVENTURA AEROPUERTO,LAS PALMAS,25,"19,0","0,0","17,6",23:51,"20,3",12:00,03,"9,7","15,3",04:18,"0,7","1021,9",Varias,"1018,8",16,69,78,Varias,65,12:07,Fuerteventura
2021-12-07,C249I,FUERTEVENTURA AEROPUERTO,LAS PALMAS,25,"18,5","0,0","16,7",07:53,"20,3",Varias,99,"3,9","8,9",Varias,"1,3","1022,7",Varias,"1019,5",03,78,85,Varias,74,12:49,Fuerteventura
2021-12-08,C249I,FUERTEVENTURA AEROPUERTO,LAS PALMAS,25,"19,4","0,3","17,8",08:16,"20,9",12:05,03,"7,5","11,7",Varias,"3,2","1023,2",Varias,"1019,8",03,72,85,00:00,63,19:46,Fuerteventura
2021-12-09,C249I,FUERTEVENTURA AEROPUERTO,LAS PALMAS,25,"19,4","0,0","17,4",05:48,"21,3",14:34,03,"10,8","18,1",Varias,"2,8","1022,0",00,"1018,2",16,71,88,Varias,57,14:33,Fuerteventura
2021-12-10,C249I,FUERTEVENTURA AEROPUERTO,LAS PALMAS,25,"19,7","0,0","18,0",Varias,"21,4",13:33,04,"10,3","16,1",06:41,"8,1","1021,4",Varias,"1018,3",04,78,84,20:33,72,11:57,Fuerteventura
2021-12-11,C249I,FUERTEVENTURA AEROPUERTO,LAS PALMAS,25,"19,4","0,0","17,9",Varias,"20,8",14:36,05,"8,3","12,8",19:41,"3,0","1019,8",00,"1015,7",Varias,73,83,01:12,62,15:23,Fuerteventura
2021-12-12,C249I,FUERTEVENTURA AEROPUERTO,LAS PALMAS,25,"18,8","0,0","17,1",23:39,"20,5",14:24,99,"4,2","10,3",Varias,"8,0","1017,6",Varias,"1014,9",05,77,88,23:59,71,00:00,Fuerteventura
2021-12-13,C249I,FUERTEVENTURA AEROPUERTO,LAS PALMAS,25,"18,4","0,0","15,6",04:22,"21,3",12:00,99,"3,6","6,1",Varias,"9,0","1018,5",Varias,"1015,1",16,72,92,Varias,54,13:41,Fuerteventura
2021-12-14,C249I,FUERTEVENTURA AEROPUERTO,LAS PALMAS,25,"17,8","0,0","13,9",05:37,"21,8",17:15,23,"4,2","11,4",16:20,"4,9","1016,0",Varias,"1011,5",18,52,78,Varias,29,17:41,Fuerteventura
2021-12-15,C249I,FUERTEVENTURA AEROPUERTO,LAS PALMAS,25,"17,4","0,0","14,9",00:17,"19,9",13:54,16,"5,0","12,8",05:52,"4,1","1012,9",Varias,"1009,9",05,51,63,02:08,43,00:00,Fuerteventura
2021-12-16,C249I,FUERTEVENTURA AEROPUERTO,LAS PALMAS,25,"16,2","0,0","12,9",07:07,"19,4",Varias,99,"1,9","8,3",Varias,"8,6","1013,7",Varias,"1010,9",16,56,74,Varias,41,04:04,Fuerteventura
2021-12-17,C249I,FUERTEVENTURA AEROPUERTO,LAS PALMAS,25,"16,5","0,0","12,5",07:28,"20,5",14:15,99,"2,5","6,1",Varias,"8,3","1015,3",Varias,"1012,5",15,57,73,Varias,42,12:45,Fuerteventura
2021-12-18,C249I,FUERTEVENTURA AEROPUERTO,LAS PALMAS,25,"17,7","0,0","14,3",23:52,"21,1",13:08,31,"5,3","10,3",19:30,"9,1","1013,5",Varias,"1010,4",16,58,82,16:27,47,11:14,Fuerteventura
2021-12-19,C249I,FUERTEVENTURA AEROPUERTO,LAS PALMAS,25,"17,8",Ip,"13,1",01:43,"22,6",12:33,23,"5,8","13,9",12:15,"3,6","1015,8",Varias,"1012,8",03,79,86,Varias,66,14:14,Fuerteventura
2021-12-20,C249I,FUERTEVENTURA AEROPUERTO,LAS PALMAS,25,"19,2","0,0","15,4",06:59,"23,0",12:51,,"3,3",,,"8,2",,,,,75,90,Varias,58,18:35,Fuerteventura
2021-12-21,C249I,FUERTEVENTURA AEROPUERTO,LAS PALMAS,25,,"0,0",,,,,,"5,8",,,"0,5","1016,4",Varias,"1013,3",07,59,,,,,Fuerteventura
2021-12-22,C249I,FUERTEVENTURA AEROPUERTO,LAS PALMAS,25,"18,9","0,0","15,3",07:42,"22,5",14:06,28,"2,2","7,8",20:05,"9,1","1018,5",Varias,"1016,0",01,81,89,07:26,66,00:56,Fuerteventura
2021-12-23,C249I,FUERTEVENTURA AEROPUERTO,LAS PALMAS,25,"18,6",Ip,"16,1",01:53,"21,0",15:18,28,"1,7","5,8",21:18,"5,5","1018,5",Varias,"1015,0",18,80,86,Varias,73,13:12,Fuerteventura
2021-12-24,C249I,FUERTEVENTURA AEROPUERTO,LAS PALMAS,25,"17,6","0,0","14,1",06:22,"21,0",14:40,29,"2,2","5,0",08:38,"8,7","1016,3",Varias,"1013,2",15,83,92,Varias,75,22:02,Fuerteventura
2021-12-25,C249I,FUERTEVENTURA AEROPUERTO,LAS PALMAS,25,"19,5","0,0","16,4",05:32,"22,6",12:47,30,"2,2","10,3",12:07,"5,6","1017,4",Varias,"1013,9",02,79,88,Varias,59,12:38,Fuerteventura
2021-12-26,C249I,FUERTEVENTURA AEROPUERTO,LAS PALMAS,25,"19,2",Ip,"16,4",03:58,"22,0",12:47,32,"1,9","7,2",07:42,"3,2","1018,4",Varias,"1015,7",14,82,90,23:46,75,12:57,Fuerteventura
2021-12-27,C249I,FUERTEVENTURA AEROPUERTO,LAS PALMAS,25,"20,0","0,0","18,3",07:12,"21,8",14:50,99,"4,4","8,3",Varias,"3,3","1020,2",Varias,"1017,0",03,81,91,06:55,68,13:53,Fuerteventura
2021-12-28,C249I,FUERTEVENTURA AEROPUERTO,LAS PALMAS,25,"20,0","0,0","18,8",Varias,"21,2",14:47,06,"5,0","10,3",05:39,"2,3","1020,8",Varias,"1017,6",16,77,86,Varias,70,15:03,Fuerteventura
2021-12-29,C249I,FUERTEVENTURA AEROPUERTO,LAS PALMAS,25,"18,2","0,0","16,0",23:54,"20,4",15:17,99,"2,2","6,1",Varias,"6,7","1019,5",00,"1015,2",17,82,87,Varias,79,Varias,Fuerteventura
2021-12-30,C249I,FUERTEVENTURA AEROPUERTO,LAS PALMAS,25,"21,0","0,0","15,0",07:54,"26,9",15:35,18,"4,2","8,9",15:20,,"1018,3",Varias,"1015,2",16,45,88,00:27,22,16:40,Fuerteventura
2021-12-31,C249I,FUERTEVENTURA AEROPUERTO,LAS PALMAS,25,"19,0","0,0","14,8",07:56,"23,1",12:25,99,"2,2","5,0",Varias,"9,6","1019,5",Varias,"1016,9",05,55,69,08:13,34,21:52,Fuerteventura
2022-01-01,C249I,FUERTEVENTURA AEROPUERTO,LAS PALMAS,25,"18,8","0,0","14,7",07:46,"23,0",16:20,32,"3,3","6,7",08:45,"9,7","1021,8",23,"1018,8",05,66,78,Varias,32,22:45,Fuerteventura
2022-01-02,C249I,FUERTEVENTURA AEROPUERTO,LAS PALMAS,25,"19,1","0,0","13,9",07:39,"24,3",12:51,29,"2,8","7,2",08:21,"9,6","1024,0",Varias,"1020,9",16,68,83,Varias,32,12:46,Fuerteventura
2022-01-03,C249I,FUERTEVENTURA AEROPUERTO,LAS PALMAS,25,"18,2","0,0","14,5",07:53,"21,9",13:26,30,"3,1","6,1",21:22,"9,0","1023,0",Varias,"1019,4",17,81,93,08:33,39,22:18,Fuerteventura
2022-01-04,C249I,FUERTEVENTURA AEROPUERTO,LAS PALMAS,25,"17,6","0,0","14,0",01:22,"21,3",13:42,02,"3,6","10,3",21:08,"9,4","1021,4",Varias,"1018,8",16,82,91,08:09,40,00:24,Fuerteventura
2022-01-05,C249I,FUERTEVENTURA AEROPUERTO,LAS PALMAS,25,"18,8","0,0","16,2",01:10,"21,4",13:55,02,"7,8","15,0",21:00,"5,0","1021,4",Varias,"1018,4",16,69,85,Varias,53,14:43,Fuerteventura
2022-01-06,C249I,FUERTEVENTURA AEROPUERTO,LAS PALMAS,25,"19,2","0,0","17,1",06:45,"21,4",13:44,02,"9,4","15,3",11:23,"5,2","1019,7",Varias,"1017,2",15,64,79,23:59,55,13:30,Fuerteventura
2022-01-07,C249I,FUERTEVENTURA AEROPUERTO,LAS PALMAS,25,"19,3","0,0","17,7",21:28,"20,9",13:43,99,"11,4","16,4",Varias,"3,5","1019,7",Varias,"1016,2",17,67,80,00:10,60,13:55,Fuerteventura
2022-01-08,C249I,FUERTEVENTURA AEROPUERTO,LAS PALMAS,25,"19,2","0,0","17,6",05:56,"20,9",11:35,04,"6,4","13,9",00:35,"7,4","1020,4",Varias,"1017,5",16,65,82,Varias,44,16:01,Fuerteventura
2022-01-09,C249I,FUERTEVENTURA AEROPUERTO,LAS PALMAS,25,"17,1","0,0","13,4",07:34,"20,8",13:21,15,"3,1","10,8",09:31,"6,0","1022,4",Varias,"1018,7",19,57,78,05:34,37,14:44,Fuerteventura
2022-01-10,C249I,FUERTEVENTURA AEROPUERTO,LAS PALMAS,25,"17,2","0,0","14,6",23:57,"19,7",11:56,10,"2,2","6,7",07:01,"0,0","1019,6",00,"1014,4",17,66,80,Varias,48,16:44,Fuerteventura
2022-01-11,C249I,FUERTEVENTURA AEROPUERTO,LAS PALMAS,25,"16,7","0,0","12,5",05:34,"20,9",12:35,99,"3,9","8,3",Varias,"9,5","1016,7",Varias,"1013,9",05,69,79,Varias,54,15:40,Fuerteventura
2022-01-12,C249I,FUERTEVENTURA AEROPUERTO,LAS PALMAS,25,"17,6","0,0","14,9",07:48,"20,4",12:45,99,"3,9","8,3",Varias,"9,3","1018,0",Varias,"1014,9",15,71,79,Varias,64,13:44,Fuerteventura
2022-01-13,C249I,FUERTEVENTURA AEROPUERTO,LAS PALMAS,25,"17,4","0,0","14,5",07:50,"20,3",13:31,03,"3,1","6,1",Varias,"9,2","1018,1",Varias,"1015,3",05,74,85,Varias,44,23:15,Fuerteventura
2022-01-14,C249I,FUERTEVENTURA AEROPUERTO,LAS PALMAS,25,"18,0","0,0","14,5",08:04,"21,5",14:49,99,"3,3","7,2",Varias,"7,5","1020,1",Varias,"1016,9",05,47,69,Varias,34,13:54,Fuerteventura
2022-01-15,C249I,FUERTEVENTURA AEROPUERTO,LAS PALMAS,25,"18,6","0,0","17,0",07:51,"20,2",14:05,99,"6,4","11,4",05:24,"6,0","1022,5",24,"1017,1",18,47,70,Varias,35,13:40,Fuerteventura
2022-01-16,C249I,FUERTEVENTURA AEROPUERTO,LAS PALMAS,25,"18,4",Ip,"16,6",07:32,"20,2",Varias,13,"6,4","11,7",09:07,"5,0","1021,2",Varias,"1016,4",00,46,66,Varias,37,02:43,Fuerteventura
2022-01-17,C249I,FUERTEVENTURA AEROPUERTO,LAS PALMAS,25,"17,4","4,8","15,0",21:10,"19,7",00:30,14,"5,6","13,9",Varias,"0,6","1023,4",12,"1018,1",06,61,80,20:59,45,05:11,Fuerteventura
2022-01-18,C249I,FUERTEVENTURA AEROPUERTO,LAS PALMAS,25,"16,2",Ip,"14,3",03:37,"18,0",20:30,99,"5,0","9,7",Varias,"3,2","1021,3",Varias,"1018,7",17,72,83,Varias,57,02:43,Fuerteventura
2022-01-19,C249I,FUERTEVENTURA AEROPUERTO,LAS PALMAS,25,"18,3","0,0","16,3",Varias,"20,3",15:30,15,"4,7","10,8",10:03,"6,7","1021,9",Varias,"1017,2",18,50,66,Varias,37,14:14,Fuerteventura
2022-01-20,C249I,FUERTEVENTURA AEROPUERTO,LAS PALMAS,25,"19,0","0,0","17,3",06:12,"20,6",22:00,12,"3,6","10,8",00:45,"1,2","1018,3",00,"1011,6",18,50,62,Varias,40,11:28,Fuerteventura
2022-01-21,C249I,FUERTEVENTURA AEROPUERTO,LAS PALMAS,25,"18,2","0,0","14,5",23:46,"21,8",17:44,25,"2,5","8,3",17:41,"0,4","1012,1",00,"1008,5",15,49,63,Varias,40,17:42,Fuerteventura
2022-01-22,C249I,FUERTEVENTURA AEROPUERTO,LAS PALMAS,25,"18,8","0,0","13,1",04:59,"24,4",14:48,24,"2,2","11,7",15:07,"6,0","1015,9",Varias,"1010,2",03,64,84,Varias,51,14:52,Fuerteventura
2022-01-23,C249I,FUERTEVENTURA AEROPUERTO,LAS PALMAS,25,"16,7","0,0","13,0",05:03,"20,4",13:52,29,"3,3","7,2",Varias,"9,8","1019,2",Varias,"1014,9",02,81,88,08:14,75,15:05,Fuerteventura
2022-01-24,C249I,FUERTEVENTURA AEROPUERTO,LAS PALMAS,25,"17,6","0,0","14,4",05:11,"20,9",14:55,35,"3,1","10,3",18:16,"4,9","1020,4",Varias,"1017,6",16,80,87,Varias,70,20:04,Fuerteventura
2022-01-25,C249I,FUERTEVENTURA AEROPUERTO,LAS PALMAS,25,"18,6","0,0","16,0",06:30,"21,2",15:44,32,"6,9","12,8",16:17,"3,1","1020,3",00,"1016,7",16,63,80,Varias,45,15:39,Fuerteventura
2022-01-26,C249I,FUERTEVENTURA AEROPUERTO,LAS PALMAS,25,"17,0","0,0","13,5",08:06,"20,4",14:10,34,"4,7","15,0",01:10,"7,1","1017,3",Varias,"1014,1",15,67,77,Varias,56,13:15,Fuerteventura
2022-01-27,C249I,FUERTEVENTURA AEROPUERTO,LAS PALMAS,25,"15,4","7,6","13,7",22:29,"17,2",14:31,10,"4,2","9,2",06:43,"3,7","1015,9",Varias,"1012,7",16,73,85,Varias,67,17:30,Fuerteventura
2022-01-28,C249I,FUERTEVENTURA AEROPUERTO,LAS PALMAS,25,"17,1","0,0","13,8",00:00,"20,4",12:26,06,"6,4","10,3",13:04,"5,4","1014,6",00,"1011,9",18,68,83,Varias,46,15:03,Fuerteventura
2022-01-29,C249I,FUERTEVENTURA AEROPUERTO,LAS PALMAS,25,"18,0","0,0","16,4",23:49,"19,5",14:01,08,"4,7","11,4",06:39,"5,7","1016,3",Varias,"1011,9",05,61,83,Varias,47,10:25,Fuerteventura
2022-01-30,C249I,FUERTEVENTURA AEROPUERTO,LAS PALMAS,25,"16,2","0,0","12,4",08:21,"20,0",13:01,29,"2,5","8,9",23:42,"8,6","1016,7",Varias,"1013,3",05,70,87,07:30,45,16:43,Fuerteventura
2022-01-31,C249I,FUERTEVENTURA AEROPUERTO,LAS PALMAS,25,"17,7","0,0","13,1",05:37,"22,3",15:51,29,"2,8","9,7",Varias,"7,7","1019,3",Varias,"1015,9",01,56,72,00:30,41,19:25,Fuerteventura
2022-02-01,C249I,FUERTEVENTURA AEROPUERTO,LAS PALMAS,25,"19,5","0,1","17,5",06:59,"21,5",12:23,07,"3,9","8,9",02:09,"1,7","1019,1",Varias,"1016,4",16,65,72,Varias,42,02:29,Fuerteventura
2022-02-02,C249I,FUERTEVENTURA AEROPUERTO,LAS PALMAS,25,"21,6",Ip,"17,3",05:39,"25,9",12:50,99,"4,2","8,3",Varias,"7,0","1019,3",Varias,"1015,1",16,52,70,08:33,32,11:12,Fuerteventura
2022-02-03,C249I,FUERTEVENTURA AEROPUERTO,LAS PALMAS,25,"21,2","0,0","19,0",06:13,"23,5",14:03,34,"1,1","6,1",01:35,,"1018,4",Varias,"1014,5",17,54,75,00:54,36,15:44,Fuerteventura
2022-02-04,C249I,FUERTEVENTURA AEROPUERTO,LAS PALMAS,25,"19,7","0,0","17,3",03:21,"22,1",10:47,15,"3,1","8,3",05:53,"2,4","1017,8",Varias,"1014,7",16,53,65,Varias,34,07:44,Fuerteventura
2022-02-05,C249I,FUERTEVENTURA AEROPUERTO,LAS PALMAS,25,"18,6","0,0","14,9",07:40,"22,3",11:39,99,"3,9","7,2",Varias,"9,0","1015,9",00,"1013,1",15,64,86,Varias,41,11:27,Fuerteventura
2022-02-06,C249I,FUERTEVENTURA AEROPUERTO,LAS PALMAS,25,"19,5","0,0","17,4",02:50,"21,6",13:20,02,"7,2","12,5",19:19,"8,0","1016,5",Varias,"1013,4",04,82,90,Varias,74,14:30,Fuerteventura
2022-02-07,C249I,FUERTEVENTURA AEROPUERTO,LAS PALMAS,25,"19,4","0,0","17,8",Varias,"20,9",15:33,03,"6,1","11,4",00:35,"6,2","1016,6",Varias,"1012,8",17,83,88,Varias,75,22:47,Fuerteventura
2022-02-08,C249I,FUERTEVENTURA AEROPUERTO,LAS PALMAS,25,"19,7","0,0","15,8",04:44,"23,6",14:17,99,"1,9","9,2",Varias,"5,1","1015,5",Varias,"1012,7",16,49,78,00:30,42,10:13,Fuerteventura
2022-02-09,C249I,FUERTEVENTURA AEROPUERTO,LAS PALMAS,25,"21,2","0,0","17,6",04:43,"24,8",16:00,12,"1,7","10,8",01:01,"6,2","1019,3",Varias,"1015,0",01,40,72,Varias,33,14:08,Fuerteventura
2022-02-10,C249I,FUERTEVENTURA AEROPUERTO,LAS PALMAS,25,"21,0","0,0","17,4",23:54,"24,7",14:15,99,"3,1","7,8",Varias,"6,6","1021,2",Varias,"1018,4",03,43,74,Varias,26,12:34,Fuerteventura
2022-02-11,C249I,FUERTEVENTURA AEROPUERTO,LAS PALMAS,25,"20,4","0,0","15,6",07:16,"25,1",10:50,99,"2,5","7,2",Varias,"4,7","1021,1",Varias,"1018,1",16,61,74,16:49,25,10:48,Fuerteventura
2022-02-12,C249I,FUERTEVENTURA AEROPUERTO,LAS PALMAS,25,"18,6","0,0","15,2",07:10,"22,0",13:43,99,"4,2","7,8",Varias,"9,9","1019,9",Varias,"1017,6",16,70,82,Varias,43,10:39,Fuerteventura
2022-02-13,C249I,FUERTEVENTURA AEROPUERTO,LAS PALMAS,25,"18,2","0,0","15,0",04:37,"21,4",13:35,05,"5,0","8,9",13:41,"9,8","1021,0",Varias,"1017,2",16,72,83,Varias,61,12:27,Fuerteventura
2022-02-14,C249I,FUERTEVENTURA AEROPUERTO,LAS PALMAS,25,"18,6","0,0","15,8",Varias,"21,4",13:16,04,"5,0","10,3",Varias,"4,9","1022,1",Varias,"1019,2",04,73,83,Varias,63,13:38,Fuerteventura
2022-02-15,C249I,FUERTEVENTURA AEROPUERTO,LAS PALMAS,25,"19,0","0,0","16,6",03:30,"21,3",13:13,04,"10,0","15,0",19:43,"6,9","1023,4",Varias,"1020,8",16,64,76,Varias,51,13:01,Fuerteventura
2022-02-16,C249I,FUERTEVENTURA AEROPUERTO,LAS PALMAS,25,"18,8","0,0","16,8",01:26,"20,7",13:52,04,"8,3","15,0",00:06,"5,9","1025,5",Varias,"1022,2",04,72,87,Varias,64,01:21,Fuerteventura
2022-02-17,C249I,FUERTEVENTURA AEROPUERTO,LAS PALMAS,25,"18,3","0,0","16,0",06:11,"20,6",14:07,99,"4,7","8,3",Varias,"7,8","1023,8",00,"1018,5",20,80,89,Varias,70,14:58,Fuerteventura
2022-02-18,C249I,FUERTEVENTURA AEROPUERTO,LAS PALMAS,25,"17,6","0,0","14,1",07:49,"21,0",13:52,99,"5,8","9,7",Varias,"10,0","1019,8",Varias,"1017,0",16,69,85,01:00,58,14:12,Fuerteventura
2022-02-19,C249I,FUERTEVENTURA AEROPUERTO,LAS PALMAS,25,"18,2","0,8","15,4",04:36,"21,1",14:41,03,"6,9","17,5",19:54,"4,4","1021,2",Varias,"1017,1",04,75,88,Varias,60,14:44,Fuerteventura
2022-02-20,C249I,FUERTEVENTURA AEROPUERTO,LAS PALMAS,25,"17,6","0,8","13,6",23:54,"21,5",13:21,99,"6,1","13,9",Varias,"7,7","1021,1",00,"1017,0",17,52,86,18:35,35,13:01,Fuerteventura
2022-02-21,C249I,FUERTEVENTURA AEROPUERTO,LAS PALMAS,25,"15,2","0,0","11,1",06:58,"19,3",14:54,99,"3,9","7,2",Varias,"10,0","1018,9",Varias,"1015,5",17,66,86,08:01,53,16:51,Fuerteventura
2022-02-22,C249I,FUERTEVENTURA AEROPUERTO,LAS PALMAS,25,"17,6","0,1","13,5",00:06,"21,8",15:06,30,"3,9","7,2",03:52,"8,3","1016,2",00,"1009,4",17,76,80,12:10,54,01:32,Fuerteventura
2022-02-23,C249I,FUERTEVENTURA AEROPUERTO,LAS PALMAS,25,"19,6","1,9","16,6",07:15,"22,5",15:43,99,"4,4","11,4",Varias,"4,0","1015,0",Varias,"1010,2",04,74,87,Varias,45,17:03,Fuerteventura
2022-02-24,C249I,FUERTEVENTURA AEROPUERTO,LAS PALMAS,25,"18,9","0,0","15,9",07:34,"21,9",12:37,99,"6,1","9,7",Varias,"9,9","1014,3",Varias,"1011,2",04,72,86,Varias,57,17:51,Fuerteventura
2022-02-25,C249I,FUERTEVENTURA AEROPUERTO,LAS PALMAS,25,"19,2","0,0","15,3",06:30,"23,0",16:46,33,"5,8","13,3",03:59,"7,5","1014,0",Varias,"1010,8",16,68,82,Varias,51,16:34,Fuerteventura
2022-02-26,C249I,FUERTEVENTURA AEROPUERTO,LAS PALMAS,25,"18,0","1,4","14,4",06:47,"21,7",15:46,99,"5,6","13,3",Varias,"4,4","1014,5",Varias,"1010,7",05,73,84,10:46,55,15:52,Fuerteventura
2022-02-27,C249I,FUERTEVENTURA AEROPUERTO,LAS PALMAS,25,"18,4","0,1","16,3",04:11,"20,6",15:13,02,"10,6","17,5",12:51,"0,4","1016,9",Varias,"1013,0",05,68,85,00:15,60,19:27,Fuerteventura
2022-02-28,C249I,FUERTEVENTURA AEROPUERTO,LAS PALMAS,25,"19,2","0,0","16,3",05:44,"22,0",15:30,99,"10,0","15,3",Varias,"6,4","1018,5",Varias,"1015,5",15,64,71,23:57,54,16:27,Fuerteventura
2022-03-01,C249I,FUERTEVENTURA AEROPUERTO,LAS PALMAS,25,"19,6","0,0","16,8",07:28,"22,4",13:34,01,"8,3","14,4",09:43,"10,4","1021,3",Varias,"1017,4",04,70,78,Varias,57,13:20,Fuerteventura
2022-03-02,C249I,FUERTEVENTURA AEROPUERTO,LAS PALMAS,25,"18,6","0,0","15,5",06:17,"21,6",13:41,99,"8,3","11,7",Varias,"9,4","1023,0",Varias,"1020,1",05,69,81,02:17,57,13:17,Fuerteventura
2022-03-03,C249I,FUERTEVENTURA AEROPUERTO,LAS PALMAS,25,"18,6","0,1","15,6",07:20,"21,6",13:46,99,"7,8","12,8",Varias,"9,2","1023,0",Varias,"1020,1",16,67,79,Varias,58,11:37,Fuerteventura
2022-03-04,C249I,FUERTEVENTURA AEROPUERTO,LAS PALMAS,25,"19,0","0,0","16,9",Varias,"21,2",14:56,02,"9,7","16,9",22:00,"2,5","1021,6",00,"1018,1",17,64,87,05:47,49,14:57,Fuerteventura
2022-03-05,C249I,FUERTEVENTURA AEROPUERTO,LAS PALMAS,25,"19,0","0,0","16,3",23:58,"21,6",13:45,03,"10,8","18,6",10:40,"7,3","1018,9",00,"1015,4",17,58,72,Varias,48,13:34,Fuerteventura
2022-03-06,C249I,FUERTEVENTURA AEROPUERTO,LAS PALMAS,25,"19,2",Ip,"15,8",01:26,"22,7",14:24,34,"7,5","16,1",11:57,"6,9","1017,6",00,"1013,0",17,54,86,Varias,43,16:11,Fuerteventura
2022-03-07,C249I,FUERTEVENTURA AEROPUERTO,LAS PALMAS,25,"18,4","0,0","14,5",05:55,"22,2",14:09,03,"6,4","12,5",13:45,"10,0","1017,9",Varias,"1013,3",05,56,77,00:00,40,14:11,Fuerteventura
2022-03-08,C249I,FUERTEVENTURA AEROPUERTO,LAS PALMAS,25,"18,6","0,0","15,9",05:25,"21,3",12:59,02,"6,1","10,8",04:22,"9,2","1018,4",Varias,"1015,6",17,60,75,Varias,51,13:01,Fuerteventura
2022-03-09,C249I,FUERTEVENTURA AEROPUERTO,LAS PALMAS,25,"18,6","0,0","16,0",23:57,"21,1",14:55,35,"5,0","8,9",20:52,"9,2","1018,2",Varias,"1014,9",05,72,79,Varias,60,20:33,Fuerteventura
2022-03-10,C249I,FUERTEVENTURA AEROPUERTO,LAS PALMAS,25,"17,5","0,0","14,7",06:04,"20,3",12:29,99,"5,3","9,2",22:25,"8,3","1019,0",Varias,"1016,0",17,64,72,21:55,56,14:30,Fuerteventura
2022-03-11,C249I,FUERTEVENTURA AEROPUERTO,LAS PALMAS,25,"17,6","0,0","14,4",07:23,"20,9",15:12,04,"5,3","12,5",15:23,"8,8","1019,5",Varias,"1016,8",05,68,74,07:15,60,12:55,Fuerteventura
2022-03-12,C249I,FUERTEVENTURA AEROPUERTO,LAS PALMAS,25,"19,6","0,0","14,9",07:15,"24,4",14:57,03,"5,6","12,8",15:06,"8,8","1019,1",00,"1016,1",15,65,83,07:29,47,14:57,Fuerteventura
2022-03-13,C249I,FUERTEVENTURA AEROPUERTO,LAS PALMAS,25,"19,2","0,4","16,0",03:48,"22,5",14:26,99,"5,6","11,4",Varias,"4,5","1017,7",00,"1012,5",24,65,82,23:41,54,14:35,Fuerteventura
2022-03-14,C249I,FUERTEVENTURA AEROPUERTO,LAS PALMAS,25,"14,5","7,9","10,2",20:45,"18,8",12:51,31,"8,3","21,1",15:52,"4,7","1012,5",00,"1007,1",16,63,93,20:52,44,12:24,Fuerteventura
2022-03-15,C249I,FUERTEVENTURA AEROPUERTO,LAS PALMAS,25,"16,6","1,2","11,8",00:42,"21,3",14:01,99,"10,6","17,5",Varias,"7,4","1015,0",Varias,"1007,1",05,59,78,01:41,46,17:54,Fuerteventura
2022-03-16,C249I,FUERTEVENTURA AEROPUERTO,LAS PALMAS,25,"19,0","0,0","15,2",03:35,"22,8",14:56,34,"8,3","16,4",12:40,"6,7","1018,1",Varias,"1013,6",04,67,80,Varias,49,14:23,Fuerteventura
2022-03-17,C249I,FUERTEVENTURA AEROPUERTO,LAS PALMAS,25,"18,8","0,0","15,6",23:30,"22,1",14:33,34,"9,2","14,4",15:17,"5,9","1018,2",Varias,"1015,1",17,66,80,Varias,50,15:01,Fuerteventura
2022-03-18,C249I,FUERTEVENTURA AEROPUERTO,LAS PALMAS,25,"18,6","0,0","15,6",00:00,"21,6",17:26,02,"6,4","11,4",17:36,,"1016,1",00,"1012,9",16,64,78,Varias,53,17:21,Fuerteventura
2022-03-19,C249I,FUERTEVENTURA AEROPUERTO,LAS PALMAS,25,"18,2","0,0","15,7",03:12,"20,6",15:42,34,"5,0","9,2",Varias,"6,3","1014,8",00,"1011,8",16,72,80,Varias,65,Varias,Fuerteventura
2022-03-20,C249I,FUERTEVENTURA AEROPUERTO,LAS PALMAS,25,"18,7","0,0","15,1",06:05,"22,3",15:19,33,"5,6","11,7",17:14,"7,5","1017,1",Varias,"1012,8",04,52,79,Varias,30,14:52,Fuerteventura
2022-03-21,C249I,FUERTEVENTURA AEROPUERTO,LAS PALMAS,25,"17,6","0,0","14,3",05:54,"20,9",16:03,99,"5,3","9,7",Varias,"9,5","1017,4",Varias,"1015,3",05,65,74,Varias,54,19:01,Fuerteventura
2022-03-22,C249I,FUERTEVENTURA AEROPUERTO,LAS PALMAS,25,"18,1","0,0","14,3",06:48,"21,9",16:15,03,"5,8","11,4",14:03,"8,0","1017,3",00,"1014,1",16,63,76,Varias,49,16:20,Fuerteventura
2022-03-23,C249I,FUERTEVENTURA AEROPUERTO,LAS PALMAS,25,"18,2","0,1","14,4",04:16,"22,1",15:36,35,"7,5","14,4",12:22,"4,4","1016,1",00,"1012,8",16,65,83,Varias,45,15:21,Fuerteventura
2022-03-24,C249I,FUERTEVENTURA AEROPUERTO,LAS PALMAS,25,"18,3","0,0","14,7",04:22,"21,9",12:30,33,"7,5","15,0",14:50,"8,6","1013,8",00,"1010,1",17,56,76,04:28,37,12:07,Fuerteventura
2022-03-25,C249I,FUERTEVENTURA AEROPUERTO,LAS PALMAS,25,"20,2","0,0","16,3",23:57,"24,1",14:50,28,"5,6","13,3",16:06,"8,2","1011,8",Varias,"1009,4",17,59,76,01:21,43,14:55,Fuerteventura
2022-03-26,C249I,FUERTEVENTURA AEROPUERTO,LAS PALMAS,25,"17,0","0,0","13,2",06:32,"20,8",14:55,15,"4,2","8,3",15:19,"11,4","1011,1",00,"1006,9",18,74,84,07:13,65,14:48,Fuerteventura
2022-03-27,C249I,FUERTEVENTURA AEROPUERTO,LAS PALMAS,25,"20,2","0,0","15,5",07:18,"24,9",12:55,26,"5,3","15,3",15:57,"5,6","1008,8",24,"1004,7",04,65,86,Varias,52,17:03,Fuerteventura
2022-03-28,C249I,FUERTEVENTURA AEROPUERTO,LAS PALMAS,25,"19,6","1,0","15,4",06:50,"23,8",12:18,20,"8,6","21,1",15:04,"4,7","1009,5",Varias,"1005,7",17,74,86,Varias,49,12:13,Fuerteventura
2022-03-29,C249I,FUERTEVENTURA AEROPUERTO,LAS PALMAS,25,"20,2","0,0","16,3",06:40,"24,1",14:11,35,"6,4","12,8",10:39,"9,0","1013,0",Varias,"1007,3",03,62,88,01:17,44,13:35,Fuerteventura
